2026-08-31 10:44:56,256 - MMSA [INFO] - Using device: cuda:0
2026-08-31 10:44:56,256 - MMSA [INFO] - Model switches: use_ccdr=True, use_lfa_aux=True, use_specific_aux=True
2026-08-31 10:44:56,477 - MMSA [INFO] - train samples: (1284,)
2026-08-31 10:44:56,709 - MMSA [INFO] - valid samples: (229,)
2026-08-31 10:44:56,935 - MMSA [INFO] - test samples: (686,)
2026-08-31 10:45:19,272 - MMSA [INFO] - >> Epoch: 1 TRAIN -(DLF) [1/1/1] >> total_loss: 12.8255  acc_7: 0.1924  acc_5: 0.1924  acc_2: 0.4785  F1_score: 0.4782  Corr: -0.0408  MAE: 1.3520 
2026-08-31 10:45:20,528 - MMSA [INFO] - VAL-(DLF) >>  acc_7: 0.2140  acc_5: 0.2140  acc_2: 0.5741  F1_score: 0.4187  Corr: 0.2777  MAE: 1.4029  Loss: 1.4119 
2026-08-31 10:45:23,811 - MMSA [INFO] - TEST-(DLF) >>  acc_7: 0.1545  acc_5: 0.1545  acc_2: 0.4223  F1_score: 0.2507  Corr: 0.3496  MAE: 1.4657  Loss: 1.4647 
2026-08-31 10:45:45,055 - MMSA [INFO] - >> Epoch: 2 TRAIN -(DLF) [1/2/1] >> total_loss: 10.9221  acc_7: 0.2025  acc_5: 0.2025  acc_2: 0.5784  F1_score: 0.4578  Corr: 0.4061  MAE: 1.2599 
2026-08-31 10:45:46,502 - MMSA [INFO] - VAL-(DLF) >>  acc_7: 0.2664  acc_5: 0.2664  acc_2: 0.7731  F1_score: 0.7628  Corr: 0.6996  MAE: 1.2384  Loss: 1.2212 
2026-08-31 10:45:50,529 - MMSA [INFO] - TEST-(DLF) >>  acc_7: 0.1808  acc_5: 0.1808  acc_2: 0.6585  F1_score: 0.6459  Corr: 0.7030  MAE: 1.3043  Loss: 1.3040 
2026-08-31 10:46:12,725 - MMSA [INFO] - >> Epoch: 3 TRAIN -(DLF) [1/3/1] >> total_loss: 9.111  acc_7: 0.2352  acc_5: 0.2352  acc_2: 0.7335  F1_score: 0.7173  Corr: 0.7011  MAE: 1.1357 
2026-08-31 10:46:14,067 - MMSA [INFO] - VAL-(DLF) >>  acc_7: 0.2795  acc_5: 0.2795  acc_2: 0.8287  F1_score: 0.8273  Corr: 0.7055  MAE: 1.1384  Loss: 1.1626 
2026-08-31 10:46:17,438 - MMSA [INFO] - TEST-(DLF) >>  acc_7: 0.2216  acc_5: 0.2216  acc_2: 0.8064  F1_score: 0.8074  Corr: 0.7184  MAE: 1.1917  Loss: 1.1917 
2026-08-31 10:46:39,929 - MMSA [INFO] - >> Epoch: 4 TRAIN -(DLF) [1/4/1] >> total_loss: 8.2431  acc_7: 0.2741  acc_5: 0.2741  acc_2: 0.8562  F1_score: 0.8546  Corr: 0.7853  MAE: 0.9859 
2026-08-31 10:46:41,340 - MMSA [INFO] - VAL-(DLF) >>  acc_7: 0.3013  acc_5: 0.3013  acc_2: 0.8333  F1_score: 0.8309  Corr: 0.7004  MAE: 1.0340  Loss: 1.0376 
2026-08-31 10:46:44,805 - MMSA [INFO] - TEST-(DLF) >>  acc_7: 0.2230  acc_5: 0.2230  acc_2: 0.8110  F1_score: 0.8121  Corr: 0.7272  MAE: 1.1051  Loss: 1.1050 
2026-08-31 10:47:07,386 - MMSA [INFO] - >> Epoch: 5 TRAIN -(DLF) [1/5/1] >> total_loss: 7.3815  acc_7: 0.3139  acc_5: 0.3139  acc_2: 0.8993  F1_score: 0.8991  Corr: 0.8374  MAE: 0.8327 
2026-08-31 10:47:08,764 - MMSA [INFO] - VAL-(DLF) >>  acc_7: 0.3188  acc_5: 0.3231  acc_2: 0.8380  F1_score: 0.8384  Corr: 0.7405  MAE: 0.9232  Loss: 0.9252 
2026-08-31 10:47:12,474 - MMSA [INFO] - TEST-(DLF) >>  acc_7: 0.3178  acc_5: 0.3251  acc_2: 0.8415  F1_score: 0.8414  Corr: 0.7531  MAE: 0.9106  Loss: 0.9106 
2026-08-31 10:47:36,036 - MMSA [INFO] - >> Epoch: 6 TRAIN -(DLF) [1/6/1] >> total_loss: 6.6617  acc_7: 0.4042  acc_5: 0.4058  acc_2: 0.9269  F1_score: 0.9269  Corr: 0.8704  MAE: 0.6836 
2026-08-31 10:47:37,544 - MMSA [INFO] - VAL-(DLF) >>  acc_7: 0.3712  acc_5: 0.4410  acc_2: 0.8472  F1_score: 0.8480  Corr: 0.7648  MAE: 0.8576  Loss: 0.8597 
2026-08-31 10:47:41,476 - MMSA [INFO] - TEST-(DLF) >>  acc_7: 0.3717  acc_5: 0.3950  acc_2: 0.8445  F1_score: 0.8434  Corr: 0.7584  MAE: 0.8395  Loss: 0.8396 
2026-08-31 10:48:04,598 - MMSA [INFO] - >> Epoch: 7 TRAIN -(DLF) [1/7/1] >> total_loss: 6.0608  acc_7: 0.4634  acc_5: 0.4868  acc_2: 0.9407  F1_score: 0.9406  Corr: 0.8981  MAE: 0.5661 
2026-08-31 10:48:05,928 - MMSA [INFO] - VAL-(DLF) >>  acc_7: 0.3537  acc_5: 0.4629  acc_2: 0.8519  F1_score: 0.8527  Corr: 0.7714  MAE: 0.8321  Loss: 0.8125 
2026-08-31 10:48:09,524 - MMSA [INFO] - TEST-(DLF) >>  acc_7: 0.4402  acc_5: 0.5160  acc_2: 0.8491  F1_score: 0.8468  Corr: 0.7630  MAE: 0.7681  Loss: 0.7680 
2026-08-31 10:48:32,499 - MMSA [INFO] - >> Epoch: 8 TRAIN -(DLF) [1/8/1] >> total_loss: 5.6461  acc_7: 0.5662  acc_5: 0.5989  acc_2: 0.9456  F1_score: 0.9456  Corr: 0.9207  MAE: 0.4593 
2026-08-31 10:48:33,917 - MMSA [INFO] - VAL-(DLF) >>  acc_7: 0.4541  acc_5: 0.5633  acc_2: 0.8519  F1_score: 0.8520  Corr: 0.7759  MAE: 0.7681  Loss: 0.7826 
2026-08-31 10:48:37,413 - MMSA [INFO] - TEST-(DLF) >>  acc_7: 0.4446  acc_5: 0.5146  acc_2: 0.8506  F1_score: 0.8504  Corr: 0.7726  MAE: 0.7820  Loss: 0.7831 
2026-08-31 10:49:00,461 - MMSA [INFO] - >> Epoch: 9 TRAIN -(DLF) [1/9/1] >> total_loss: 5.2774  acc_7: 0.5927  acc_5: 0.6402  acc_2: 0.9407  F1_score: 0.9407  Corr: 0.9304  MAE: 0.4236 
2026-08-31 10:49:01,804 - MMSA [INFO] - VAL-(DLF) >>  acc_7: 0.4323  acc_5: 0.5502  acc_2: 0.8611  F1_score: 0.8611  Corr: 0.7877  MAE: 0.7636  Loss: 0.7518 
2026-08-31 10:49:05,391 - MMSA [INFO] - TEST-(DLF) >>  acc_7: 0.4373  acc_5: 0.5058  acc_2: 0.8415  F1_score: 0.8416  Corr: 0.7671  MAE: 0.8052  Loss: 0.8056 
2026-08-31 10:49:28,185 - MMSA [INFO] - >> Epoch: 10 TRAIN -(DLF) [1/10/1] >> total_loss: 5.0236  acc_7: 0.6526  acc_5: 0.7017  acc_2: 0.9561  F1_score: 0.9561  Corr: 0.9461  MAE: 0.3751 
2026-08-31 10:49:29,586 - MMSA [INFO] - VAL-(DLF) >>  acc_7: 0.4236  acc_5: 0.5415  acc_2: 0.8611  F1_score: 0.8616  Corr: 0.7946  MAE: 0.7575  Loss: 0.7425 
2026-08-31 10:49:33,298 - MMSA [INFO] - TEST-(DLF) >>  acc_7: 0.4504  acc_5: 0.5248  acc_2: 0.8445  F1_score: 0.8435  Corr: 0.7716  MAE: 0.7788  Loss: 0.7781 
2026-08-31 10:49:56,816 - MMSA [INFO] - >> Epoch: 11 TRAIN -(DLF) [1/11/1] >> total_loss: 4.6868  acc_7: 0.6908  acc_5: 0.7407  acc_2: 0.9789  F1_score: 0.9789  Corr: 0.9567  MAE: 0.3334 
2026-08-31 10:49:58,231 - MMSA [INFO] - VAL-(DLF) >>  acc_7: 0.4061  acc_5: 0.5284  acc_2: 0.8704  F1_score: 0.8709  Corr: 0.7942  MAE: 0.7744  Loss: 0.7637 
2026-08-31 10:50:01,825 - MMSA [INFO] - TEST-(DLF) >>  acc_7: 0.4286  acc_5: 0.5102  acc_2: 0.8460  F1_score: 0.8454  Corr: 0.7718  MAE: 0.7891  Loss: 0.7908 
2026-08-31 10:50:24,183 - MMSA [INFO] - >> Epoch: 12 TRAIN -(DLF) [2/12/1] >> total_loss: 4.4521  acc_7: 0.7134  acc_5: 0.7640  acc_2: 0.9708  F1_score: 0.9708  Corr: 0.9586  MAE: 0.3251 
2026-08-31 10:50:25,663 - MMSA [INFO] - VAL-(DLF) >>  acc_7: 0.4323  acc_5: 0.5502  acc_2: 0.8565  F1_score: 0.8570  Corr: 0.8048  MAE: 0.7479  Loss: 0.7306 
2026-08-31 10:50:29,287 - MMSA [INFO] - TEST-(DLF) >>  acc_7: 0.4446  acc_5: 0.5219  acc_2: 0.8399  F1_score: 0.8396  Corr: 0.7753  MAE: 0.7764  Loss: 0.7762 
2026-08-31 10:50:52,748 - MMSA [INFO] - >> Epoch: 13 TRAIN -(DLF) [1/13/1] >> total_loss: 4.2873  acc_7: 0.7305  acc_5: 0.7866  acc_2: 0.9748  F1_score: 0.9748  Corr: 0.9658  MAE: 0.3000 
2026-08-31 10:50:54,174 - MMSA [INFO] - VAL-(DLF) >>  acc_7: 0.4236  acc_5: 0.5284  acc_2: 0.8657  F1_score: 0.8661  Corr: 0.8049  MAE: 0.7192  Loss: 0.6893 
2026-08-31 10:50:57,660 - MMSA [INFO] - TEST-(DLF) >>  acc_7: 0.4402  acc_5: 0.5029  acc_2: 0.8445  F1_score: 0.8438  Corr: 0.7824  MAE: 0.7357  Loss: 0.7356 
2026-08-31 10:51:20,850 - MMSA [INFO] - >> Epoch: 14 TRAIN -(DLF) [1/14/1] >> total_loss: 4.2221  acc_7: 0.7391  acc_5: 0.7913  acc_2: 0.9683  F1_score: 0.9683  Corr: 0.9682  MAE: 0.2898 
2026-08-31 10:51:22,250 - MMSA [INFO] - VAL-(DLF) >>  acc_7: 0.4323  acc_5: 0.5415  acc_2: 0.8519  F1_score: 0.8511  Corr: 0.8016  MAE: 0.7153  Loss: 0.7067 
2026-08-31 10:51:25,909 - MMSA [INFO] - TEST-(DLF) >>  acc_7: 0.4359  acc_5: 0.4956  acc_2: 0.8262  F1_score: 0.8271  Corr: 0.7727  MAE: 0.7809  Loss: 0.7808 
2026-08-31 10:51:48,333 - MMSA [INFO] - >> Epoch: 15 TRAIN -(DLF) [2/15/1] >> total_loss: 4.0959  acc_7: 0.7298  acc_5: 0.7850  acc_2: 0.9626  F1_score: 0.9626  Corr: 0.9708  MAE: 0.2815 
2026-08-31 10:51:49,804 - MMSA [INFO] - VAL-(DLF) >>  acc_7: 0.4061  acc_5: 0.5066  acc_2: 0.8472  F1_score: 0.8469  Corr: 0.7993  MAE: 0.7436  Loss: 0.7680 
2026-08-31 10:51:53,369 - MMSA [INFO] - TEST-(DLF) >>  acc_7: 0.4300  acc_5: 0.4767  acc_2: 0.8354  F1_score: 0.8354  Corr: 0.7731  MAE: 0.7740  Loss: 0.7734 
2026-08-31 10:52:16,034 - MMSA [INFO] - >> Epoch: 16 TRAIN -(DLF) [3/16/1] >> total_loss: 4.0548  acc_7: 0.7212  acc_5: 0.7741  acc_2: 0.9634  F1_score: 0.9635  Corr: 0.9706  MAE: 0.2880 
2026-08-31 10:52:17,409 - MMSA [INFO] - VAL-(DLF) >>  acc_7: 0.4454  acc_5: 0.5328  acc_2: 0.8519  F1_score: 0.8501  Corr: 0.8010  MAE: 0.7347  Loss: 0.7287 
2026-08-31 10:52:21,026 - MMSA [INFO] - TEST-(DLF) >>  acc_7: 0.4052  acc_5: 0.4796  acc_2: 0.8140  F1_score: 0.8151  Corr: 0.7692  MAE: 0.8249  Loss: 0.8261 
2026-08-31 10:52:43,406 - MMSA [INFO] - >> Epoch: 17 TRAIN -(DLF) [4/17/1] >> total_loss: 3.9221  acc_7: 0.7251  acc_5: 0.7858  acc_2: 0.9634  F1_score: 0.9634  Corr: 0.9729  MAE: 0.2766 
2026-08-31 10:52:44,868 - MMSA [INFO] - VAL-(DLF) >>  acc_7: 0.4236  acc_5: 0.5197  acc_2: 0.8426  F1_score: 0.8428  Corr: 0.7992  MAE: 0.7315  Loss: 0.7450 
2026-08-31 10:52:48,433 - MMSA [INFO] - TEST-(DLF) >>  acc_7: 0.4359  acc_5: 0.4985  acc_2: 0.8415  F1_score: 0.8412  Corr: 0.7825  MAE: 0.7495  Loss: 0.7497 
2026-08-31 10:53:10,807 - MMSA [INFO] - >> Epoch: 18 TRAIN -(DLF) [5/18/1] >> total_loss: 3.7591  acc_7: 0.7469  acc_5: 0.8053  acc_2: 0.9756  F1_score: 0.9756  Corr: 0.9766  MAE: 0.2564 
2026-08-31 10:53:12,274 - MMSA [INFO] - VAL-(DLF) >>  acc_7: 0.4061  acc_5: 0.5153  acc_2: 0.8380  F1_score: 0.8373  Corr: 0.8042  MAE: 0.7172  Loss: 0.6964 
2026-08-31 10:53:15,955 - MMSA [INFO] - TEST-(DLF) >>  acc_7: 0.4213  acc_5: 0.5015  acc_2: 0.8262  F1_score: 0.8265  Corr: 0.7816  MAE: 0.7630  Loss: 0.7632 
2026-08-31 10:53:38,363 - MMSA [INFO] - >> Epoch: 19 TRAIN -(DLF) [6/19/1] >> total_loss: 3.7085  acc_7: 0.7391  acc_5: 0.8014  acc_2: 0.9764  F1_score: 0.9764  Corr: 0.9772  MAE: 0.2513 
2026-08-31 10:53:39,825 - MMSA [INFO] - VAL-(DLF) >>  acc_7: 0.4105  acc_5: 0.5109  acc_2: 0.8611  F1_score: 0.8615  Corr: 0.8057  MAE: 0.7128  Loss: 0.7221 
2026-08-31 10:53:43,471 - MMSA [INFO] - TEST-(DLF) >>  acc_7: 0.4490  acc_5: 0.5058  acc_2: 0.8399  F1_score: 0.8391  Corr: 0.7869  MAE: 0.7200  Loss: 0.7211 
2026-08-31 10:54:05,814 - MMSA [INFO] - >> Epoch: 20 TRAIN -(DLF) [7/20/1] >> total_loss: 3.4807  acc_7: 0.7850  acc_5: 0.8411  acc_2: 0.9838  F1_score: 0.9838  Corr: 0.9807  MAE: 0.2277 
2026-08-31 10:54:07,208 - MMSA [INFO] - VAL-(DLF) >>  acc_7: 0.4017  acc_5: 0.5022  acc_2: 0.8704  F1_score: 0.8707  Corr: 0.8080  MAE: 0.7054  Loss: 0.6872 
2026-08-31 10:54:10,848 - MMSA [INFO] - TEST-(DLF) >>  acc_7: 0.4431  acc_5: 0.4985  acc_2: 0.8491  F1_score: 0.8480  Corr: 0.7888  MAE: 0.7347  Loss: 0.7346 
2026-08-31 10:54:34,260 - MMSA [INFO] - >> Epoch: 21 TRAIN -(DLF) [1/21/1] >> total_loss: 3.4374  acc_7: 0.7734  acc_5: 0.8318  acc_2: 0.9829  F1_score: 0.9829  Corr: 0.9817  MAE: 0.2253 
2026-08-31 10:54:35,692 - MMSA [INFO] - VAL-(DLF) >>  acc_7: 0.4105  acc_5: 0.5066  acc_2: 0.8704  F1_score: 0.8709  Corr: 0.8109  MAE: 0.7107  Loss: 0.6938 
2026-08-31 10:54:39,334 - MMSA [INFO] - TEST-(DLF) >>  acc_7: 0.4650  acc_5: 0.5335  acc_2: 0.8521  F1_score: 0.8508  Corr: 0.7898  MAE: 0.7342  Loss: 0.7337 
2026-08-31 10:55:01,695 - MMSA [INFO] - >> Epoch: 22 TRAIN -(DLF) [2/22/1] >> total_loss: 3.2991  acc_7: 0.7998  acc_5: 0.8598  acc_2: 0.9854  F1_score: 0.9854  Corr: 0.9849  MAE: 0.2020 
2026-08-31 10:55:03,109 - MMSA [INFO] - VAL-(DLF) >>  acc_7: 0.4323  acc_5: 0.5415  acc_2: 0.8704  F1_score: 0.8707  Corr: 0.8126  MAE: 0.7049  Loss: 0.6884 
2026-08-31 10:55:06,820 - MMSA [INFO] - TEST-(DLF) >>  acc_7: 0.4373  acc_5: 0.5248  acc_2: 0.8476  F1_score: 0.8464  Corr: 0.7863  MAE: 0.7464  Loss: 0.7475 
2026-08-31 10:55:29,232 - MMSA [INFO] - >> Epoch: 23 TRAIN -(DLF) [3/23/1] >> total_loss: 3.2856  acc_7: 0.7998  acc_5: 0.8575  acc_2: 0.9878  F1_score: 0.9878  Corr: 0.9840  MAE: 0.2062 
2026-08-31 10:55:30,665 - MMSA [INFO] - VAL-(DLF) >>  acc_7: 0.4803  acc_5: 0.5677  acc_2: 0.8750  F1_score: 0.8751  Corr: 0.8149  MAE: 0.6825  Loss: 0.7049 
2026-08-31 10:55:34,413 - MMSA [INFO] - TEST-(DLF) >>  acc_7: 0.4359  acc_5: 0.4985  acc_2: 0.8460  F1_score: 0.8451  Corr: 0.7856  MAE: 0.7426  Loss: 0.7424 
2026-08-31 10:55:57,240 - MMSA [INFO] - >> Epoch: 24 TRAIN -(DLF) [4/24/1] >> total_loss: 3.2331  acc_7: 0.8061  acc_5: 0.8637  acc_2: 0.9829  F1_score: 0.9829  Corr: 0.9860  MAE: 0.1958 
2026-08-31 10:55:58,682 - MMSA [INFO] - VAL-(DLF) >>  acc_7: 0.4672  acc_5: 0.5546  acc_2: 0.8750  F1_score: 0.8752  Corr: 0.8122  MAE: 0.6858  Loss: 0.7005 
2026-08-31 10:56:02,159 - MMSA [INFO] - TEST-(DLF) >>  acc_7: 0.4475  acc_5: 0.5058  acc_2: 0.8491  F1_score: 0.8483  Corr: 0.7838  MAE: 0.7407  Loss: 0.7406 
2026-08-31 10:56:24,448 - MMSA [INFO] - >> Epoch: 25 TRAIN -(DLF) [5/25/1] >> total_loss: 3.228  acc_7: 0.7882  acc_5: 0.8450  acc_2: 0.9846  F1_score: 0.9846  Corr: 0.9860  MAE: 0.1970 
2026-08-31 10:56:25,864 - MMSA [INFO] - VAL-(DLF) >>  acc_7: 0.4279  acc_5: 0.5328  acc_2: 0.8657  F1_score: 0.8661  Corr: 0.8116  MAE: 0.6965  Loss: 0.6824 
2026-08-31 10:56:29,447 - MMSA [INFO] - TEST-(DLF) >>  acc_7: 0.4519  acc_5: 0.5160  acc_2: 0.8491  F1_score: 0.8479  Corr: 0.7853  MAE: 0.7294  Loss: 0.7289 
2026-08-31 10:56:52,836 - MMSA [INFO] - >> Epoch: 26 TRAIN -(DLF) [1/26/1] >> total_loss: 3.1618  acc_7: 0.8084  acc_5: 0.8645  acc_2: 0.9870  F1_score: 0.9870  Corr: 0.9871  MAE: 0.1889 
2026-08-31 10:56:54,284 - MMSA [INFO] - VAL-(DLF) >>  acc_7: 0.4323  acc_5: 0.5328  acc_2: 0.8611  F1_score: 0.8615  Corr: 0.8145  MAE: 0.6989  Loss: 0.7093 
2026-08-31 10:56:57,878 - MMSA [INFO] - TEST-(DLF) >>  acc_7: 0.4563  acc_5: 0.5233  acc_2: 0.8491  F1_score: 0.8478  Corr: 0.7858  MAE: 0.7337  Loss: 0.7337 
2026-08-31 10:57:20,366 - MMSA [INFO] - >> Epoch: 27 TRAIN -(DLF) [2/27/1] >> total_loss: 3.1272  acc_7: 0.8201  acc_5: 0.8762  acc_2: 0.9911  F1_score: 0.9911  Corr: 0.9878  MAE: 0.1861 
2026-08-31 10:57:21,854 - MMSA [INFO] - VAL-(DLF) >>  acc_7: 0.4192  acc_5: 0.5197  acc_2: 0.8611  F1_score: 0.8616  Corr: 0.8141  MAE: 0.7071  Loss: 0.7038 
2026-08-31 10:57:25,576 - MMSA [INFO] - TEST-(DLF) >>  acc_7: 0.4621  acc_5: 0.5408  acc_2: 0.8506  F1_score: 0.8493  Corr: 0.7866  MAE: 0.7288  Loss: 0.7280 
2026-08-31 10:57:47,640 - MMSA [INFO] - >> Epoch: 28 TRAIN -(DLF) [3/28/1] >> total_loss: 3.1196  acc_7: 0.7858  acc_5: 0.8396  acc_2: 0.9838  F1_score: 0.9838  Corr: 0.9866  MAE: 0.1951 
2026-08-31 10:57:49,083 - MMSA [INFO] - VAL-(DLF) >>  acc_7: 0.4148  acc_5: 0.5109  acc_2: 0.8611  F1_score: 0.8616  Corr: 0.8130  MAE: 0.7073  Loss: 0.6985 
2026-08-31 10:57:52,473 - MMSA [INFO] - TEST-(DLF) >>  acc_7: 0.4723  acc_5: 0.5437  acc_2: 0.8521  F1_score: 0.8511  Corr: 0.7868  MAE: 0.7296  Loss: 0.7297 
2026-08-31 10:58:15,018 - MMSA [INFO] - >> Epoch: 29 TRAIN -(DLF) [4/29/1] >> total_loss: 3.0716  acc_7: 0.8123  acc_5: 0.8684  acc_2: 0.9886  F1_score: 0.9886  Corr: 0.9870  MAE: 0.1882 
2026-08-31 10:58:16,445 - MMSA [INFO] - VAL-(DLF) >>  acc_7: 0.4367  acc_5: 0.5284  acc_2: 0.8519  F1_score: 0.8520  Corr: 0.8129  MAE: 0.6967  Loss: 0.7052 
2026-08-31 10:58:20,082 - MMSA [INFO] - TEST-(DLF) >>  acc_7: 0.4534  acc_5: 0.5233  acc_2: 0.8445  F1_score: 0.8438  Corr: 0.7879  MAE: 0.7378  Loss: 0.7378 
2026-08-31 10:58:42,677 - MMSA [INFO] - >> Epoch: 30 TRAIN -(DLF) [5/30/1] >> total_loss: 3.0355  acc_7: 0.8224  acc_5: 0.8738  acc_2: 0.9870  F1_score: 0.9870  Corr: 0.9886  MAE: 0.1767 
2026-08-31 10:58:44,043 - MMSA [INFO] - VAL-(DLF) >>  acc_7: 0.4498  acc_5: 0.5371  acc_2: 0.8519  F1_score: 0.8520  Corr: 0.8155  MAE: 0.6900  Loss: 0.6736 
2026-08-31 10:58:47,730 - MMSA [INFO] - TEST-(DLF) >>  acc_7: 0.4534  acc_5: 0.5175  acc_2: 0.8460  F1_score: 0.8453  Corr: 0.7872  MAE: 0.7283  Loss: 0.7277 
2026-08-31 10:59:11,269 - MMSA [INFO] - >> Epoch: 31 TRAIN -(DLF) [1/31/1] >> total_loss: 3.0279  acc_7: 0.8162  acc_5: 0.8660  acc_2: 0.9878  F1_score: 0.9878  Corr: 0.9875  MAE: 0.1813 
2026-08-31 10:59:12,756 - MMSA [INFO] - VAL-(DLF) >>  acc_7: 0.4454  acc_5: 0.5415  acc_2: 0.8519  F1_score: 0.8522  Corr: 0.8139  MAE: 0.6912  Loss: 0.7272 
2026-08-31 10:59:16,395 - MMSA [INFO] - TEST-(DLF) >>  acc_7: 0.4621  acc_5: 0.5248  acc_2: 0.8506  F1_score: 0.8495  Corr: 0.7867  MAE: 0.7318  Loss: 0.7312 
2026-08-31 10:59:38,601 - MMSA [INFO] - >> Epoch: 32 TRAIN -(DLF) [2/32/1] >> total_loss: 3.0253  acc_7: 0.7983  acc_5: 0.8505  acc_2: 0.9829  F1_score: 0.9829  Corr: 0.9880  MAE: 0.1820 
2026-08-31 10:59:40,100 - MMSA [INFO] - VAL-(DLF) >>  acc_7: 0.4585  acc_5: 0.5415  acc_2: 0.8426  F1_score: 0.8426  Corr: 0.8142  MAE: 0.6934  Loss: 0.7033 
2026-08-31 10:59:43,729 - MMSA [INFO] - TEST-(DLF) >>  acc_7: 0.4417  acc_5: 0.5102  acc_2: 0.8430  F1_score: 0.8424  Corr: 0.7875  MAE: 0.7410  Loss: 0.7402 
2026-08-31 11:00:06,247 - MMSA [INFO] - >> Epoch: 33 TRAIN -(DLF) [3/33/1] >> total_loss: 3.0076  acc_7: 0.8045  acc_5: 0.8497  acc_2: 0.9789  F1_score: 0.9789  Corr: 0.9876  MAE: 0.1856 
2026-08-31 11:00:07,728 - MMSA [INFO] - VAL-(DLF) >>  acc_7: 0.4672  acc_5: 0.5590  acc_2: 0.8472  F1_score: 0.8469  Corr: 0.8143  MAE: 0.6964  Loss: 0.6808 
2026-08-31 11:00:11,183 - MMSA [INFO] - TEST-(DLF) >>  acc_7: 0.4534  acc_5: 0.5277  acc_2: 0.8338  F1_score: 0.8338  Corr: 0.7879  MAE: 0.7428  Loss: 0.7428 
2026-08-31 11:00:33,657 - MMSA [INFO] - >> Epoch: 34 TRAIN -(DLF) [4/34/1] >> total_loss: 2.9744  acc_7: 0.8185  acc_5: 0.8621  acc_2: 0.9943  F1_score: 0.9943  Corr: 0.9894  MAE: 0.1709 
2026-08-31 11:00:35,051 - MMSA [INFO] - VAL-(DLF) >>  acc_7: 0.4323  acc_5: 0.5284  acc_2: 0.8565  F1_score: 0.8569  Corr: 0.8129  MAE: 0.7063  Loss: 0.6976 
2026-08-31 11:00:38,628 - MMSA [INFO] - TEST-(DLF) >>  acc_7: 0.4504  acc_5: 0.5248  acc_2: 0.8537  F1_score: 0.8525  Corr: 0.7881  MAE: 0.7270  Loss: 0.7268 
2026-08-31 11:01:01,321 - MMSA [INFO] - >> Epoch: 35 TRAIN -(DLF) [5/35/1] >> total_loss: 2.9521  acc_7: 0.8263  acc_5: 0.8754  acc_2: 0.9894  F1_score: 0.9894  Corr: 0.9895  MAE: 0.1727 
2026-08-31 11:01:02,785 - MMSA [INFO] - VAL-(DLF) >>  acc_7: 0.4410  acc_5: 0.5415  acc_2: 0.8519  F1_score: 0.8520  Corr: 0.8122  MAE: 0.7084  Loss: 0.7060 
2026-08-31 11:01:06,386 - MMSA [INFO] - TEST-(DLF) >>  acc_7: 0.4504  acc_5: 0.5306  acc_2: 0.8521  F1_score: 0.8514  Corr: 0.7894  MAE: 0.7382  Loss: 0.7378 
2026-08-31 11:01:29,245 - MMSA [INFO] - >> Epoch: 36 TRAIN -(DLF) [6/36/1] >> total_loss: 2.9059  acc_7: 0.8302  acc_5: 0.8808  acc_2: 0.9870  F1_score: 0.9870  Corr: 0.9892  MAE: 0.1711 
2026-08-31 11:01:30,700 - MMSA [INFO] - VAL-(DLF) >>  acc_7: 0.4236  acc_5: 0.5240  acc_2: 0.8472  F1_score: 0.8473  Corr: 0.8119  MAE: 0.7023  Loss: 0.7136 
2026-08-31 11:01:34,348 - MMSA [INFO] - TEST-(DLF) >>  acc_7: 0.4577  acc_5: 0.5350  acc_2: 0.8445  F1_score: 0.8439  Corr: 0.7887  MAE: 0.7299  Loss: 0.7301 
2026-08-31 11:01:56,451 - MMSA [INFO] - >> Epoch: 37 TRAIN -(DLF) [7/37/1] >> total_loss: 2.8887  acc_7: 0.8178  acc_5: 0.8645  acc_2: 0.9911  F1_score: 0.9911  Corr: 0.9896  MAE: 0.1726 
2026-08-31 11:01:57,828 - MMSA [INFO] - VAL-(DLF) >>  acc_7: 0.4454  acc_5: 0.5371  acc_2: 0.8426  F1_score: 0.8421  Corr: 0.8131  MAE: 0.7006  Loss: 0.6873 
2026-08-31 11:02:01,388 - MMSA [INFO] - TEST-(DLF) >>  acc_7: 0.4446  acc_5: 0.5102  acc_2: 0.8399  F1_score: 0.8399  Corr: 0.7876  MAE: 0.7451  Loss: 0.7446 
2026-08-31 11:02:23,980 - MMSA [INFO] - >> Epoch: 38 TRAIN -(DLF) [8/38/1] >> total_loss: 2.8592  acc_7: 0.8240  acc_5: 0.8777  acc_2: 0.9911  F1_score: 0.9911  Corr: 0.9900  MAE: 0.1678 
2026-08-31 11:02:25,429 - MMSA [INFO] - VAL-(DLF) >>  acc_7: 0.4192  acc_5: 0.5109  acc_2: 0.8472  F1_score: 0.8473  Corr: 0.8138  MAE: 0.7000  Loss: 0.6928 
2026-08-31 11:02:29,076 - MMSA [INFO] - TEST-(DLF) >>  acc_7: 0.4534  acc_5: 0.5204  acc_2: 0.8445  F1_score: 0.8439  Corr: 0.7866  MAE: 0.7322  Loss: 0.7328 
2026-08-31 11:02:51,710 - MMSA [INFO] - >> Epoch: 39 TRAIN -(DLF) [9/39/1] >> total_loss: 2.771  acc_7: 0.8489  acc_5: 0.8894  acc_2: 0.9943  F1_score: 0.9943  Corr: 0.9914  MAE: 0.1512 
2026-08-31 11:02:53,234 - MMSA [INFO] - VAL-(DLF) >>  acc_7: 0.4323  acc_5: 0.5197  acc_2: 0.8519  F1_score: 0.8520  Corr: 0.8130  MAE: 0.7012  Loss: 0.6880 
2026-08-31 11:02:56,874 - MMSA [INFO] - TEST-(DLF) >>  acc_7: 0.4548  acc_5: 0.5233  acc_2: 0.8491  F1_score: 0.8483  Corr: 0.7848  MAE: 0.7348  Loss: 0.7353 
2026-08-31 11:03:19,359 - MMSA [INFO] - >> Epoch: 40 TRAIN -(DLF) [10/40/1] >> total_loss: 2.7803  acc_7: 0.8357  acc_5: 0.8793  acc_2: 0.9903  F1_score: 0.9903  Corr: 0.9908  MAE: 0.1571 
2026-08-31 11:03:20,767 - MMSA [INFO] - VAL-(DLF) >>  acc_7: 0.4454  acc_5: 0.5284  acc_2: 0.8519  F1_score: 0.8520  Corr: 0.8136  MAE: 0.6981  Loss: 0.7100 
2026-08-31 11:03:24,439 - MMSA [INFO] - TEST-(DLF) >>  acc_7: 0.4534  acc_5: 0.5190  acc_2: 0.8415  F1_score: 0.8409  Corr: 0.7842  MAE: 0.7437  Loss: 0.7444 
2026-08-31 11:03:29,388 - MMSA [INFO] - TEST-(DLF) >>  acc_7: 0.4534  acc_5: 0.5175  acc_2: 0.8460  F1_score: 0.8453  Corr: 0.7872  MAE: 0.7283  Loss: 0.7284 
2026-08-31 11:03:30,727 - MMSA [INFO] - Results saved to result/normal/mosi.csv.
2026-09-01 01:18:31,615 - MMSA [INFO] - Using device: cuda:0
2026-09-01 01:18:31,618 - MMSA [INFO] - Model switches: use_ccdr=True, use_lfa_aux=True, use_specific_aux=True
2026-09-01 01:18:32,433 - MMSA [INFO] - train samples: (1284,)
2026-09-01 01:18:32,770 - MMSA [INFO] - valid samples: (229,)
2026-09-01 01:18:33,121 - MMSA [INFO] - test samples: (686,)
2026-09-01 01:18:49,234 - MMSA [INFO] - Using device: cuda:0
2026-09-01 01:18:49,235 - MMSA [INFO] - Model switches: use_ccdr=True, use_lfa_aux=True, use_specific_aux=True
2026-09-01 01:18:49,938 - MMSA [INFO] - train samples: (1284,)
2026-09-01 01:18:50,372 - MMSA [INFO] - valid samples: (229,)
2026-09-01 01:18:50,691 - MMSA [INFO] - test samples: (686,)
2026-09-01 01:18:55,518 - MMSA [INFO] - Optimizer: AdamW, bert_lr=2e-05, other_lr=0.0001, weight_decay=0.005, accumulation_steps=10
2026-09-01 01:19:44,151 - MMSA [INFO] - >> Epoch: 1 TRAIN -(DLF) [1/1/1] >> total_loss: 12.6145  acc_7: 0.1900  acc_5: 0.1900  acc_2: 0.4720  F1_score: 0.4712  Corr: -0.0490  MAE: 1.3613 
2026-09-01 01:19:48,445 - MMSA [INFO] - VAL-(DLF) >>  acc_7: 0.2140  acc_5: 0.2140  acc_2: 0.5741  F1_score: 0.4187  Corr: 0.1049  MAE: 1.4101  Loss: 1.4421 
2026-09-01 01:20:43,798 - MMSA [INFO] - >> Epoch: 2 TRAIN -(DLF) [1/2/1] >> total_loss: 12.1119  acc_7: 0.1846  acc_5: 0.1846  acc_2: 0.5516  F1_score: 0.3922  Corr: 0.0103  MAE: 1.3216 
2026-09-01 01:20:50,569 - MMSA [INFO] - VAL-(DLF) >>  acc_7: 0.2009  acc_5: 0.2009  acc_2: 0.5741  F1_score: 0.4187  Corr: 0.2436  MAE: 1.4045  Loss: 1.4412 
2026-09-01 01:26:56,908 - MMSA [INFO] - >> Epoch: 3 TRAIN -(DLF) [1/3/1] >> total_loss: 11.6047  acc_7: 0.1955  acc_5: 0.1955  acc_2: 0.5516  F1_score: 0.3936  Corr: 0.0907  MAE: 1.3131 
2026-09-01 01:27:00,287 - MMSA [INFO] - VAL-(DLF) >>  acc_7: 0.2489  acc_5: 0.2489  acc_2: 0.5741  F1_score: 0.4187  Corr: 0.5157  MAE: 1.3663  Loss: 1.4005 
2026-09-01 01:27:39,826 - MMSA [INFO] - >> Epoch: 4 TRAIN -(DLF) [1/4/1] >> total_loss: 10.6034  acc_7: 0.2072  acc_5: 0.2072  acc_2: 0.5670  F1_score: 0.4285  Corr: 0.4108  MAE: 1.2645 
2026-09-01 01:27:43,064 - MMSA [INFO] - VAL-(DLF) >>  acc_7: 0.2358  acc_5: 0.2358  acc_2: 0.7546  F1_score: 0.7397  Corr: 0.6632  MAE: 1.2775  Loss: 1.3027 
2026-09-01 01:28:24,447 - MMSA [INFO] - >> Epoch: 5 TRAIN -(DLF) [1/5/1] >> total_loss: 9.7308  acc_7: 0.1947  acc_5: 0.1947  acc_2: 0.7709  F1_score: 0.7667  Corr: 0.6283  MAE: 1.1921 
2026-09-01 01:28:27,432 - MMSA [INFO] - VAL-(DLF) >>  acc_7: 0.2838  acc_5: 0.2838  acc_2: 0.8565  F1_score: 0.8561  Corr: 0.7146  MAE: 1.1533  Loss: 1.1691 
2026-09-01 01:29:22,177 - MMSA [INFO] - >> Epoch: 6 TRAIN -(DLF) [1/6/1] >> total_loss: 8.7893  acc_7: 0.2531  acc_5: 0.2531  acc_2: 0.8473  F1_score: 0.8474  Corr: 0.7224  MAE: 1.0544 
2026-09-01 01:29:25,205 - MMSA [INFO] - VAL-(DLF) >>  acc_7: 0.2795  acc_5: 0.2795  acc_2: 0.8611  F1_score: 0.8604  Corr: 0.7205  MAE: 1.0158  Loss: 1.0330 
2026-09-01 01:30:05,092 - MMSA [INFO] - >> Epoch: 7 TRAIN -(DLF) [1/7/1] >> total_loss: 8.0862  acc_7: 0.2780  acc_5: 0.2780  acc_2: 0.8489  F1_score: 0.8474  Corr: 0.7783  MAE: 0.9304 
2026-09-01 01:30:09,292 - MMSA [INFO] - VAL-(DLF) >>  acc_7: 0.3231  acc_5: 0.3319  acc_2: 0.8565  F1_score: 0.8559  Corr: 0.7372  MAE: 0.9346  Loss: 0.9496 
2026-09-01 01:30:51,091 - MMSA [INFO] - >> Epoch: 8 TRAIN -(DLF) [1/8/1] >> total_loss: 7.7461  acc_7: 0.2921  acc_5: 0.2944  acc_2: 0.8505  F1_score: 0.8487  Corr: 0.7956  MAE: 0.8540 
2026-09-01 01:30:55,037 - MMSA [INFO] - VAL-(DLF) >>  acc_7: 0.3013  acc_5: 0.3144  acc_2: 0.8704  F1_score: 0.8707  Corr: 0.7474  MAE: 0.8979  Loss: 0.8976 
2026-09-01 01:31:43,596 - MMSA [INFO] - >> Epoch: 9 TRAIN -(DLF) [1/9/1] >> total_loss: 7.1024  acc_7: 0.3902  acc_5: 0.3956  acc_2: 0.8985  F1_score: 0.8981  Corr: 0.8384  MAE: 0.7117 
2026-09-01 01:31:47,175 - MMSA [INFO] - VAL-(DLF) >>  acc_7: 0.3100  acc_5: 0.3843  acc_2: 0.8380  F1_score: 0.8389  Corr: 0.7216  MAE: 0.9130  Loss: 0.9013 
2026-09-01 01:32:36,375 - MMSA [INFO] - >> Epoch: 10 TRAIN -(DLF) [2/10/1] >> total_loss: 6.9302  acc_7: 0.4322  acc_5: 0.4572  acc_2: 0.8985  F1_score: 0.8985  Corr: 0.8437  MAE: 0.6586 
2026-09-01 01:32:39,589 - MMSA [INFO] - VAL-(DLF) >>  acc_7: 0.3406  acc_5: 0.4279  acc_2: 0.8333  F1_score: 0.8337  Corr: 0.7362  MAE: 0.8845  Loss: 0.8722 
2026-09-01 01:33:24,141 - MMSA [INFO] - >> Epoch: 11 TRAIN -(DLF) [1/11/1] >> total_loss: 6.5226  acc_7: 0.4564  acc_5: 0.4774  acc_2: 0.9188  F1_score: 0.9190  Corr: 0.8624  MAE: 0.6020 
2026-09-01 01:33:27,765 - MMSA [INFO] - VAL-(DLF) >>  acc_7: 0.3843  acc_5: 0.4847  acc_2: 0.8472  F1_score: 0.8473  Corr: 0.7483  MAE: 0.8604  Loss: 0.8485 
2026-09-01 01:34:15,822 - MMSA [INFO] - >> Epoch: 12 TRAIN -(DLF) [1/12/1] >> total_loss: 6.2328  acc_7: 0.4938  acc_5: 0.5226  acc_2: 0.9293  F1_score: 0.9294  Corr: 0.8810  MAE: 0.5592 
2026-09-01 01:34:19,028 - MMSA [INFO] - VAL-(DLF) >>  acc_7: 0.3799  acc_5: 0.4978  acc_2: 0.8426  F1_score: 0.8434  Corr: 0.7410  MAE: 0.8966  Loss: 0.8757 
2026-09-01 01:35:01,548 - MMSA [INFO] - >> Epoch: 13 TRAIN -(DLF) [2/13/1] >> total_loss: 6.0582  acc_7: 0.5202  acc_5: 0.5545  acc_2: 0.9350  F1_score: 0.9351  Corr: 0.8882  MAE: 0.5305 
2026-09-01 01:35:03,923 - MMSA [INFO] - VAL-(DLF) >>  acc_7: 0.3799  acc_5: 0.5022  acc_2: 0.8472  F1_score: 0.8477  Corr: 0.7520  MAE: 0.8750  Loss: 0.8634 
2026-09-01 01:35:40,171 - MMSA [INFO] - >> Epoch: 14 TRAIN -(DLF) [3/14/1] >> total_loss: 5.8018  acc_7: 0.5366  acc_5: 0.5763  acc_2: 0.9415  F1_score: 0.9416  Corr: 0.8971  MAE: 0.5051 
2026-09-01 01:35:42,738 - MMSA [INFO] - VAL-(DLF) >>  acc_7: 0.3799  acc_5: 0.5153  acc_2: 0.8472  F1_score: 0.8473  Corr: 0.7518  MAE: 0.8898  Loss: 0.8845 
2026-09-01 01:36:21,885 - MMSA [INFO] - >> Epoch: 15 TRAIN -(DLF) [4/15/1] >> total_loss: 5.7199  acc_7: 0.5576  acc_5: 0.5997  acc_2: 0.9399  F1_score: 0.9400  Corr: 0.9083  MAE: 0.4814 
2026-09-01 01:36:24,262 - MMSA [INFO] - VAL-(DLF) >>  acc_7: 0.3930  acc_5: 0.5153  acc_2: 0.8380  F1_score: 0.8384  Corr: 0.7559  MAE: 0.8638  Loss: 0.8584 
2026-09-01 01:37:03,209 - MMSA [INFO] - >> Epoch: 16 TRAIN -(DLF) [5/16/1] >> total_loss: 5.5546  acc_7: 0.5646  acc_5: 0.6067  acc_2: 0.9431  F1_score: 0.9432  Corr: 0.9086  MAE: 0.4785 
2026-09-01 01:37:06,977 - MMSA [INFO] - VAL-(DLF) >>  acc_7: 0.3799  acc_5: 0.5240  acc_2: 0.8380  F1_score: 0.8384  Corr: 0.7596  MAE: 0.8943  Loss: 0.8857 
2026-09-01 01:37:55,147 - MMSA [INFO] - >> Epoch: 17 TRAIN -(DLF) [6/17/1] >> total_loss: 5.4203  acc_7: 0.5678  acc_5: 0.6114  acc_2: 0.9464  F1_score: 0.9464  Corr: 0.9137  MAE: 0.4689 
2026-09-01 01:37:59,661 - MMSA [INFO] - VAL-(DLF) >>  acc_7: 0.4061  acc_5: 0.5284  acc_2: 0.8426  F1_score: 0.8430  Corr: 0.7697  MAE: 0.8260  Loss: 0.8180 
2026-09-01 01:38:56,621 - MMSA [INFO] - >> Epoch: 18 TRAIN -(DLF) [1/18/1] >> total_loss: 5.2753  acc_7: 0.5997  acc_5: 0.6425  acc_2: 0.9496  F1_score: 0.9496  Corr: 0.9215  MAE: 0.4412 
2026-09-01 01:39:01,309 - MMSA [INFO] - VAL-(DLF) >>  acc_7: 0.3974  acc_5: 0.5240  acc_2: 0.8519  F1_score: 0.8516  Corr: 0.7709  MAE: 0.8626  Loss: 0.8520 
2026-09-01 01:39:53,421 - MMSA [INFO] - >> Epoch: 19 TRAIN -(DLF) [2/19/1] >> total_loss: 5.261  acc_7: 0.5740  acc_5: 0.6293  acc_2: 0.9358  F1_score: 0.9357  Corr: 0.9197  MAE: 0.4665 
2026-09-01 01:39:57,595 - MMSA [INFO] - VAL-(DLF) >>  acc_7: 0.3886  acc_5: 0.5022  acc_2: 0.8472  F1_score: 0.8475  Corr: 0.7602  MAE: 0.8502  Loss: 0.8337 
2026-09-01 01:45:23,966 - MMSA [INFO] - >> Epoch: 20 TRAIN -(DLF) [3/20/1] >> total_loss: 5.3812  acc_7: 0.5779  acc_5: 0.6262  acc_2: 0.9318  F1_score: 0.9315  Corr: 0.9186  MAE: 0.4668 
2026-09-01 01:45:27,768 - MMSA [INFO] - VAL-(DLF) >>  acc_7: 0.3712  acc_5: 0.4672  acc_2: 0.8241  F1_score: 0.8250  Corr: 0.7548  MAE: 0.8708  Loss: 0.8435 
2026-09-01 01:46:05,901 - MMSA [INFO] - >> Epoch: 21 TRAIN -(DLF) [4/21/1] >> total_loss: 5.1526  acc_7: 0.5724  acc_5: 0.6231  acc_2: 0.9366  F1_score: 0.9367  Corr: 0.9238  MAE: 0.4415 
2026-09-01 01:46:08,984 - MMSA [INFO] - VAL-(DLF) >>  acc_7: 0.4061  acc_5: 0.5284  acc_2: 0.8472  F1_score: 0.8477  Corr: 0.7689  MAE: 0.8550  Loss: 0.8340 
2026-09-01 01:46:46,084 - MMSA [INFO] - >> Epoch: 22 TRAIN -(DLF) [5/22/1] >> total_loss: 5.0172  acc_7: 0.6238  acc_5: 0.6760  acc_2: 0.9456  F1_score: 0.9457  Corr: 0.9345  MAE: 0.4129 
2026-09-01 01:46:49,609 - MMSA [INFO] - VAL-(DLF) >>  acc_7: 0.4105  acc_5: 0.5459  acc_2: 0.8472  F1_score: 0.8466  Corr: 0.7773  MAE: 0.8298  Loss: 0.8197 
2026-09-01 01:47:37,140 - MMSA [INFO] - >> Epoch: 23 TRAIN -(DLF) [6/23/1] >> total_loss: 4.8402  acc_7: 0.6277  acc_5: 0.6799  acc_2: 0.9407  F1_score: 0.9408  Corr: 0.9400  MAE: 0.3926 
2026-09-01 01:47:41,113 - MMSA [INFO] - VAL-(DLF) >>  acc_7: 0.4061  acc_5: 0.5240  acc_2: 0.8472  F1_score: 0.8477  Corr: 0.7755  MAE: 0.8184  Loss: 0.8050 
2026-09-01 01:48:18,282 - MMSA [INFO] - >> Epoch: 24 TRAIN -(DLF) [1/24/1] >> total_loss: 4.7373  acc_7: 0.6526  acc_5: 0.7103  acc_2: 0.9537  F1_score: 0.9537  Corr: 0.9457  MAE: 0.3671 
2026-09-01 01:48:21,398 - MMSA [INFO] - VAL-(DLF) >>  acc_7: 0.4279  acc_5: 0.5459  acc_2: 0.8472  F1_score: 0.8466  Corr: 0.7775  MAE: 0.8100  Loss: 0.8063 
2026-09-01 01:48:59,156 - MMSA [INFO] - >> Epoch: 25 TRAIN -(DLF) [2/25/1] >> total_loss: 4.7348  acc_7: 0.6316  acc_5: 0.6815  acc_2: 0.9504  F1_score: 0.9503  Corr: 0.9447  MAE: 0.3802 
2026-09-01 01:49:02,020 - MMSA [INFO] - VAL-(DLF) >>  acc_7: 0.4105  acc_5: 0.5153  acc_2: 0.8333  F1_score: 0.8340  Corr: 0.7715  MAE: 0.8634  Loss: 0.8442 
2026-09-01 01:49:39,458 - MMSA [INFO] - >> Epoch: 26 TRAIN -(DLF) [3/26/1] >> total_loss: 4.8405  acc_7: 0.6067  acc_5: 0.6643  acc_2: 0.9553  F1_score: 0.9553  Corr: 0.9375  MAE: 0.4206 
2026-09-01 01:49:43,124 - MMSA [INFO] - VAL-(DLF) >>  acc_7: 0.3799  acc_5: 0.5240  acc_2: 0.8380  F1_score: 0.8370  Corr: 0.7776  MAE: 0.8253  Loss: 0.8199 
2026-09-01 01:50:34,323 - MMSA [INFO] - >> Epoch: 27 TRAIN -(DLF) [4/27/1] >> total_loss: 4.705  acc_7: 0.6277  acc_5: 0.6799  acc_2: 0.9569  F1_score: 0.9569  Corr: 0.9455  MAE: 0.3848 
2026-09-01 01:50:38,673 - MMSA [INFO] - VAL-(DLF) >>  acc_7: 0.4105  acc_5: 0.5240  acc_2: 0.8657  F1_score: 0.8658  Corr: 0.7831  MAE: 0.7915  Loss: 0.7803 
2026-09-01 01:51:24,754 - MMSA [INFO] - >> Epoch: 28 TRAIN -(DLF) [1/28/1] >> total_loss: 4.4902  acc_7: 0.6745  acc_5: 0.7298  acc_2: 0.9626  F1_score: 0.9627  Corr: 0.9524  MAE: 0.3511 
2026-09-01 01:51:28,576 - MMSA [INFO] - VAL-(DLF) >>  acc_7: 0.3886  acc_5: 0.5328  acc_2: 0.8472  F1_score: 0.8463  Corr: 0.7872  MAE: 0.8193  Loss: 0.8115 
2026-09-01 01:52:17,089 - MMSA [INFO] - >> Epoch: 29 TRAIN -(DLF) [2/29/1] >> total_loss: 4.5351  acc_7: 0.6636  acc_5: 0.7165  acc_2: 0.9610  F1_score: 0.9610  Corr: 0.9490  MAE: 0.3577 
2026-09-01 01:52:20,576 - MMSA [INFO] - VAL-(DLF) >>  acc_7: 0.4061  acc_5: 0.5197  acc_2: 0.8611  F1_score: 0.8613  Corr: 0.7899  MAE: 0.7806  Loss: 0.7673 
2026-09-01 01:53:04,370 - MMSA [INFO] - >> Epoch: 30 TRAIN -(DLF) [1/30/1] >> total_loss: 4.4836  acc_7: 0.6776  acc_5: 0.7329  acc_2: 0.9561  F1_score: 0.9561  Corr: 0.9521  MAE: 0.3396 
2026-09-01 01:53:06,835 - MMSA [INFO] - VAL-(DLF) >>  acc_7: 0.4105  acc_5: 0.5459  acc_2: 0.8611  F1_score: 0.8604  Corr: 0.7901  MAE: 0.8038  Loss: 0.7953 
2026-09-01 01:53:42,548 - MMSA [INFO] - >> Epoch: 31 TRAIN -(DLF) [2/31/1] >> total_loss: 4.3918  acc_7: 0.6612  acc_5: 0.7188  acc_2: 0.9521  F1_score: 0.9519  Corr: 0.9538  MAE: 0.3515 
2026-09-01 01:53:45,494 - MMSA [INFO] - VAL-(DLF) >>  acc_7: 0.3755  acc_5: 0.5153  acc_2: 0.8380  F1_score: 0.8386  Corr: 0.7863  MAE: 0.8292  Loss: 0.8146 
2026-09-01 01:54:20,829 - MMSA [INFO] - >> Epoch: 32 TRAIN -(DLF) [3/32/1] >> total_loss: 4.3805  acc_7: 0.6620  acc_5: 0.7251  acc_2: 0.9626  F1_score: 0.9626  Corr: 0.9562  MAE: 0.3455 
2026-09-01 01:54:23,825 - MMSA [INFO] - VAL-(DLF) >>  acc_7: 0.4061  acc_5: 0.5371  acc_2: 0.8472  F1_score: 0.8475  Corr: 0.7886  MAE: 0.8108  Loss: 0.7995 
2026-09-01 01:55:01,097 - MMSA [INFO] - >> Epoch: 33 TRAIN -(DLF) [4/33/1] >> total_loss: 4.2912  acc_7: 0.6846  acc_5: 0.7399  acc_2: 0.9594  F1_score: 0.9594  Corr: 0.9558  MAE: 0.3353 
2026-09-01 01:55:04,062 - MMSA [INFO] - VAL-(DLF) >>  acc_7: 0.3974  acc_5: 0.5328  acc_2: 0.8519  F1_score: 0.8516  Corr: 0.7930  MAE: 0.7940  Loss: 0.7852 
2026-09-01 01:55:39,935 - MMSA [INFO] - >> Epoch: 34 TRAIN -(DLF) [5/34/1] >> total_loss: 4.2503  acc_7: 0.6776  acc_5: 0.7407  acc_2: 0.9537  F1_score: 0.9537  Corr: 0.9582  MAE: 0.3326 
2026-09-01 01:55:43,904 - MMSA [INFO] - VAL-(DLF) >>  acc_7: 0.3974  acc_5: 0.5328  acc_2: 0.8426  F1_score: 0.8411  Corr: 0.7928  MAE: 0.8097  Loss: 0.8057 
2026-09-01 01:56:36,285 - MMSA [INFO] - >> Epoch: 35 TRAIN -(DLF) [6/35/1] >> total_loss: 4.2089  acc_7: 0.6791  acc_5: 0.7375  acc_2: 0.9618  F1_score: 0.9618  Corr: 0.9587  MAE: 0.3302 
2026-09-01 01:56:40,228 - MMSA [INFO] - VAL-(DLF) >>  acc_7: 0.3712  acc_5: 0.4978  acc_2: 0.8565  F1_score: 0.8561  Corr: 0.7903  MAE: 0.7709  Loss: 0.7664 
2026-09-01 01:57:25,523 - MMSA [INFO] - >> Epoch: 36 TRAIN -(DLF) [1/36/1] >> total_loss: 4.1351  acc_7: 0.7220  acc_5: 0.7804  acc_2: 0.9545  F1_score: 0.9544  Corr: 0.9641  MAE: 0.3087 
2026-09-01 01:57:29,062 - MMSA [INFO] - VAL-(DLF) >>  acc_7: 0.3712  acc_5: 0.4978  acc_2: 0.8565  F1_score: 0.8561  Corr: 0.7857  MAE: 0.8158  Loss: 0.8105 
2026-09-01 01:58:15,051 - MMSA [INFO] - >> Epoch: 37 TRAIN -(DLF) [2/37/1] >> total_loss: 4.0499  acc_7: 0.7079  acc_5: 0.7656  acc_2: 0.9651  F1_score: 0.9650  Corr: 0.9654  MAE: 0.3077 
2026-09-01 01:58:19,182 - MMSA [INFO] - VAL-(DLF) >>  acc_7: 0.3843  acc_5: 0.5109  acc_2: 0.8519  F1_score: 0.8520  Corr: 0.7867  MAE: 0.7930  Loss: 0.7862 
2026-09-01 01:59:05,112 - MMSA [INFO] - >> Epoch: 38 TRAIN -(DLF) [3/38/1] >> total_loss: 4.0463  acc_7: 0.7095  acc_5: 0.7710  acc_2: 0.9667  F1_score: 0.9667  Corr: 0.9652  MAE: 0.2950 
2026-09-01 01:59:10,588 - MMSA [INFO] - VAL-(DLF) >>  acc_7: 0.3930  acc_5: 0.5153  acc_2: 0.8565  F1_score: 0.8561  Corr: 0.7890  MAE: 0.8045  Loss: 0.8013 
2026-09-01 01:59:56,694 - MMSA [INFO] - >> Epoch: 39 TRAIN -(DLF) [4/39/1] >> total_loss: 3.9864  acc_7: 0.7126  acc_5: 0.7679  acc_2: 0.9651  F1_score: 0.9651  Corr: 0.9683  MAE: 0.2849 
2026-09-01 02:00:00,389 - MMSA [INFO] - VAL-(DLF) >>  acc_7: 0.4061  acc_5: 0.5197  acc_2: 0.8519  F1_score: 0.8520  Corr: 0.7906  MAE: 0.7579  Loss: 0.7515 
2026-09-01 02:00:43,394 - MMSA [INFO] - >> Epoch: 40 TRAIN -(DLF) [1/40/1] >> total_loss: 4.0191  acc_7: 0.7079  acc_5: 0.7632  acc_2: 0.9667  F1_score: 0.9667  Corr: 0.9663  MAE: 0.3025 
2026-09-01 02:00:47,584 - MMSA [INFO] - VAL-(DLF) >>  acc_7: 0.4192  acc_5: 0.5502  acc_2: 0.8426  F1_score: 0.8421  Corr: 0.7926  MAE: 0.7657  Loss: 0.7652 
2026-09-01 02:01:34,292 - MMSA [INFO] - >> Epoch: 41 TRAIN -(DLF) [2/41/1] >> total_loss: 4.1076  acc_7: 0.6846  acc_5: 0.7399  acc_2: 0.9561  F1_score: 0.9561  Corr: 0.9605  MAE: 0.3198 
2026-09-01 02:01:38,018 - MMSA [INFO] - VAL-(DLF) >>  acc_7: 0.4105  acc_5: 0.5284  acc_2: 0.8426  F1_score: 0.8403  Corr: 0.7930  MAE: 0.7825  Loss: 0.7873 
2026-09-01 02:02:23,301 - MMSA [INFO] - >> Epoch: 42 TRAIN -(DLF) [3/42/1] >> total_loss: 3.9504  acc_7: 0.7048  acc_5: 0.7625  acc_2: 0.9586  F1_score: 0.9586  Corr: 0.9653  MAE: 0.2986 
2026-09-01 02:02:27,631 - MMSA [INFO] - VAL-(DLF) >>  acc_7: 0.4061  acc_5: 0.5284  acc_2: 0.8519  F1_score: 0.8511  Corr: 0.7968  MAE: 0.7626  Loss: 0.7637 
2026-09-01 02:03:11,519 - MMSA [INFO] - >> Epoch: 43 TRAIN -(DLF) [4/43/1] >> total_loss: 4.0063  acc_7: 0.6924  acc_5: 0.7531  acc_2: 0.9545  F1_score: 0.9545  Corr: 0.9634  MAE: 0.3120 
2026-09-01 02:03:15,158 - MMSA [INFO] - VAL-(DLF) >>  acc_7: 0.3930  acc_5: 0.5153  acc_2: 0.8519  F1_score: 0.8519  Corr: 0.7934  MAE: 0.7865  Loss: 0.7820 
2026-09-01 02:03:58,260 - MMSA [INFO] - >> Epoch: 44 TRAIN -(DLF) [5/44/1] >> total_loss: 4.0035  acc_7: 0.6916  acc_5: 0.7632  acc_2: 0.9643  F1_score: 0.9642  Corr: 0.9667  MAE: 0.3100 
2026-09-01 02:04:01,714 - MMSA [INFO] - VAL-(DLF) >>  acc_7: 0.3581  acc_5: 0.4716  acc_2: 0.8380  F1_score: 0.8387  Corr: 0.7912  MAE: 0.7807  Loss: 0.7742 
2026-09-01 02:04:46,561 - MMSA [INFO] - >> Epoch: 45 TRAIN -(DLF) [6/45/1] >> total_loss: 3.9054  acc_7: 0.7126  acc_5: 0.7671  acc_2: 0.9675  F1_score: 0.9675  Corr: 0.9677  MAE: 0.3005 
2026-09-01 02:04:51,128 - MMSA [INFO] - VAL-(DLF) >>  acc_7: 0.4061  acc_5: 0.5284  acc_2: 0.8380  F1_score: 0.8370  Corr: 0.7952  MAE: 0.7991  Loss: 0.8041 
2026-09-01 02:05:43,080 - MMSA [INFO] - >> Epoch: 46 TRAIN -(DLF) [7/46/1] >> total_loss: 3.8308  acc_7: 0.7134  acc_5: 0.7734  acc_2: 0.9756  F1_score: 0.9757  Corr: 0.9687  MAE: 0.2904 
2026-09-01 02:05:48,253 - MMSA [INFO] - VAL-(DLF) >>  acc_7: 0.3712  acc_5: 0.4891  acc_2: 0.8333  F1_score: 0.8333  Corr: 0.7932  MAE: 0.7767  Loss: 0.7768 
2026-09-01 02:06:40,036 - MMSA [INFO] - >> Epoch: 47 TRAIN -(DLF) [8/47/1] >> total_loss: 3.7869  acc_7: 0.7375  acc_5: 0.7952  acc_2: 0.9732  F1_score: 0.9732  Corr: 0.9723  MAE: 0.2686 
2026-09-01 02:06:44,480 - MMSA [INFO] - VAL-(DLF) >>  acc_7: 0.3843  acc_5: 0.5066  acc_2: 0.8287  F1_score: 0.8273  Corr: 0.7936  MAE: 0.7649  Loss: 0.7718 
2026-09-01 02:07:36,744 - MMSA [INFO] - >> Epoch: 48 TRAIN -(DLF) [9/48/1] >> total_loss: 3.7104  acc_7: 0.7516  acc_5: 0.8100  acc_2: 0.9756  F1_score: 0.9756  Corr: 0.9713  MAE: 0.2699 
2026-09-01 02:07:40,977 - MMSA [INFO] - VAL-(DLF) >>  acc_7: 0.4017  acc_5: 0.5197  acc_2: 0.8333  F1_score: 0.8331  Corr: 0.7918  MAE: 0.8031  Loss: 0.8049 
2026-09-01 02:08:31,583 - MMSA [INFO] - >> Epoch: 49 TRAIN -(DLF) [10/49/1] >> total_loss: 3.6637  acc_7: 0.7438  acc_5: 0.8022  acc_2: 0.9748  F1_score: 0.9748  Corr: 0.9719  MAE: 0.2721 
2026-09-01 02:08:35,879 - MMSA [INFO] - VAL-(DLF) >>  acc_7: 0.4017  acc_5: 0.5153  acc_2: 0.8287  F1_score: 0.8273  Corr: 0.7933  MAE: 0.7700  Loss: 0.7763 
2026-09-01 02:08:48,653 - MMSA [INFO] - TEST-(DLF) >>  acc_7: 0.4286  acc_5: 0.4942  acc_2: 0.8354  F1_score: 0.8346  Corr: 0.7613  MAE: 0.7853  Loss: 0.7848 
2026-09-01 02:08:50,317 - MMSA [INFO] - Results saved to result/normal/mosi.csv.
2026-09-01 10:01:11,271 - MMSA [INFO] - Using device: cuda:0
2026-09-01 10:01:11,273 - MMSA [INFO] - Model switches: use_ccdr=True, use_lfa_aux=True, use_specific_aux=True
2026-09-01 10:01:11,316 - MMSA [INFO] - train samples: (1284,)
2026-09-01 10:01:11,335 - MMSA [INFO] - valid samples: (229,)
2026-09-01 10:01:11,347 - MMSA [INFO] - test samples: (686,)
2026-09-01 10:01:25,998 - MMSA [INFO] - >> Epoch: 1 TRAIN -(DLF) [1/1/1] >> total_loss: 12.4634  acc_7: 0.1924  acc_5: 0.1924  acc_2: 0.6003  F1_score: 0.5614  Corr: 0.2335  MAE: 1.2640 
2026-09-01 10:01:26,316 - MMSA [INFO] - VAL-(DLF) >>  acc_7: 0.2707  acc_5: 0.2707  acc_2: 0.6991  F1_score: 0.6735  Corr: 0.5874  MAE: 1.1783  Loss: 1.1912 
2026-09-01 10:01:26,848 - MMSA [INFO] - TEST-(DLF) >>  acc_7: 0.2187  acc_5: 0.2201  acc_2: 0.6814  F1_score: 0.6759  Corr: 0.5826  MAE: 1.2158  Loss: 1.2108 
2026-09-01 10:01:39,028 - MMSA [INFO] - >> Epoch: 2 TRAIN -(DLF) [1/2/1] >> total_loss: 10.5647  acc_7: 0.3115  acc_5: 0.3294  acc_2: 0.7547  F1_score: 0.7553  Corr: 0.5968  MAE: 0.9831 
2026-09-01 10:01:39,337 - MMSA [INFO] - VAL-(DLF) >>  acc_7: 0.2926  acc_5: 0.4017  acc_2: 0.8102  F1_score: 0.8054  Corr: 0.6956  MAE: 0.9773  Loss: 0.9792 
2026-09-01 10:01:39,866 - MMSA [INFO] - TEST-(DLF) >>  acc_7: 0.2784  acc_5: 0.3426  acc_2: 0.7820  F1_score: 0.7825  Corr: 0.7181  MAE: 1.0660  Loss: 1.0646 
2026-09-01 10:01:52,198 - MMSA [INFO] - >> Epoch: 3 TRAIN -(DLF) [1/3/1] >> total_loss: 9.4639  acc_7: 0.3575  acc_5: 0.3956  acc_2: 0.8237  F1_score: 0.8237  Corr: 0.7408  MAE: 0.8096 
2026-09-01 10:01:52,516 - MMSA [INFO] - VAL-(DLF) >>  acc_7: 0.3450  acc_5: 0.4279  acc_2: 0.8148  F1_score: 0.8156  Corr: 0.7344  MAE: 0.8562  Loss: 0.8481 
2026-09-01 10:01:53,044 - MMSA [INFO] - TEST-(DLF) >>  acc_7: 0.3644  acc_5: 0.4009  acc_2: 0.8582  F1_score: 0.8562  Corr: 0.7662  MAE: 0.8184  Loss: 0.8131 
2026-09-01 10:02:06,183 - MMSA [INFO] - >> Epoch: 4 TRAIN -(DLF) [1/4/1] >> total_loss: 8.427  acc_7: 0.4502  acc_5: 0.4899  acc_2: 0.8700  F1_score: 0.8704  Corr: 0.8222  MAE: 0.6684 
2026-09-01 10:02:06,527 - MMSA [INFO] - VAL-(DLF) >>  acc_7: 0.3362  acc_5: 0.4148  acc_2: 0.8287  F1_score: 0.8265  Corr: 0.7493  MAE: 0.8742  Loss: 0.8789 
2026-09-01 10:02:07,070 - MMSA [INFO] - TEST-(DLF) >>  acc_7: 0.3659  acc_5: 0.4067  acc_2: 0.8354  F1_score: 0.8363  Corr: 0.7887  MAE: 0.8951  Loss: 0.8926 
2026-09-01 10:02:20,102 - MMSA [INFO] - >> Epoch: 5 TRAIN -(DLF) [2/5/1] >> total_loss: 8.3186  acc_7: 0.4494  acc_5: 0.4899  acc_2: 0.8676  F1_score: 0.8678  Corr: 0.8307  MAE: 0.6495 
2026-09-01 10:02:20,433 - MMSA [INFO] - VAL-(DLF) >>  acc_7: 0.3974  acc_5: 0.4934  acc_2: 0.8287  F1_score: 0.8296  Corr: 0.7538  MAE: 0.8284  Loss: 0.8094 
2026-09-01 10:02:20,973 - MMSA [INFO] - TEST-(DLF) >>  acc_7: 0.3848  acc_5: 0.4475  acc_2: 0.8613  F1_score: 0.8586  Corr: 0.7945  MAE: 0.7557  Loss: 0.7491 
2026-09-01 10:02:33,046 - MMSA [INFO] - >> Epoch: 6 TRAIN -(DLF) [1/6/1] >> total_loss: 7.8708  acc_7: 0.4696  acc_5: 0.5226  acc_2: 0.8871  F1_score: 0.8873  Corr: 0.8578  MAE: 0.5969 
2026-09-01 10:02:33,355 - MMSA [INFO] - VAL-(DLF) >>  acc_7: 0.4017  acc_5: 0.4847  acc_2: 0.8287  F1_score: 0.8290  Corr: 0.7508  MAE: 0.8237  Loss: 0.8132 
2026-09-01 10:02:33,897 - MMSA [INFO] - TEST-(DLF) >>  acc_7: 0.4009  acc_5: 0.4534  acc_2: 0.8659  F1_score: 0.8645  Corr: 0.8057  MAE: 0.7290  Loss: 0.7231 
2026-09-01 10:02:46,719 - MMSA [INFO] - >> Epoch: 7 TRAIN -(DLF) [2/7/1] >> total_loss: 7.448  acc_7: 0.5210  acc_5: 0.5771  acc_2: 0.8928  F1_score: 0.8928  Corr: 0.8680  MAE: 0.5631 
2026-09-01 10:02:47,035 - MMSA [INFO] - VAL-(DLF) >>  acc_7: 0.3974  acc_5: 0.4760  acc_2: 0.8380  F1_score: 0.8381  Corr: 0.7586  MAE: 0.8055  Loss: 0.7981 
2026-09-01 10:02:47,636 - MMSA [INFO] - TEST-(DLF) >>  acc_7: 0.4125  acc_5: 0.4723  acc_2: 0.8750  F1_score: 0.8738  Corr: 0.8093  MAE: 0.7284  Loss: 0.7218 
2026-09-01 10:03:00,948 - MMSA [INFO] - >> Epoch: 8 TRAIN -(DLF) [1/8/1] >> total_loss: 7.2574  acc_7: 0.5156  acc_5: 0.5701  acc_2: 0.8976  F1_score: 0.8977  Corr: 0.8790  MAE: 0.5456 
2026-09-01 10:03:01,270 - MMSA [INFO] - VAL-(DLF) >>  acc_7: 0.3930  acc_5: 0.4891  acc_2: 0.8565  F1_score: 0.8559  Corr: 0.7675  MAE: 0.7804  Loss: 0.7761 
2026-09-01 10:03:01,754 - MMSA [INFO] - TEST-(DLF) >>  acc_7: 0.4242  acc_5: 0.4869  acc_2: 0.8704  F1_score: 0.8702  Corr: 0.8175  MAE: 0.7120  Loss: 0.7055 
2026-09-01 10:03:14,063 - MMSA [INFO] - >> Epoch: 9 TRAIN -(DLF) [1/9/1] >> total_loss: 7.1  acc_7: 0.5226  acc_5: 0.5732  acc_2: 0.8960  F1_score: 0.8962  Corr: 0.8835  MAE: 0.5325 
2026-09-01 10:03:14,379 - MMSA [INFO] - VAL-(DLF) >>  acc_7: 0.3668  acc_5: 0.4585  acc_2: 0.8426  F1_score: 0.8421  Corr: 0.7574  MAE: 0.8131  Loss: 0.8144 
2026-09-01 10:03:14,937 - MMSA [INFO] - TEST-(DLF) >>  acc_7: 0.4198  acc_5: 0.4840  acc_2: 0.8720  F1_score: 0.8720  Corr: 0.8156  MAE: 0.7505  Loss: 0.7436 
2026-09-01 10:03:27,940 - MMSA [INFO] - >> Epoch: 10 TRAIN -(DLF) [2/10/1] >> total_loss: 7.0041  acc_7: 0.5452  acc_5: 0.6114  acc_2: 0.9017  F1_score: 0.9018  Corr: 0.8959  MAE: 0.5025 
2026-09-01 10:03:28,244 - MMSA [INFO] - VAL-(DLF) >>  acc_7: 0.4017  acc_5: 0.4891  acc_2: 0.8287  F1_score: 0.8292  Corr: 0.7599  MAE: 0.8054  Loss: 0.7941 
2026-09-01 10:03:28,770 - MMSA [INFO] - TEST-(DLF) >>  acc_7: 0.4242  acc_5: 0.4942  acc_2: 0.8582  F1_score: 0.8566  Corr: 0.8157  MAE: 0.7069  Loss: 0.7014 
2026-09-01 10:03:42,082 - MMSA [INFO] - >> Epoch: 11 TRAIN -(DLF) [3/11/1] >> total_loss: 6.7969  acc_7: 0.5514  acc_5: 0.6083  acc_2: 0.9147  F1_score: 0.9147  Corr: 0.8922  MAE: 0.5057 
2026-09-01 10:03:42,394 - MMSA [INFO] - VAL-(DLF) >>  acc_7: 0.3755  acc_5: 0.4934  acc_2: 0.8380  F1_score: 0.8349  Corr: 0.7564  MAE: 0.8307  Loss: 0.8381 
2026-09-01 10:03:42,954 - MMSA [INFO] - TEST-(DLF) >>  acc_7: 0.4009  acc_5: 0.4592  acc_2: 0.8460  F1_score: 0.8469  Corr: 0.8033  MAE: 0.8135  Loss: 0.8093 
2026-09-01 10:03:55,652 - MMSA [INFO] - >> Epoch: 12 TRAIN -(DLF) [4/12/1] >> total_loss: 6.7111  acc_7: 0.5498  acc_5: 0.6075  acc_2: 0.9058  F1_score: 0.9057  Corr: 0.8999  MAE: 0.4916 
2026-09-01 10:03:55,987 - MMSA [INFO] - VAL-(DLF) >>  acc_7: 0.4148  acc_5: 0.5066  acc_2: 0.8426  F1_score: 0.8424  Corr: 0.7592  MAE: 0.7817  Loss: 0.7809 
2026-09-01 10:03:56,603 - MMSA [INFO] - TEST-(DLF) >>  acc_7: 0.4373  acc_5: 0.4985  acc_2: 0.8628  F1_score: 0.8624  Corr: 0.8160  MAE: 0.7083  Loss: 0.7020 
2026-09-01 10:04:08,964 - MMSA [INFO] - >> Epoch: 13 TRAIN -(DLF) [5/13/1] >> total_loss: 6.6417  acc_7: 0.5685  acc_5: 0.6238  acc_2: 0.9147  F1_score: 0.9147  Corr: 0.9078  MAE: 0.4715 
2026-09-01 10:04:09,268 - MMSA [INFO] - VAL-(DLF) >>  acc_7: 0.3843  acc_5: 0.4760  acc_2: 0.8519  F1_score: 0.8505  Corr: 0.7639  MAE: 0.7899  Loss: 0.8004 
2026-09-01 10:04:09,785 - MMSA [INFO] - TEST-(DLF) >>  acc_7: 0.4271  acc_5: 0.4796  acc_2: 0.8552  F1_score: 0.8557  Corr: 0.8167  MAE: 0.7412  Loss: 0.7358 
2026-09-01 10:04:23,361 - MMSA [INFO] - >> Epoch: 14 TRAIN -(DLF) [6/14/1] >> total_loss: 6.5508  acc_7: 0.5709  acc_5: 0.6301  acc_2: 0.9041  F1_score: 0.9041  Corr: 0.9117  MAE: 0.4610 
2026-09-01 10:04:23,692 - MMSA [INFO] - VAL-(DLF) >>  acc_7: 0.4148  acc_5: 0.4934  acc_2: 0.8519  F1_score: 0.8516  Corr: 0.7679  MAE: 0.7767  Loss: 0.7813 
2026-09-01 10:04:24,323 - MMSA [INFO] - TEST-(DLF) >>  acc_7: 0.4023  acc_5: 0.4577  acc_2: 0.8659  F1_score: 0.8659  Corr: 0.8199  MAE: 0.7388  Loss: 0.7333 
2026-09-01 10:04:37,133 - MMSA [INFO] - >> Epoch: 15 TRAIN -(DLF) [7/15/1] >> total_loss: 6.2087  acc_7: 0.6098  acc_5: 0.6636  acc_2: 0.9228  F1_score: 0.9229  Corr: 0.9232  MAE: 0.4263 
2026-09-01 10:04:37,462 - MMSA [INFO] - VAL-(DLF) >>  acc_7: 0.3974  acc_5: 0.4891  acc_2: 0.8565  F1_score: 0.8556  Corr: 0.7633  MAE: 0.7761  Loss: 0.7825 
2026-09-01 10:04:38,001 - MMSA [INFO] - TEST-(DLF) >>  acc_7: 0.4184  acc_5: 0.4840  acc_2: 0.8613  F1_score: 0.8614  Corr: 0.8194  MAE: 0.7182  Loss: 0.7128 
2026-09-01 10:04:51,034 - MMSA [INFO] - >> Epoch: 16 TRAIN -(DLF) [8/16/1] >> total_loss: 6.2012  acc_7: 0.6215  acc_5: 0.6682  acc_2: 0.9261  F1_score: 0.9260  Corr: 0.9249  MAE: 0.4193 
2026-09-01 10:04:51,339 - MMSA [INFO] - VAL-(DLF) >>  acc_7: 0.4192  acc_5: 0.5197  acc_2: 0.8472  F1_score: 0.8466  Corr: 0.7612  MAE: 0.7841  Loss: 0.7889 
2026-09-01 10:04:51,851 - MMSA [INFO] - TEST-(DLF) >>  acc_7: 0.4300  acc_5: 0.4971  acc_2: 0.8582  F1_score: 0.8582  Corr: 0.8193  MAE: 0.7026  Loss: 0.6968 
2026-09-01 10:05:04,739 - MMSA [INFO] - >> Epoch: 17 TRAIN -(DLF) [9/17/1] >> total_loss: 6.1539  acc_7: 0.6044  acc_5: 0.6604  acc_2: 0.9212  F1_score: 0.9212  Corr: 0.9268  MAE: 0.4147 
2026-09-01 10:05:05,060 - MMSA [INFO] - VAL-(DLF) >>  acc_7: 0.4061  acc_5: 0.5066  acc_2: 0.8519  F1_score: 0.8511  Corr: 0.7640  MAE: 0.7786  Loss: 0.7845 
2026-09-01 10:05:05,574 - MMSA [INFO] - TEST-(DLF) >>  acc_7: 0.4242  acc_5: 0.4898  acc_2: 0.8567  F1_score: 0.8568  Corr: 0.8190  MAE: 0.7214  Loss: 0.7155 
2026-09-01 10:05:18,375 - MMSA [INFO] - >> Epoch: 18 TRAIN -(DLF) [10/18/1] >> total_loss: 6.0256  acc_7: 0.6386  acc_5: 0.6900  acc_2: 0.9245  F1_score: 0.9245  Corr: 0.9296  MAE: 0.4005 
2026-09-01 10:05:18,702 - MMSA [INFO] - VAL-(DLF) >>  acc_7: 0.3668  acc_5: 0.4978  acc_2: 0.8519  F1_score: 0.8508  Corr: 0.7623  MAE: 0.7975  Loss: 0.8041 
2026-09-01 10:05:19,212 - MMSA [INFO] - TEST-(DLF) >>  acc_7: 0.4242  acc_5: 0.4971  acc_2: 0.8521  F1_score: 0.8527  Corr: 0.8180  MAE: 0.7271  Loss: 0.7220 
2026-09-01 10:05:19,805 - MMSA [INFO] - TEST-(DLF) >>  acc_7: 0.4242  acc_5: 0.4869  acc_2: 0.8704  F1_score: 0.8702  Corr: 0.8175  MAE: 0.7120  Loss: 0.7055 
2026-09-01 10:05:21,058 - MMSA [INFO] - Results saved to result/normal/mosi_utterance.csv.
2026-09-01 10:22:51,813 - MMSA [INFO] - Using device: cuda:0
2026-09-01 10:22:51,813 - MMSA [INFO] - Model switches: use_ccdr=True, use_lfa_aux=True, use_specific_aux=True
2026-09-01 10:22:51,861 - MMSA [INFO] - train samples: (1284,)
2026-09-01 10:22:51,877 - MMSA [INFO] - valid samples: (229,)
2026-09-01 10:22:51,889 - MMSA [INFO] - test samples: (686,)
2026-09-01 10:25:31,504 - MMSA [INFO] - Using device: cuda:0
2026-09-01 10:25:31,505 - MMSA [INFO] - Model switches: use_ccdr=True, use_lfa_aux=True, use_specific_aux=True
2026-09-01 10:25:31,765 - MMSA [INFO] - train samples: (1284,)
2026-09-01 10:25:31,999 - MMSA [INFO] - valid samples: (229,)
2026-09-01 10:25:32,508 - MMSA [INFO] - test samples: (686,)
2026-09-01 10:25:55,956 - MMSA [INFO] - >> Epoch: 1 TRAIN -(DLF) [1/1/1] >> total_loss: 11.9108  acc_7: 0.1955  acc_5: 0.1955  acc_2: 0.5475  F1_score: 0.5059  Corr: 0.1087  MAE: 1.2988 
2026-09-01 10:25:57,351 - MMSA [INFO] - VAL-(DLF) >>  acc_7: 0.2140  acc_5: 0.2140  acc_2: 0.6898  F1_score: 0.6756  Corr: 0.5172  MAE: 1.3172  Loss: 1.3201 
2026-09-01 10:25:59,969 - MMSA [INFO] - TEST-(DLF) >>  acc_7: 0.1574  acc_5: 0.1574  acc_2: 0.6387  F1_score: 0.6338  Corr: 0.4957  MAE: 1.3390  Loss: 1.3337 
2026-09-01 10:26:21,105 - MMSA [INFO] - >> Epoch: 2 TRAIN -(DLF) [1/2/1] >> total_loss: 10.727  acc_7: 0.2298  acc_5: 0.2298  acc_2: 0.6580  F1_score: 0.6518  Corr: 0.4196  MAE: 1.1869 
2026-09-01 10:26:22,396 - MMSA [INFO] - VAL-(DLF) >>  acc_7: 0.2140  acc_5: 0.2183  acc_2: 0.7500  F1_score: 0.7503  Corr: 0.5903  MAE: 1.1209  Loss: 1.1275 
2026-09-01 10:26:26,085 - MMSA [INFO] - TEST-(DLF) >>  acc_7: 0.2653  acc_5: 0.2711  acc_2: 0.7668  F1_score: 0.7674  Corr: 0.6026  MAE: 1.1102  Loss: 1.1033 
2026-09-01 10:26:46,351 - MMSA [INFO] - >> Epoch: 3 TRAIN -(DLF) [1/3/1] >> total_loss: 8.9517  acc_7: 0.3061  acc_5: 0.3154  acc_2: 0.7750  F1_score: 0.7735  Corr: 0.6524  MAE: 0.9397 
2026-09-01 10:26:47,705 - MMSA [INFO] - VAL-(DLF) >>  acc_7: 0.2969  acc_5: 0.3712  acc_2: 0.8009  F1_score: 0.8001  Corr: 0.6447  MAE: 1.0160  Loss: 1.0183 
2026-09-01 10:26:50,694 - MMSA [INFO] - TEST-(DLF) >>  acc_7: 0.2974  acc_5: 0.3192  acc_2: 0.7561  F1_score: 0.7574  Corr: 0.6306  MAE: 1.0908  Loss: 1.0852 
2026-09-01 10:27:09,341 - MMSA [INFO] - >> Epoch: 4 TRAIN -(DLF) [1/4/1] >> total_loss: 8.5258  acc_7: 0.3512  acc_5: 0.3762  acc_2: 0.8026  F1_score: 0.8015  Corr: 0.6686  MAE: 0.8932 
2026-09-01 10:27:11,038 - MMSA [INFO] - VAL-(DLF) >>  acc_7: 0.3319  acc_5: 0.4279  acc_2: 0.8009  F1_score: 0.8019  Corr: 0.6959  MAE: 0.9797  Loss: 0.9696 
2026-09-01 10:27:14,265 - MMSA [INFO] - TEST-(DLF) >>  acc_7: 0.3848  acc_5: 0.4417  acc_2: 0.8049  F1_score: 0.8025  Corr: 0.6693  MAE: 0.9404  Loss: 0.9365 
2026-09-01 10:27:33,989 - MMSA [INFO] - >> Epoch: 5 TRAIN -(DLF) [1/5/1] >> total_loss: 8.0485  acc_7: 0.4011  acc_5: 0.4245  acc_2: 0.8302  F1_score: 0.8303  Corr: 0.7361  MAE: 0.7915 
2026-09-01 10:27:35,320 - MMSA [INFO] - VAL-(DLF) >>  acc_7: 0.3362  acc_5: 0.4323  acc_2: 0.8056  F1_score: 0.8066  Corr: 0.7011  MAE: 0.9770  Loss: 0.9646 
2026-09-01 10:27:38,260 - MMSA [INFO] - TEST-(DLF) >>  acc_7: 0.3615  acc_5: 0.4271  acc_2: 0.8095  F1_score: 0.8095  Corr: 0.6769  MAE: 0.9654  Loss: 0.9616 
2026-09-01 10:27:58,817 - MMSA [INFO] - >> Epoch: 6 TRAIN -(DLF) [1/6/1] >> total_loss: 7.6669  acc_7: 0.4291  acc_5: 0.4626  acc_2: 0.8367  F1_score: 0.8369  Corr: 0.7623  MAE: 0.7537 
2026-09-01 10:28:00,196 - MMSA [INFO] - VAL-(DLF) >>  acc_7: 0.3275  acc_5: 0.4061  acc_2: 0.7824  F1_score: 0.7725  Corr: 0.6829  MAE: 1.0385  Loss: 1.0441 
2026-09-01 10:28:03,411 - MMSA [INFO] - TEST-(DLF) >>  acc_7: 0.2784  acc_5: 0.3324  acc_2: 0.7287  F1_score: 0.7267  Corr: 0.6505  MAE: 1.2117  Loss: 1.2039 
2026-09-01 10:28:23,278 - MMSA [INFO] - >> Epoch: 7 TRAIN -(DLF) [2/7/1] >> total_loss: 7.9372  acc_7: 0.3746  acc_5: 0.3995  acc_2: 0.8253  F1_score: 0.8249  Corr: 0.7354  MAE: 0.7974 
2026-09-01 10:28:24,670 - MMSA [INFO] - VAL-(DLF) >>  acc_7: 0.3319  acc_5: 0.4236  acc_2: 0.8287  F1_score: 0.8296  Corr: 0.6962  MAE: 0.9495  Loss: 0.9379 
2026-09-01 10:28:27,884 - MMSA [INFO] - TEST-(DLF) >>  acc_7: 0.3499  acc_5: 0.4052  acc_2: 0.7942  F1_score: 0.7948  Corr: 0.6752  MAE: 0.9734  Loss: 0.9674 
2026-09-01 10:28:48,045 - MMSA [INFO] - >> Epoch: 8 TRAIN -(DLF) [1/8/1] >> total_loss: 7.3657  acc_7: 0.4470  acc_5: 0.4782  acc_2: 0.8343  F1_score: 0.8344  Corr: 0.7692  MAE: 0.7361 
2026-09-01 10:28:49,356 - MMSA [INFO] - VAL-(DLF) >>  acc_7: 0.2969  acc_5: 0.3930  acc_2: 0.7778  F1_score: 0.7775  Corr: 0.6914  MAE: 1.0187  Loss: 1.0014 
2026-09-01 10:28:52,163 - MMSA [INFO] - TEST-(DLF) >>  acc_7: 0.3688  acc_5: 0.4373  acc_2: 0.8049  F1_score: 0.7969  Corr: 0.6921  MAE: 0.9254  Loss: 0.9181 
2026-09-01 10:29:13,486 - MMSA [INFO] - >> Epoch: 9 TRAIN -(DLF) [2/9/1] >> total_loss: 7.6095  acc_7: 0.3933  acc_5: 0.4221  acc_2: 0.8091  F1_score: 0.8093  Corr: 0.7407  MAE: 0.7858 
2026-09-01 10:29:15,128 - MMSA [INFO] - VAL-(DLF) >>  acc_7: 0.3362  acc_5: 0.4061  acc_2: 0.7870  F1_score: 0.7778  Corr: 0.6971  MAE: 1.0342  Loss: 1.0477 
2026-09-01 10:29:18,842 - MMSA [INFO] - TEST-(DLF) >>  acc_7: 0.2609  acc_5: 0.3017  acc_2: 0.7530  F1_score: 0.7520  Corr: 0.6738  MAE: 1.1989  Loss: 1.1914 
2026-09-01 10:29:39,937 - MMSA [INFO] - >> Epoch: 10 TRAIN -(DLF) [3/10/1] >> total_loss: 7.0995  acc_7: 0.4276  acc_5: 0.4595  acc_2: 0.8497  F1_score: 0.8499  Corr: 0.7840  MAE: 0.7146 
2026-09-01 10:29:41,433 - MMSA [INFO] - VAL-(DLF) >>  acc_7: 0.3319  acc_5: 0.4192  acc_2: 0.8102  F1_score: 0.8112  Corr: 0.7048  MAE: 0.9524  Loss: 0.9339 
2026-09-01 10:29:44,892 - MMSA [INFO] - TEST-(DLF) >>  acc_7: 0.3746  acc_5: 0.4359  acc_2: 0.8095  F1_score: 0.8078  Corr: 0.6968  MAE: 0.9226  Loss: 0.9156 
2026-09-01 10:30:07,381 - MMSA [INFO] - >> Epoch: 11 TRAIN -(DLF) [1/11/1] >> total_loss: 7.0159  acc_7: 0.4634  acc_5: 0.4945  acc_2: 0.8595  F1_score: 0.8595  Corr: 0.8055  MAE: 0.6704 
2026-09-01 10:30:08,861 - MMSA [INFO] - VAL-(DLF) >>  acc_7: 0.3581  acc_5: 0.4323  acc_2: 0.8009  F1_score: 0.8020  Corr: 0.7091  MAE: 0.9391  Loss: 0.9168 
2026-09-01 10:30:12,220 - MMSA [INFO] - TEST-(DLF) >>  acc_7: 0.3630  acc_5: 0.4213  acc_2: 0.8003  F1_score: 0.7993  Corr: 0.6966  MAE: 0.9322  Loss: 0.9249 
2026-09-01 10:30:33,282 - MMSA [INFO] - >> Epoch: 12 TRAIN -(DLF) [1/12/1] >> total_loss: 6.9212  acc_7: 0.4517  acc_5: 0.4868  acc_2: 0.8481  F1_score: 0.8484  Corr: 0.7932  MAE: 0.6948 
2026-09-01 10:30:34,774 - MMSA [INFO] - VAL-(DLF) >>  acc_7: 0.3450  acc_5: 0.4236  acc_2: 0.8148  F1_score: 0.8151  Corr: 0.7062  MAE: 0.9184  Loss: 0.9142 
2026-09-01 10:30:38,491 - MMSA [INFO] - TEST-(DLF) >>  acc_7: 0.3134  acc_5: 0.3571  acc_2: 0.7820  F1_score: 0.7833  Corr: 0.6775  MAE: 1.0098  Loss: 1.0020 
2026-09-01 10:30:58,424 - MMSA [INFO] - >> Epoch: 13 TRAIN -(DLF) [1/13/1] >> total_loss: 6.6809  acc_7: 0.4899  acc_5: 0.5257  acc_2: 0.8635  F1_score: 0.8637  Corr: 0.8163  MAE: 0.6449 
2026-09-01 10:30:59,688 - MMSA [INFO] - VAL-(DLF) >>  acc_7: 0.3406  acc_5: 0.4323  acc_2: 0.8194  F1_score: 0.8203  Corr: 0.7023  MAE: 0.9371  Loss: 0.9236 
2026-09-01 10:31:02,862 - MMSA [INFO] - TEST-(DLF) >>  acc_7: 0.3469  acc_5: 0.4082  acc_2: 0.7957  F1_score: 0.7960  Corr: 0.6842  MAE: 0.9616  Loss: 0.9551 
2026-09-01 10:31:24,268 - MMSA [INFO] - >> Epoch: 14 TRAIN -(DLF) [2/14/1] >> total_loss: 6.5396  acc_7: 0.4938  acc_5: 0.5304  acc_2: 0.8692  F1_score: 0.8692  Corr: 0.8225  MAE: 0.6286 
2026-09-01 10:31:25,585 - MMSA [INFO] - VAL-(DLF) >>  acc_7: 0.3799  acc_5: 0.4629  acc_2: 0.8056  F1_score: 0.8060  Corr: 0.7004  MAE: 0.9232  Loss: 0.9124 
2026-09-01 10:31:29,035 - MMSA [INFO] - TEST-(DLF) >>  acc_7: 0.3426  acc_5: 0.4067  acc_2: 0.7881  F1_score: 0.7893  Corr: 0.6861  MAE: 0.9735  Loss: 0.9668 
2026-09-01 10:31:49,774 - MMSA [INFO] - >> Epoch: 15 TRAIN -(DLF) [1/15/1] >> total_loss: 6.5149  acc_7: 0.4930  acc_5: 0.5296  acc_2: 0.8668  F1_score: 0.8671  Corr: 0.8232  MAE: 0.6353 
2026-09-01 10:31:51,297 - MMSA [INFO] - VAL-(DLF) >>  acc_7: 0.3319  acc_5: 0.4105  acc_2: 0.7963  F1_score: 0.7956  Corr: 0.7057  MAE: 0.9169  Loss: 0.9113 
2026-09-01 10:31:54,875 - MMSA [INFO] - TEST-(DLF) >>  acc_7: 0.3149  acc_5: 0.3615  acc_2: 0.8003  F1_score: 0.8015  Corr: 0.7008  MAE: 0.9932  Loss: 0.9859 
2026-09-01 10:32:15,317 - MMSA [INFO] - >> Epoch: 16 TRAIN -(DLF) [1/16/1] >> total_loss: 6.3429  acc_7: 0.4969  acc_5: 0.5327  acc_2: 0.8660  F1_score: 0.8660  Corr: 0.8246  MAE: 0.6332 
2026-09-01 10:32:16,960 - MMSA [INFO] - VAL-(DLF) >>  acc_7: 0.3188  acc_5: 0.4105  acc_2: 0.8102  F1_score: 0.8109  Corr: 0.7004  MAE: 0.9080  Loss: 0.8957 
2026-09-01 10:32:20,741 - MMSA [INFO] - TEST-(DLF) >>  acc_7: 0.3586  acc_5: 0.4096  acc_2: 0.8018  F1_score: 0.8021  Corr: 0.6981  MAE: 0.9159  Loss: 0.9085 
2026-09-01 10:32:41,782 - MMSA [INFO] - >> Epoch: 17 TRAIN -(DLF) [1/17/1] >> total_loss: 7.0428  acc_7: 0.4945  acc_5: 0.5343  acc_2: 0.8603  F1_score: 0.8599  Corr: 0.8260  MAE: 0.6336 
2026-09-01 10:32:43,216 - MMSA [INFO] - VAL-(DLF) >>  acc_7: 0.3188  acc_5: 0.4017  acc_2: 0.8194  F1_score: 0.8198  Corr: 0.6946  MAE: 0.9210  Loss: 0.9118 
2026-09-01 10:32:46,777 - MMSA [INFO] - TEST-(DLF) >>  acc_7: 0.3397  acc_5: 0.3921  acc_2: 0.7927  F1_score: 0.7938  Corr: 0.6860  MAE: 0.9644  Loss: 0.9575 
2026-09-01 10:33:08,029 - MMSA [INFO] - >> Epoch: 18 TRAIN -(DLF) [2/18/1] >> total_loss: 6.4596  acc_7: 0.4992  acc_5: 0.5374  acc_2: 0.8587  F1_score: 0.8587  Corr: 0.8243  MAE: 0.6311 
2026-09-01 10:33:09,658 - MMSA [INFO] - VAL-(DLF) >>  acc_7: 0.3843  acc_5: 0.4672  acc_2: 0.8056  F1_score: 0.8066  Corr: 0.6835  MAE: 0.9443  Loss: 0.9267 
2026-09-01 10:33:12,809 - MMSA [INFO] - TEST-(DLF) >>  acc_7: 0.3688  acc_5: 0.4417  acc_2: 0.8003  F1_score: 0.7983  Corr: 0.6854  MAE: 0.9293  Loss: 0.9220 
2026-09-01 10:33:33,678 - MMSA [INFO] - >> Epoch: 19 TRAIN -(DLF) [3/19/1] >> total_loss: 6.4052  acc_7: 0.4992  acc_5: 0.5421  acc_2: 0.8554  F1_score: 0.8553  Corr: 0.8220  MAE: 0.6355 
2026-09-01 10:33:34,945 - MMSA [INFO] - VAL-(DLF) >>  acc_7: 0.3624  acc_5: 0.4585  acc_2: 0.8009  F1_score: 0.8017  Corr: 0.6853  MAE: 0.9285  Loss: 0.9140 
2026-09-01 10:33:37,752 - MMSA [INFO] - TEST-(DLF) >>  acc_7: 0.3863  acc_5: 0.4504  acc_2: 0.8034  F1_score: 0.8032  Corr: 0.6954  MAE: 0.9089  Loss: 0.9017 
2026-09-01 10:33:57,897 - MMSA [INFO] - >> Epoch: 20 TRAIN -(DLF) [4/20/1] >> total_loss: 6.2644  acc_7: 0.4844  acc_5: 0.5312  acc_2: 0.8700  F1_score: 0.8703  Corr: 0.8337  MAE: 0.6265 
2026-09-01 10:33:59,292 - MMSA [INFO] - VAL-(DLF) >>  acc_7: 0.3450  acc_5: 0.4410  acc_2: 0.8102  F1_score: 0.8100  Corr: 0.6891  MAE: 0.9109  Loss: 0.9017 
2026-09-01 10:34:02,726 - MMSA [INFO] - TEST-(DLF) >>  acc_7: 0.3397  acc_5: 0.3980  acc_2: 0.7835  F1_score: 0.7848  Corr: 0.6788  MAE: 0.9668  Loss: 0.9594 
2026-09-01 10:34:24,015 - MMSA [INFO] - >> Epoch: 21 TRAIN -(DLF) [5/21/1] >> total_loss: 6.2507  acc_7: 0.5171  acc_5: 0.5592  acc_2: 0.8895  F1_score: 0.8896  Corr: 0.8522  MAE: 0.5829 
2026-09-01 10:34:25,662 - MMSA [INFO] - VAL-(DLF) >>  acc_7: 0.3537  acc_5: 0.4498  acc_2: 0.8009  F1_score: 0.8019  Corr: 0.6875  MAE: 0.9102  Loss: 0.8948 
2026-09-01 10:34:29,505 - MMSA [INFO] - TEST-(DLF) >>  acc_7: 0.3834  acc_5: 0.4504  acc_2: 0.7942  F1_score: 0.7937  Corr: 0.6882  MAE: 0.9013  Loss: 0.8937 
2026-09-01 10:34:50,635 - MMSA [INFO] - >> Epoch: 22 TRAIN -(DLF) [1/22/1] >> total_loss: 6.0831  acc_7: 0.5179  acc_5: 0.5576  acc_2: 0.8863  F1_score: 0.8863  Corr: 0.8504  MAE: 0.5875 
2026-09-01 10:34:52,140 - MMSA [INFO] - VAL-(DLF) >>  acc_7: 0.3668  acc_5: 0.4629  acc_2: 0.7917  F1_score: 0.7928  Corr: 0.6738  MAE: 0.9421  Loss: 0.9215 
2026-09-01 10:34:55,543 - MMSA [INFO] - TEST-(DLF) >>  acc_7: 0.3703  acc_5: 0.4446  acc_2: 0.8232  F1_score: 0.8217  Corr: 0.6900  MAE: 0.8991  Loss: 0.8913 
2026-09-01 10:35:14,692 - MMSA [INFO] - >> Epoch: 23 TRAIN -(DLF) [2/23/1] >> total_loss: 5.992  acc_7: 0.5187  acc_5: 0.5592  acc_2: 0.8895  F1_score: 0.8896  Corr: 0.8489  MAE: 0.5839 
2026-09-01 10:35:16,023 - MMSA [INFO] - VAL-(DLF) >>  acc_7: 0.3799  acc_5: 0.4672  acc_2: 0.8056  F1_score: 0.8056  Corr: 0.6732  MAE: 0.9513  Loss: 0.9406 
2026-09-01 10:35:18,893 - MMSA [INFO] - TEST-(DLF) >>  acc_7: 0.3309  acc_5: 0.4052  acc_2: 0.7988  F1_score: 0.8000  Corr: 0.6856  MAE: 1.0014  Loss: 0.9936 
2026-09-01 10:35:38,066 - MMSA [INFO] - >> Epoch: 24 TRAIN -(DLF) [3/24/1] >> total_loss: 5.841  acc_7: 0.5296  acc_5: 0.5740  acc_2: 0.8773  F1_score: 0.8773  Corr: 0.8600  MAE: 0.5602 
2026-09-01 10:35:39,521 - MMSA [INFO] - VAL-(DLF) >>  acc_7: 0.3712  acc_5: 0.4541  acc_2: 0.7963  F1_score: 0.7956  Corr: 0.6782  MAE: 0.9193  Loss: 0.9170 
2026-09-01 10:35:43,021 - MMSA [INFO] - TEST-(DLF) >>  acc_7: 0.3455  acc_5: 0.4023  acc_2: 0.7912  F1_score: 0.7924  Corr: 0.6872  MAE: 0.9601  Loss: 0.9517 
2026-09-01 10:36:03,657 - MMSA [INFO] - >> Epoch: 25 TRAIN -(DLF) [4/25/1] >> total_loss: 6.0897  acc_7: 0.5000  acc_5: 0.5413  acc_2: 0.8790  F1_score: 0.8791  Corr: 0.8367  MAE: 0.6060 
2026-09-01 10:36:05,135 - MMSA [INFO] - VAL-(DLF) >>  acc_7: 0.3712  acc_5: 0.4629  acc_2: 0.8009  F1_score: 0.8011  Corr: 0.6871  MAE: 0.9017  Loss: 0.8991 
2026-09-01 10:36:08,689 - MMSA [INFO] - TEST-(DLF) >>  acc_7: 0.3659  acc_5: 0.4286  acc_2: 0.7942  F1_score: 0.7954  Corr: 0.6826  MAE: 0.9430  Loss: 0.9339 
2026-09-01 10:36:29,137 - MMSA [INFO] - >> Epoch: 26 TRAIN -(DLF) [5/26/1] >> total_loss: 5.9578  acc_7: 0.5062  acc_5: 0.5506  acc_2: 0.8798  F1_score: 0.8798  Corr: 0.8531  MAE: 0.5730 
2026-09-01 10:36:30,506 - MMSA [INFO] - VAL-(DLF) >>  acc_7: 0.3755  acc_5: 0.4716  acc_2: 0.8102  F1_score: 0.8107  Corr: 0.6878  MAE: 0.8952  Loss: 0.8901 
2026-09-01 10:36:33,340 - MMSA [INFO] - TEST-(DLF) >>  acc_7: 0.3776  acc_5: 0.4417  acc_2: 0.8018  F1_score: 0.8028  Corr: 0.6913  MAE: 0.9189  Loss: 0.9107 
2026-09-01 10:36:54,220 - MMSA [INFO] - >> Epoch: 27 TRAIN -(DLF) [1/27/1] >> total_loss: 6.2277  acc_7: 0.5506  acc_5: 0.5966  acc_2: 0.8846  F1_score: 0.8845  Corr: 0.8552  MAE: 0.5646 
2026-09-01 10:36:55,608 - MMSA [INFO] - VAL-(DLF) >>  acc_7: 0.3581  acc_5: 0.4541  acc_2: 0.8009  F1_score: 0.8020  Corr: 0.6697  MAE: 0.9357  Loss: 0.9176 
2026-09-01 10:36:58,874 - MMSA [INFO] - TEST-(DLF) >>  acc_7: 0.3848  acc_5: 0.4548  acc_2: 0.8049  F1_score: 0.8050  Corr: 0.6825  MAE: 0.9079  Loss: 0.8998 
2026-09-01 10:37:19,777 - MMSA [INFO] - >> Epoch: 28 TRAIN -(DLF) [2/28/1] >> total_loss: 6.0565  acc_7: 0.5319  acc_5: 0.5724  acc_2: 0.8798  F1_score: 0.8796  Corr: 0.8428  MAE: 0.5814 
2026-09-01 10:37:21,360 - MMSA [INFO] - VAL-(DLF) >>  acc_7: 0.3450  acc_5: 0.4454  acc_2: 0.7778  F1_score: 0.7788  Corr: 0.6602  MAE: 0.9955  Loss: 0.9721 
2026-09-01 10:37:24,794 - MMSA [INFO] - TEST-(DLF) >>  acc_7: 0.3746  acc_5: 0.4504  acc_2: 0.7942  F1_score: 0.7889  Corr: 0.6641  MAE: 0.9387  Loss: 0.9303 
2026-09-01 10:37:45,665 - MMSA [INFO] - >> Epoch: 29 TRAIN -(DLF) [3/29/1] >> total_loss: 6.0209  acc_7: 0.5016  acc_5: 0.5483  acc_2: 0.8692  F1_score: 0.8694  Corr: 0.8465  MAE: 0.5954 
2026-09-01 10:37:47,060 - MMSA [INFO] - VAL-(DLF) >>  acc_7: 0.3537  acc_5: 0.4367  acc_2: 0.7963  F1_score: 0.7908  Corr: 0.6603  MAE: 0.9810  Loss: 0.9936 
2026-09-01 10:37:50,188 - MMSA [INFO] - TEST-(DLF) >>  acc_7: 0.2988  acc_5: 0.3557  acc_2: 0.7652  F1_score: 0.7659  Corr: 0.6800  MAE: 1.0808  Loss: 1.0724 
2026-09-01 10:38:11,756 - MMSA [INFO] - >> Epoch: 30 TRAIN -(DLF) [4/30/1] >> total_loss: 5.77  acc_7: 0.5389  acc_5: 0.5841  acc_2: 0.8838  F1_score: 0.8840  Corr: 0.8654  MAE: 0.5536 
2026-09-01 10:38:13,179 - MMSA [INFO] - VAL-(DLF) >>  acc_7: 0.3319  acc_5: 0.4323  acc_2: 0.8148  F1_score: 0.8154  Corr: 0.6734  MAE: 0.9623  Loss: 0.9447 
2026-09-01 10:38:16,825 - MMSA [INFO] - TEST-(DLF) >>  acc_7: 0.3673  acc_5: 0.4504  acc_2: 0.8049  F1_score: 0.8054  Corr: 0.6937  MAE: 0.9410  Loss: 0.9337 
2026-09-01 10:43:23,572 - MMSA [INFO] - Using device: cuda:0
2026-09-01 10:43:23,573 - MMSA [INFO] - Model switches: use_ccdr=True, use_lfa_aux=True, use_specific_aux=True
2026-09-01 10:43:23,768 - MMSA [INFO] - train samples: (1284,)
2026-09-01 10:43:23,976 - MMSA [INFO] - valid samples: (229,)
2026-09-01 10:43:24,177 - MMSA [INFO] - test samples: (686,)
2026-09-01 10:43:49,938 - MMSA [INFO] - >> Epoch: 1 TRAIN -(DLF) [1/1/1] >> total_loss: 11.3641  acc_7: 0.2196  acc_5: 0.2196  acc_2: 0.5646  F1_score: 0.5419  Corr: 0.2207  MAE: 1.2618 
2026-09-01 10:43:51,168 - MMSA [INFO] - VAL-(DLF) >>  acc_7: 0.2227  acc_5: 0.2227  acc_2: 0.6852  F1_score: 0.6302  Corr: 0.6394  MAE: 1.2020  Loss: 1.2377 
2026-09-01 10:43:54,660 - MMSA [INFO] - TEST-(DLF) >>  acc_7: 0.1837  acc_5: 0.1837  acc_2: 0.5473  F1_score: 0.4901  Corr: 0.5580  MAE: 1.4261  Loss: 1.4216 
2026-09-01 10:44:18,584 - MMSA [INFO] - >> Epoch: 2 TRAIN -(DLF) [1/2/1] >> total_loss: 9.1793  acc_7: 0.3069  acc_5: 0.3154  acc_2: 0.7815  F1_score: 0.7816  Corr: 0.6055  MAE: 0.9645 
2026-09-01 10:44:19,980 - MMSA [INFO] - VAL-(DLF) >>  acc_7: 0.3537  acc_5: 0.4454  acc_2: 0.7731  F1_score: 0.7736  Corr: 0.6786  MAE: 1.0169  Loss: 1.0009 
2026-09-01 10:44:23,411 - MMSA [INFO] - TEST-(DLF) >>  acc_7: 0.3659  acc_5: 0.4446  acc_2: 0.8155  F1_score: 0.8108  Corr: 0.6907  MAE: 0.9067  Loss: 0.9042 
2026-09-01 10:44:45,510 - MMSA [INFO] - >> Epoch: 3 TRAIN -(DLF) [1/3/1] >> total_loss: 8.1151  acc_7: 0.3598  acc_5: 0.3855  acc_2: 0.8375  F1_score: 0.8380  Corr: 0.7209  MAE: 0.8184 
2026-09-01 10:44:46,899 - MMSA [INFO] - VAL-(DLF) >>  acc_7: 0.3144  acc_5: 0.4061  acc_2: 0.8056  F1_score: 0.8062  Corr: 0.6748  MAE: 0.9775  Loss: 0.9701 
2026-09-01 10:44:49,605 - MMSA [INFO] - TEST-(DLF) >>  acc_7: 0.3469  acc_5: 0.4111  acc_2: 0.7622  F1_score: 0.7634  Corr: 0.5975  MAE: 1.0499  Loss: 1.0444 
2026-09-01 10:45:12,032 - MMSA [INFO] - >> Epoch: 4 TRAIN -(DLF) [1/4/1] >> total_loss: 7.441  acc_7: 0.4104  acc_5: 0.4322  acc_2: 0.8416  F1_score: 0.8420  Corr: 0.7617  MAE: 0.7386 
2026-09-01 10:45:13,585 - MMSA [INFO] - VAL-(DLF) >>  acc_7: 0.3057  acc_5: 0.3624  acc_2: 0.7176  F1_score: 0.6954  Corr: 0.5758  MAE: 1.0718  Loss: 1.0886 
2026-09-01 10:45:17,559 - MMSA [INFO] - TEST-(DLF) >>  acc_7: 0.3076  acc_5: 0.3426  acc_2: 0.6799  F1_score: 0.6774  Corr: 0.5790  MAE: 1.0886  Loss: 1.0837 
2026-09-01 10:45:39,736 - MMSA [INFO] - >> Epoch: 5 TRAIN -(DLF) [2/5/1] >> total_loss: 7.1911  acc_7: 0.4494  acc_5: 0.4798  acc_2: 0.8530  F1_score: 0.8529  Corr: 0.7945  MAE: 0.6960 
2026-09-01 10:45:41,537 - MMSA [INFO] - VAL-(DLF) >>  acc_7: 0.2620  acc_5: 0.3362  acc_2: 0.7500  F1_score: 0.7500  Corr: 0.5878  MAE: 1.1453  Loss: 1.1085 
2026-09-01 10:45:44,814 - MMSA [INFO] - TEST-(DLF) >>  acc_7: 0.3382  acc_5: 0.4052  acc_2: 0.7759  F1_score: 0.7704  Corr: 0.6198  MAE: 0.9999  Loss: 0.9974 
2026-09-01 10:46:06,958 - MMSA [INFO] - >> Epoch: 6 TRAIN -(DLF) [3/6/1] >> total_loss: 7.7542  acc_7: 0.3995  acc_5: 0.4221  acc_2: 0.8424  F1_score: 0.8428  Corr: 0.7332  MAE: 0.7770 
2026-09-01 10:46:08,599 - MMSA [INFO] - VAL-(DLF) >>  acc_7: 0.3100  acc_5: 0.3624  acc_2: 0.6528  F1_score: 0.6042  Corr: 0.5538  MAE: 1.1181  Loss: 1.1408 
2026-09-01 10:46:12,192 - MMSA [INFO] - TEST-(DLF) >>  acc_7: 0.2274  acc_5: 0.2464  acc_2: 0.6052  F1_score: 0.5775  Corr: 0.5685  MAE: 1.3015  Loss: 1.2964 
2026-09-01 10:46:35,001 - MMSA [INFO] - >> Epoch: 7 TRAIN -(DLF) [4/7/1] >> total_loss: 7.9114  acc_7: 0.3824  acc_5: 0.4081  acc_2: 0.8229  F1_score: 0.8228  Corr: 0.7206  MAE: 0.7970 
2026-09-01 10:46:36,463 - MMSA [INFO] - VAL-(DLF) >>  acc_7: 0.2795  acc_5: 0.3537  acc_2: 0.7222  F1_score: 0.7174  Corr: 0.4548  MAE: 1.3062  Loss: 1.3143 
2026-09-01 10:46:40,175 - MMSA [INFO] - TEST-(DLF) >>  acc_7: 0.2668  acc_5: 0.3017  acc_2: 0.7134  F1_score: 0.7145  Corr: 0.5152  MAE: 1.3155  Loss: 1.3068 
2026-09-01 10:47:01,938 - MMSA [INFO] - >> Epoch: 8 TRAIN -(DLF) [5/8/1] >> total_loss: 7.5235  acc_7: 0.4299  acc_5: 0.4579  acc_2: 0.8684  F1_score: 0.8686  Corr: 0.7760  MAE: 0.7223 
2026-09-01 10:47:03,629 - MMSA [INFO] - VAL-(DLF) >>  acc_7: 0.1921  acc_5: 0.2402  acc_2: 0.6111  F1_score: 0.5750  Corr: 0.4915  MAE: 1.4856  Loss: 1.4370 
2026-09-01 10:47:06,683 - MMSA [INFO] - TEST-(DLF) >>  acc_7: 0.2755  acc_5: 0.3251  acc_2: 0.6921  F1_score: 0.6446  Corr: 0.5085  MAE: 1.1772  Loss: 1.1746 
2026-09-01 10:47:28,989 - MMSA [INFO] - >> Epoch: 9 TRAIN -(DLF) [6/9/1] >> total_loss: 8.0582  acc_7: 0.3583  acc_5: 0.3840  acc_2: 0.7929  F1_score: 0.7934  Corr: 0.7084  MAE: 0.8205 
2026-09-01 10:47:30,194 - MMSA [INFO] - VAL-(DLF) >>  acc_7: 0.3406  acc_5: 0.4148  acc_2: 0.7685  F1_score: 0.7698  Corr: 0.5666  MAE: 1.1402  Loss: 1.1377 
2026-09-01 10:47:34,042 - MMSA [INFO] - TEST-(DLF) >>  acc_7: 0.2697  acc_5: 0.3076  acc_2: 0.7363  F1_score: 0.7334  Corr: 0.4995  MAE: 1.2620  Loss: 1.2584 
2026-09-01 10:47:57,523 - MMSA [INFO] - >> Epoch: 10 TRAIN -(DLF) [7/10/1] >> total_loss: 7.6357  acc_7: 0.4097  acc_5: 0.4439  acc_2: 0.8457  F1_score: 0.8460  Corr: 0.7516  MAE: 0.7577 
2026-09-01 10:47:59,166 - MMSA [INFO] - VAL-(DLF) >>  acc_7: 0.2926  acc_5: 0.3712  acc_2: 0.7500  F1_score: 0.7514  Corr: 0.5794  MAE: 1.0832  Loss: 1.0673 
2026-09-01 10:48:03,112 - MMSA [INFO] - TEST-(DLF) >>  acc_7: 0.3105  acc_5: 0.3484  acc_2: 0.7485  F1_score: 0.7444  Corr: 0.5392  MAE: 1.0720  Loss: 1.0669 
2026-09-01 10:48:27,535 - MMSA [INFO] - >> Epoch: 11 TRAIN -(DLF) [8/11/1] >> total_loss: 7.482  acc_7: 0.4369  acc_5: 0.4712  acc_2: 0.8310  F1_score: 0.8308  Corr: 0.7626  MAE: 0.7357 
2026-09-01 10:48:28,977 - MMSA [INFO] - VAL-(DLF) >>  acc_7: 0.3406  acc_5: 0.4105  acc_2: 0.7824  F1_score: 0.7796  Corr: 0.6156  MAE: 1.0673  Loss: 1.0656 
2026-09-01 10:48:32,973 - MMSA [INFO] - TEST-(DLF) >>  acc_7: 0.2755  acc_5: 0.3061  acc_2: 0.7241  F1_score: 0.7248  Corr: 0.6045  MAE: 1.2046  Loss: 1.1974 
2026-09-01 10:48:55,602 - MMSA [INFO] - >> Epoch: 12 TRAIN -(DLF) [9/12/1] >> total_loss: 6.4903  acc_7: 0.4579  acc_5: 0.4938  acc_2: 0.8619  F1_score: 0.8622  Corr: 0.8104  MAE: 0.6611 
2026-09-01 10:48:56,965 - MMSA [INFO] - VAL-(DLF) >>  acc_7: 0.3231  acc_5: 0.4017  acc_2: 0.7454  F1_score: 0.7413  Corr: 0.5287  MAE: 1.1879  Loss: 1.1958 
2026-09-01 10:49:00,306 - MMSA [INFO] - TEST-(DLF) >>  acc_7: 0.2843  acc_5: 0.3076  acc_2: 0.7195  F1_score: 0.7208  Corr: 0.5216  MAE: 1.2755  Loss: 1.2680 
2026-09-01 10:49:22,255 - MMSA [INFO] - >> Epoch: 13 TRAIN -(DLF) [10/13/1] >> total_loss: 6.8504  acc_7: 0.4650  acc_5: 0.5016  acc_2: 0.8887  F1_score: 0.8890  Corr: 0.8268  MAE: 0.6428 
2026-09-01 10:49:23,213 - MMSA [INFO] - VAL-(DLF) >>  acc_7: 0.2882  acc_5: 0.3712  acc_2: 0.7454  F1_score: 0.7427  Corr: 0.5799  MAE: 1.0971  Loss: 1.1024 
2026-09-01 10:49:25,838 - MMSA [INFO] - TEST-(DLF) >>  acc_7: 0.3265  acc_5: 0.3630  acc_2: 0.7302  F1_score: 0.7318  Corr: 0.5566  MAE: 1.1224  Loss: 1.1132 
2026-09-01 10:49:30,829 - MMSA [INFO] - TEST-(DLF) >>  acc_7: 0.3469  acc_5: 0.4111  acc_2: 0.7622  F1_score: 0.7634  Corr: 0.5975  MAE: 1.0499  Loss: 1.0444 
2026-09-01 10:49:32,204 - MMSA [INFO] - Results saved to result/normal/mosi.csv.
2026-09-01 10:54:54,240 - MMSA [INFO] - Using device: cuda:0
2026-09-01 10:54:54,241 - MMSA [INFO] - Model switches: use_ccdr=True, use_lfa_aux=True, use_specific_aux=True
2026-09-01 10:54:54,554 - MMSA [INFO] - train samples: (1284,)
2026-09-01 10:54:54,768 - MMSA [INFO] - valid samples: (229,)
2026-09-01 10:54:54,966 - MMSA [INFO] - test samples: (686,)
2026-09-01 10:54:59,145 - MMSA [INFO] - Optimizer: AdamW, bert_lr=2e-05, other_lr=0.0001, weight_decay=0.005
2026-09-01 10:55:43,503 - MMSA [INFO] - >> Epoch: 1 TRAIN -(DLF) [1/1/1] >> total_loss: 12.858  acc_7: 0.1939  acc_5: 0.1939  acc_2: 0.5516  F1_score: 0.4597  Corr: 0.0627  MAE: 1.3155 
2026-09-01 10:55:48,134 - MMSA [INFO] - VAL-(DLF) >>  acc_7: 0.2140  acc_5: 0.2140  acc_2: 0.5741  F1_score: 0.4187  Corr: 0.1641  MAE: 1.4060  Loss: 1.4392 
2026-09-01 10:56:01,439 - MMSA [INFO] - TEST-(DLF) >>  acc_7: 0.1545  acc_5: 0.1545  acc_2: 0.4223  F1_score: 0.2507  Corr: 0.2226  MAE: 1.4800  Loss: 1.4794 
2026-09-01 10:56:46,475 - MMSA [INFO] - >> Epoch: 2 TRAIN -(DLF) [1/2/1] >> total_loss: 12.0524  acc_7: 0.2017  acc_5: 0.2017  acc_2: 0.5516  F1_score: 0.3965  Corr: 0.2284  MAE: 1.2954 
2026-09-01 10:56:51,083 - MMSA [INFO] - VAL-(DLF) >>  acc_7: 0.2227  acc_5: 0.2227  acc_2: 0.5787  F1_score: 0.4291  Corr: 0.5299  MAE: 1.3555  Loss: 1.3858 
2026-09-01 10:57:04,938 - MMSA [INFO] - TEST-(DLF) >>  acc_7: 0.1749  acc_5: 0.1749  acc_2: 0.4223  F1_score: 0.2507  Corr: 0.5022  MAE: 1.4262  Loss: 1.4255 
2026-09-01 10:57:46,583 - MMSA [INFO] - >> Epoch: 3 TRAIN -(DLF) [1/3/1] >> total_loss: 10.4487  acc_7: 0.2087  acc_5: 0.2087  acc_2: 0.6052  F1_score: 0.5159  Corr: 0.5527  MAE: 1.2262 
2026-09-01 10:57:50,498 - MMSA [INFO] - VAL-(DLF) >>  acc_7: 0.2620  acc_5: 0.2620  acc_2: 0.8194  F1_score: 0.8171  Corr: 0.7186  MAE: 1.1848  Loss: 1.2081 
2026-09-01 10:58:00,105 - MMSA [INFO] - TEST-(DLF) >>  acc_7: 0.2070  acc_5: 0.2070  acc_2: 0.7896  F1_score: 0.7909  Corr: 0.6976  MAE: 1.2365  Loss: 1.2354 
2026-09-01 10:58:43,189 - MMSA [INFO] - >> Epoch: 4 TRAIN -(DLF) [1/4/1] >> total_loss: 9.2156  acc_7: 0.2531  acc_5: 0.2531  acc_2: 0.8132  F1_score: 0.8105  Corr: 0.7138  MAE: 1.0854 
2026-09-01 10:58:47,150 - MMSA [INFO] - VAL-(DLF) >>  acc_7: 0.2707  acc_5: 0.2707  acc_2: 0.8333  F1_score: 0.8309  Corr: 0.7258  MAE: 1.0676  Loss: 1.0882 
2026-09-01 10:58:58,223 - MMSA [INFO] - TEST-(DLF) >>  acc_7: 0.2041  acc_5: 0.2041  acc_2: 0.8049  F1_score: 0.8060  Corr: 0.7061  MAE: 1.1616  Loss: 1.1608 
2026-09-01 10:59:41,049 - MMSA [INFO] - >> Epoch: 5 TRAIN -(DLF) [1/5/1] >> total_loss: 8.3122  acc_7: 0.2850  acc_5: 0.2850  acc_2: 0.8538  F1_score: 0.8526  Corr: 0.7790  MAE: 0.9402 
2026-09-01 10:59:45,774 - MMSA [INFO] - VAL-(DLF) >>  acc_7: 0.3013  acc_5: 0.3144  acc_2: 0.8426  F1_score: 0.8424  Corr: 0.7435  MAE: 0.9225  Loss: 0.9321 
2026-09-01 10:59:59,845 - MMSA [INFO] - TEST-(DLF) >>  acc_7: 0.2872  acc_5: 0.2901  acc_2: 0.8323  F1_score: 0.8327  Corr: 0.7217  MAE: 0.9981  Loss: 0.9971 
2026-09-01 11:00:46,544 - MMSA [INFO] - >> Epoch: 6 TRAIN -(DLF) [1/6/1] >> total_loss: 7.556  acc_7: 0.3349  acc_5: 0.3380  acc_2: 0.9041  F1_score: 0.9042  Corr: 0.8196  MAE: 0.7691 
2026-09-01 11:00:51,302 - MMSA [INFO] - VAL-(DLF) >>  acc_7: 0.3537  acc_5: 0.4192  acc_2: 0.8519  F1_score: 0.8520  Corr: 0.7571  MAE: 0.8392  Loss: 0.8312 
2026-09-01 11:01:04,563 - MMSA [INFO] - TEST-(DLF) >>  acc_7: 0.3324  acc_5: 0.3528  acc_2: 0.8293  F1_score: 0.8288  Corr: 0.7348  MAE: 0.8674  Loss: 0.8667 
2026-09-01 11:01:51,200 - MMSA [INFO] - >> Epoch: 7 TRAIN -(DLF) [1/7/1] >> total_loss: 6.8919  acc_7: 0.4081  acc_5: 0.4307  acc_2: 0.9261  F1_score: 0.9262  Corr: 0.8651  MAE: 0.6311 
2026-09-01 11:01:55,353 - MMSA [INFO] - VAL-(DLF) >>  acc_7: 0.3799  acc_5: 0.4629  acc_2: 0.8472  F1_score: 0.8471  Corr: 0.7636  MAE: 0.8206  Loss: 0.8118 
2026-09-01 11:02:06,260 - MMSA [INFO] - TEST-(DLF) >>  acc_7: 0.3440  acc_5: 0.3805  acc_2: 0.8338  F1_score: 0.8342  Corr: 0.7529  MAE: 0.8685  Loss: 0.8681 
2026-09-01 11:02:53,758 - MMSA [INFO] - >> Epoch: 8 TRAIN -(DLF) [1/8/1] >> total_loss: 6.4184  acc_7: 0.5265  acc_5: 0.5607  acc_2: 0.9285  F1_score: 0.9286  Corr: 0.8826  MAE: 0.5450 
2026-09-01 11:02:58,993 - MMSA [INFO] - VAL-(DLF) >>  acc_7: 0.3668  acc_5: 0.4891  acc_2: 0.8519  F1_score: 0.8520  Corr: 0.7635  MAE: 0.8666  Loss: 0.8400 
2026-09-01 11:03:14,268 - MMSA [INFO] - TEST-(DLF) >>  acc_7: 0.3994  acc_5: 0.4854  acc_2: 0.8430  F1_score: 0.8428  Corr: 0.7529  MAE: 0.8570  Loss: 0.8569 
2026-09-01 11:04:02,251 - MMSA [INFO] - >> Epoch: 9 TRAIN -(DLF) [2/9/1] >> total_loss: 6.089  acc_7: 0.5615  acc_5: 0.6036  acc_2: 0.9334  F1_score: 0.9335  Corr: 0.8974  MAE: 0.5016 
2026-09-01 11:04:06,899 - MMSA [INFO] - VAL-(DLF) >>  acc_7: 0.3712  acc_5: 0.5022  acc_2: 0.8426  F1_score: 0.8428  Corr: 0.7716  MAE: 0.8581  Loss: 0.8340 
2026-09-01 11:04:20,433 - MMSA [INFO] - TEST-(DLF) >>  acc_7: 0.4038  acc_5: 0.4913  acc_2: 0.8354  F1_score: 0.8351  Corr: 0.7648  MAE: 0.8508  Loss: 0.8509 
2026-09-01 11:05:08,132 - MMSA [INFO] - >> Epoch: 10 TRAIN -(DLF) [3/10/1] >> total_loss: 5.7208  acc_7: 0.5607  acc_5: 0.6090  acc_2: 0.9407  F1_score: 0.9408  Corr: 0.9085  MAE: 0.4779 
2026-09-01 11:05:13,202 - MMSA [INFO] - VAL-(DLF) >>  acc_7: 0.3450  acc_5: 0.4847  acc_2: 0.8472  F1_score: 0.8475  Corr: 0.7708  MAE: 0.8742  Loss: 0.8485 
2026-09-01 11:05:26,374 - MMSA [INFO] - TEST-(DLF) >>  acc_7: 0.4140  acc_5: 0.4956  acc_2: 0.8369  F1_score: 0.8368  Corr: 0.7616  MAE: 0.8563  Loss: 0.8562 
2026-09-01 11:06:13,417 - MMSA [INFO] - >> Epoch: 11 TRAIN -(DLF) [4/11/1] >> total_loss: 5.4238  acc_7: 0.6083  acc_5: 0.6534  acc_2: 0.9529  F1_score: 0.9529  Corr: 0.9250  MAE: 0.4267 
2026-09-01 11:06:18,473 - MMSA [INFO] - VAL-(DLF) >>  acc_7: 0.3712  acc_5: 0.5109  acc_2: 0.8519  F1_score: 0.8514  Corr: 0.7835  MAE: 0.8007  Loss: 0.7833 
2026-09-01 11:06:32,026 - MMSA [INFO] - TEST-(DLF) >>  acc_7: 0.4111  acc_5: 0.4927  acc_2: 0.8277  F1_score: 0.8283  Corr: 0.7665  MAE: 0.8349  Loss: 0.8346 
2026-09-01 11:07:15,799 - MMSA [INFO] - >> Epoch: 12 TRAIN -(DLF) [1/12/1] >> total_loss: 5.1327  acc_7: 0.5919  acc_5: 0.6386  acc_2: 0.9561  F1_score: 0.9562  Corr: 0.9333  MAE: 0.4076 
2026-09-01 11:07:20,570 - MMSA [INFO] - VAL-(DLF) >>  acc_7: 0.4105  acc_5: 0.5153  acc_2: 0.8519  F1_score: 0.8511  Corr: 0.7849  MAE: 0.8062  Loss: 0.7876 
2026-09-01 11:07:36,556 - MMSA [INFO] - TEST-(DLF) >>  acc_7: 0.4038  acc_5: 0.4942  acc_2: 0.8293  F1_score: 0.8299  Corr: 0.7667  MAE: 0.8462  Loss: 0.8457 
2026-09-01 11:08:26,078 - MMSA [INFO] - >> Epoch: 13 TRAIN -(DLF) [2/13/1] >> total_loss: 4.9017  acc_7: 0.6402  acc_5: 0.6893  acc_2: 0.9537  F1_score: 0.9537  Corr: 0.9423  MAE: 0.3809 
2026-09-01 11:08:30,918 - MMSA [INFO] - VAL-(DLF) >>  acc_7: 0.3974  acc_5: 0.5066  acc_2: 0.8472  F1_score: 0.8477  Corr: 0.7862  MAE: 0.8101  Loss: 0.7846 
2026-09-01 11:08:43,934 - MMSA [INFO] - TEST-(DLF) >>  acc_7: 0.4155  acc_5: 0.5000  acc_2: 0.8415  F1_score: 0.8410  Corr: 0.7744  MAE: 0.8115  Loss: 0.8112 
2026-09-01 11:09:24,878 - MMSA [INFO] - >> Epoch: 14 TRAIN -(DLF) [3/14/1] >> total_loss: 4.7308  acc_7: 0.6636  acc_5: 0.7118  acc_2: 0.9472  F1_score: 0.9472  Corr: 0.9463  MAE: 0.3613 
2026-09-01 11:09:28,343 - MMSA [INFO] - VAL-(DLF) >>  acc_7: 0.3799  acc_5: 0.5066  acc_2: 0.8519  F1_score: 0.8524  Corr: 0.7872  MAE: 0.8196  Loss: 0.7954 
2026-09-01 11:09:38,582 - MMSA [INFO] - TEST-(DLF) >>  acc_7: 0.4184  acc_5: 0.5219  acc_2: 0.8384  F1_score: 0.8377  Corr: 0.7816  MAE: 0.8043  Loss: 0.8043 
2026-09-01 11:10:19,844 - MMSA [INFO] - >> Epoch: 15 TRAIN -(DLF) [4/15/1] >> total_loss: 4.542  acc_7: 0.6589  acc_5: 0.7134  acc_2: 0.9529  F1_score: 0.9529  Corr: 0.9520  MAE: 0.3494 
2026-09-01 11:10:24,092 - MMSA [INFO] - VAL-(DLF) >>  acc_7: 0.4148  acc_5: 0.5197  acc_2: 0.8426  F1_score: 0.8418  Corr: 0.7885  MAE: 0.8092  Loss: 0.7883 
2026-09-01 11:10:35,550 - MMSA [INFO] - TEST-(DLF) >>  acc_7: 0.3732  acc_5: 0.4825  acc_2: 0.8277  F1_score: 0.8283  Corr: 0.7701  MAE: 0.8557  Loss: 0.8558 
2026-09-01 11:11:16,097 - MMSA [INFO] - >> Epoch: 16 TRAIN -(DLF) [5/16/1] >> total_loss: 4.3881  acc_7: 0.7111  acc_5: 0.7648  acc_2: 0.9594  F1_score: 0.9594  Corr: 0.9593  MAE: 0.3158 
2026-09-01 11:11:19,924 - MMSA [INFO] - VAL-(DLF) >>  acc_7: 0.4541  acc_5: 0.5371  acc_2: 0.8519  F1_score: 0.8508  Corr: 0.7967  MAE: 0.7653  Loss: 0.7514 
2026-09-01 11:11:30,012 - MMSA [INFO] - TEST-(DLF) >>  acc_7: 0.4125  acc_5: 0.5102  acc_2: 0.8262  F1_score: 0.8271  Corr: 0.7749  MAE: 0.8278  Loss: 0.8277 
2026-09-01 11:12:10,340 - MMSA [INFO] - >> Epoch: 17 TRAIN -(DLF) [1/17/1] >> total_loss: 4.3726  acc_7: 0.6737  acc_5: 0.7298  acc_2: 0.9529  F1_score: 0.9529  Corr: 0.9574  MAE: 0.3368 
2026-09-01 11:12:14,787 - MMSA [INFO] - VAL-(DLF) >>  acc_7: 0.3974  acc_5: 0.5328  acc_2: 0.8519  F1_score: 0.8511  Corr: 0.8015  MAE: 0.7807  Loss: 0.7655 
2026-09-01 11:12:26,441 - MMSA [INFO] - TEST-(DLF) >>  acc_7: 0.3819  acc_5: 0.4971  acc_2: 0.8293  F1_score: 0.8300  Corr: 0.7815  MAE: 0.8278  Loss: 0.8278 
2026-09-01 11:13:08,107 - MMSA [INFO] - >> Epoch: 18 TRAIN -(DLF) [2/18/1] >> total_loss: 4.1024  acc_7: 0.7118  acc_5: 0.7640  acc_2: 0.9683  F1_score: 0.9683  Corr: 0.9662  MAE: 0.2986 
2026-09-01 11:13:13,003 - MMSA [INFO] - VAL-(DLF) >>  acc_7: 0.4498  acc_5: 0.5502  acc_2: 0.8519  F1_score: 0.8520  Corr: 0.8039  MAE: 0.7579  Loss: 0.7369 
2026-09-01 11:13:24,990 - MMSA [INFO] - TEST-(DLF) >>  acc_7: 0.4315  acc_5: 0.5204  acc_2: 0.8338  F1_score: 0.8340  Corr: 0.7825  MAE: 0.7837  Loss: 0.7836 
2026-09-01 11:14:13,349 - MMSA [INFO] - >> Epoch: 19 TRAIN -(DLF) [1/19/1] >> total_loss: 3.9723  acc_7: 0.7142  acc_5: 0.7695  acc_2: 0.9683  F1_score: 0.9683  Corr: 0.9670  MAE: 0.2934 
2026-09-01 11:14:19,563 - MMSA [INFO] - VAL-(DLF) >>  acc_7: 0.4192  acc_5: 0.5240  acc_2: 0.8380  F1_score: 0.8383  Corr: 0.8026  MAE: 0.7665  Loss: 0.7463 
2026-09-01 11:14:33,922 - MMSA [INFO] - TEST-(DLF) >>  acc_7: 0.4009  acc_5: 0.5000  acc_2: 0.8384  F1_score: 0.8382  Corr: 0.7862  MAE: 0.7860  Loss: 0.7859 
2026-09-01 11:15:21,926 - MMSA [INFO] - >> Epoch: 20 TRAIN -(DLF) [2/20/1] >> total_loss: 3.9037  acc_7: 0.7399  acc_5: 0.7928  acc_2: 0.9683  F1_score: 0.9683  Corr: 0.9699  MAE: 0.2766 
2026-09-01 11:15:26,738 - MMSA [INFO] - VAL-(DLF) >>  acc_7: 0.4498  acc_5: 0.5371  acc_2: 0.8426  F1_score: 0.8431  Corr: 0.8018  MAE: 0.7547  Loss: 0.7342 
2026-09-01 11:15:37,349 - MMSA [INFO] - TEST-(DLF) >>  acc_7: 0.4096  acc_5: 0.5117  acc_2: 0.8445  F1_score: 0.8442  Corr: 0.7864  MAE: 0.7780  Loss: 0.7778 
2026-09-01 11:16:24,550 - MMSA [INFO] - >> Epoch: 21 TRAIN -(DLF) [1/21/1] >> total_loss: 3.8224  acc_7: 0.7375  acc_5: 0.7913  acc_2: 0.9683  F1_score: 0.9683  Corr: 0.9718  MAE: 0.2705 
2026-09-01 11:16:29,273 - MMSA [INFO] - VAL-(DLF) >>  acc_7: 0.4367  acc_5: 0.5240  acc_2: 0.8426  F1_score: 0.8433  Corr: 0.7981  MAE: 0.7855  Loss: 0.7593 
2026-09-01 11:16:43,769 - MMSA [INFO] - TEST-(DLF) >>  acc_7: 0.4023  acc_5: 0.5219  acc_2: 0.8491  F1_score: 0.8477  Corr: 0.7881  MAE: 0.7824  Loss: 0.7822 
2026-09-01 11:17:26,861 - MMSA [INFO] - >> Epoch: 22 TRAIN -(DLF) [2/22/1] >> total_loss: 3.749  acc_7: 0.7336  acc_5: 0.7889  acc_2: 0.9708  F1_score: 0.9708  Corr: 0.9721  MAE: 0.2698 
2026-09-01 11:17:31,944 - MMSA [INFO] - VAL-(DLF) >>  acc_7: 0.4192  acc_5: 0.5240  acc_2: 0.8426  F1_score: 0.8432  Corr: 0.8055  MAE: 0.7340  Loss: 0.7142 
2026-09-01 11:17:43,132 - MMSA [INFO] - TEST-(DLF) >>  acc_7: 0.4417  acc_5: 0.5292  acc_2: 0.8399  F1_score: 0.8392  Corr: 0.7891  MAE: 0.7464  Loss: 0.7461 
2026-09-01 11:18:22,709 - MMSA [INFO] - >> Epoch: 23 TRAIN -(DLF) [1/23/1] >> total_loss: 3.6835  acc_7: 0.7282  acc_5: 0.7819  acc_2: 0.9626  F1_score: 0.9626  Corr: 0.9723  MAE: 0.2659 
2026-09-01 11:18:26,507 - MMSA [INFO] - VAL-(DLF) >>  acc_7: 0.4585  acc_5: 0.5502  acc_2: 0.8611  F1_score: 0.8613  Corr: 0.8085  MAE: 0.7517  Loss: 0.7297 
2026-09-01 11:18:35,480 - MMSA [INFO] - TEST-(DLF) >>  acc_7: 0.3994  acc_5: 0.5117  acc_2: 0.8369  F1_score: 0.8369  Corr: 0.7890  MAE: 0.7801  Loss: 0.7800 
2026-09-01 11:19:13,953 - MMSA [INFO] - >> Epoch: 24 TRAIN -(DLF) [2/24/1] >> total_loss: 3.5775  acc_7: 0.7632  acc_5: 0.8162  acc_2: 0.9716  F1_score: 0.9716  Corr: 0.9768  MAE: 0.2494 
2026-09-01 11:19:18,506 - MMSA [INFO] - VAL-(DLF) >>  acc_7: 0.4410  acc_5: 0.5415  acc_2: 0.8611  F1_score: 0.8611  Corr: 0.8050  MAE: 0.7641  Loss: 0.7448 
2026-09-01 11:19:30,641 - MMSA [INFO] - TEST-(DLF) >>  acc_7: 0.3965  acc_5: 0.5058  acc_2: 0.8384  F1_score: 0.8386  Corr: 0.7865  MAE: 0.7951  Loss: 0.7951 
2026-09-01 11:20:15,911 - MMSA [INFO] - >> Epoch: 25 TRAIN -(DLF) [3/25/1] >> total_loss: 3.5372  acc_7: 0.7593  acc_5: 0.8107  acc_2: 0.9708  F1_score: 0.9708  Corr: 0.9776  MAE: 0.2428 
2026-09-01 11:20:21,073 - MMSA [INFO] - VAL-(DLF) >>  acc_7: 0.4236  acc_5: 0.5371  acc_2: 0.8565  F1_score: 0.8564  Corr: 0.8053  MAE: 0.7542  Loss: 0.7360 
2026-09-01 11:20:35,390 - MMSA [INFO] - TEST-(DLF) >>  acc_7: 0.3994  acc_5: 0.5102  acc_2: 0.8399  F1_score: 0.8402  Corr: 0.7850  MAE: 0.7942  Loss: 0.7942 
2026-09-01 11:21:18,992 - MMSA [INFO] - >> Epoch: 26 TRAIN -(DLF) [4/26/1] >> total_loss: 3.4019  acc_7: 0.7695  acc_5: 0.8263  acc_2: 0.9756  F1_score: 0.9756  Corr: 0.9793  MAE: 0.2356 
2026-09-01 11:21:24,067 - MMSA [INFO] - VAL-(DLF) >>  acc_7: 0.4716  acc_5: 0.5546  acc_2: 0.8657  F1_score: 0.8658  Corr: 0.8078  MAE: 0.7170  Loss: 0.6984 
2026-09-01 11:21:35,168 - MMSA [INFO] - TEST-(DLF) >>  acc_7: 0.4052  acc_5: 0.5015  acc_2: 0.8399  F1_score: 0.8401  Corr: 0.7850  MAE: 0.7777  Loss: 0.7776 
2026-09-01 11:22:19,459 - MMSA [INFO] - >> Epoch: 27 TRAIN -(DLF) [1/27/1] >> total_loss: 3.362  acc_7: 0.7819  acc_5: 0.8318  acc_2: 0.9764  F1_score: 0.9764  Corr: 0.9810  MAE: 0.2286 
2026-09-01 11:22:23,505 - MMSA [INFO] - VAL-(DLF) >>  acc_7: 0.4847  acc_5: 0.5633  acc_2: 0.8611  F1_score: 0.8611  Corr: 0.8070  MAE: 0.7177  Loss: 0.6993 
2026-09-01 11:22:33,900 - MMSA [INFO] - TEST-(DLF) >>  acc_7: 0.4184  acc_5: 0.5102  acc_2: 0.8384  F1_score: 0.8386  Corr: 0.7879  MAE: 0.7659  Loss: 0.7658 
2026-09-01 11:23:18,675 - MMSA [INFO] - >> Epoch: 28 TRAIN -(DLF) [2/28/1] >> total_loss: 3.2876  acc_7: 0.7889  acc_5: 0.8435  acc_2: 0.9708  F1_score: 0.9708  Corr: 0.9818  MAE: 0.2225 
2026-09-01 11:23:22,555 - MMSA [INFO] - VAL-(DLF) >>  acc_7: 0.4585  acc_5: 0.5590  acc_2: 0.8519  F1_score: 0.8522  Corr: 0.8075  MAE: 0.7120  Loss: 0.6948 
2026-09-01 11:23:31,773 - MMSA [INFO] - TEST-(DLF) >>  acc_7: 0.4271  acc_5: 0.5160  acc_2: 0.8415  F1_score: 0.8412  Corr: 0.7895  MAE: 0.7513  Loss: 0.7511 
2026-09-01 11:24:20,542 - MMSA [INFO] - >> Epoch: 29 TRAIN -(DLF) [1/29/1] >> total_loss: 3.2924  acc_7: 0.7664  acc_5: 0.8146  acc_2: 0.9821  F1_score: 0.9821  Corr: 0.9828  MAE: 0.2179 
2026-09-01 11:24:25,247 - MMSA [INFO] - VAL-(DLF) >>  acc_7: 0.4629  acc_5: 0.5590  acc_2: 0.8380  F1_score: 0.8383  Corr: 0.8075  MAE: 0.7090  Loss: 0.6935 
2026-09-01 11:24:39,149 - MMSA [INFO] - TEST-(DLF) >>  acc_7: 0.4417  acc_5: 0.5321  acc_2: 0.8415  F1_score: 0.8410  Corr: 0.7888  MAE: 0.7473  Loss: 0.7471 
2026-09-01 11:25:26,927 - MMSA [INFO] - >> Epoch: 30 TRAIN -(DLF) [1/30/1] >> total_loss: 3.2513  acc_7: 0.7960  acc_5: 0.8474  acc_2: 0.9773  F1_score: 0.9773  Corr: 0.9833  MAE: 0.2126 
2026-09-01 11:25:31,703 - MMSA [INFO] - VAL-(DLF) >>  acc_7: 0.4672  acc_5: 0.5677  acc_2: 0.8380  F1_score: 0.8383  Corr: 0.8098  MAE: 0.7015  Loss: 0.6879 
2026-09-01 11:25:45,377 - MMSA [INFO] - TEST-(DLF) >>  acc_7: 0.4417  acc_5: 0.5277  acc_2: 0.8384  F1_score: 0.8386  Corr: 0.7918  MAE: 0.7446  Loss: 0.7444 
2026-09-01 11:26:30,823 - MMSA [INFO] - >> Epoch: 31 TRAIN -(DLF) [1/31/1] >> total_loss: 3.1243  acc_7: 0.7757  acc_5: 0.8294  acc_2: 0.9756  F1_score: 0.9756  Corr: 0.9840  MAE: 0.2053 
2026-09-01 11:26:35,588 - MMSA [INFO] - VAL-(DLF) >>  acc_7: 0.4716  acc_5: 0.5764  acc_2: 0.8519  F1_score: 0.8524  Corr: 0.8073  MAE: 0.7088  Loss: 0.6931 
2026-09-01 11:26:49,379 - MMSA [INFO] - TEST-(DLF) >>  acc_7: 0.4388  acc_5: 0.5306  acc_2: 0.8445  F1_score: 0.8444  Corr: 0.7914  MAE: 0.7422  Loss: 0.7419 
2026-09-01 11:27:35,911 - MMSA [INFO] - >> Epoch: 32 TRAIN -(DLF) [2/32/1] >> total_loss: 3.1281  acc_7: 0.8014  acc_5: 0.8450  acc_2: 0.9781  F1_score: 0.9781  Corr: 0.9837  MAE: 0.2131 
2026-09-01 11:27:39,779 - MMSA [INFO] - VAL-(DLF) >>  acc_7: 0.4760  acc_5: 0.5721  acc_2: 0.8565  F1_score: 0.8568  Corr: 0.8087  MAE: 0.6992  Loss: 0.6805 
2026-09-01 11:27:51,491 - MMSA [INFO] - TEST-(DLF) >>  acc_7: 0.4402  acc_5: 0.5233  acc_2: 0.8415  F1_score: 0.8414  Corr: 0.7892  MAE: 0.7410  Loss: 0.7406 
2026-09-01 11:28:39,596 - MMSA [INFO] - >> Epoch: 33 TRAIN -(DLF) [1/33/1] >> total_loss: 3.0894  acc_7: 0.7921  acc_5: 0.8380  acc_2: 0.9789  F1_score: 0.9789  Corr: 0.9853  MAE: 0.2011 
2026-09-01 11:28:44,510 - MMSA [INFO] - VAL-(DLF) >>  acc_7: 0.4716  acc_5: 0.5721  acc_2: 0.8519  F1_score: 0.8520  Corr: 0.8069  MAE: 0.7099  Loss: 0.6901 
2026-09-01 11:28:58,263 - MMSA [INFO] - TEST-(DLF) >>  acc_7: 0.4315  acc_5: 0.5277  acc_2: 0.8415  F1_score: 0.8416  Corr: 0.7887  MAE: 0.7560  Loss: 0.7558 
2026-09-01 11:29:45,192 - MMSA [INFO] - >> Epoch: 34 TRAIN -(DLF) [2/34/1] >> total_loss: 3.0054  acc_7: 0.8045  acc_5: 0.8551  acc_2: 0.9846  F1_score: 0.9846  Corr: 0.9865  MAE: 0.1917 
2026-09-01 11:29:50,183 - MMSA [INFO] - VAL-(DLF) >>  acc_7: 0.4672  acc_5: 0.5590  acc_2: 0.8565  F1_score: 0.8568  Corr: 0.8047  MAE: 0.7176  Loss: 0.6999 
2026-09-01 11:30:03,679 - MMSA [INFO] - TEST-(DLF) >>  acc_7: 0.4140  acc_5: 0.5117  acc_2: 0.8399  F1_score: 0.8401  Corr: 0.7905  MAE: 0.7551  Loss: 0.7549 
2026-09-01 11:30:50,944 - MMSA [INFO] - >> Epoch: 35 TRAIN -(DLF) [3/35/1] >> total_loss: 2.9757  acc_7: 0.7967  acc_5: 0.8419  acc_2: 0.9862  F1_score: 0.9862  Corr: 0.9856  MAE: 0.2017 
2026-09-01 11:30:55,279 - MMSA [INFO] - VAL-(DLF) >>  acc_7: 0.4716  acc_5: 0.5633  acc_2: 0.8472  F1_score: 0.8478  Corr: 0.8037  MAE: 0.7192  Loss: 0.6977 
2026-09-01 11:31:07,110 - MMSA [INFO] - TEST-(DLF) >>  acc_7: 0.4446  acc_5: 0.5364  acc_2: 0.8415  F1_score: 0.8408  Corr: 0.7912  MAE: 0.7435  Loss: 0.7433 
2026-09-01 11:31:51,209 - MMSA [INFO] - >> Epoch: 36 TRAIN -(DLF) [4/36/1] >> total_loss: 2.9311  acc_7: 0.8006  acc_5: 0.8474  acc_2: 0.9764  F1_score: 0.9764  Corr: 0.9855  MAE: 0.2000 
2026-09-01 11:31:56,047 - MMSA [INFO] - VAL-(DLF) >>  acc_7: 0.4629  acc_5: 0.5502  acc_2: 0.8472  F1_score: 0.8478  Corr: 0.8045  MAE: 0.7190  Loss: 0.6994 
2026-09-01 11:32:10,066 - MMSA [INFO] - TEST-(DLF) >>  acc_7: 0.4504  acc_5: 0.5321  acc_2: 0.8415  F1_score: 0.8406  Corr: 0.7895  MAE: 0.7419  Loss: 0.7416 
2026-09-01 11:32:59,952 - MMSA [INFO] - >> Epoch: 37 TRAIN -(DLF) [5/37/1] >> total_loss: 2.9272  acc_7: 0.8092  acc_5: 0.8536  acc_2: 0.9781  F1_score: 0.9781  Corr: 0.9875  MAE: 0.1852 
2026-09-01 11:33:05,111 - MMSA [INFO] - VAL-(DLF) >>  acc_7: 0.4629  acc_5: 0.5590  acc_2: 0.8565  F1_score: 0.8568  Corr: 0.8067  MAE: 0.7127  Loss: 0.6928 
2026-09-01 11:33:18,723 - MMSA [INFO] - TEST-(DLF) >>  acc_7: 0.4344  acc_5: 0.5204  acc_2: 0.8430  F1_score: 0.8428  Corr: 0.7876  MAE: 0.7495  Loss: 0.7492 
2026-09-01 11:34:02,295 - MMSA [INFO] - >> Epoch: 38 TRAIN -(DLF) [6/38/1] >> total_loss: 2.8913  acc_7: 0.8069  acc_5: 0.8536  acc_2: 0.9829  F1_score: 0.9829  Corr: 0.9878  MAE: 0.1868 
2026-09-01 11:34:07,388 - MMSA [INFO] - VAL-(DLF) >>  acc_7: 0.4672  acc_5: 0.5590  acc_2: 0.8565  F1_score: 0.8564  Corr: 0.8074  MAE: 0.7096  Loss: 0.6934 
2026-09-01 11:34:18,399 - MMSA [INFO] - TEST-(DLF) >>  acc_7: 0.4461  acc_5: 0.5277  acc_2: 0.8415  F1_score: 0.8418  Corr: 0.7874  MAE: 0.7555  Loss: 0.7552 
2026-09-01 11:35:02,714 - MMSA [INFO] - >> Epoch: 39 TRAIN -(DLF) [7/39/1] >> total_loss: 2.8406  acc_7: 0.8045  acc_5: 0.8481  acc_2: 0.9805  F1_score: 0.9805  Corr: 0.9878  MAE: 0.1836 
2026-09-01 11:35:08,565 - MMSA [INFO] - VAL-(DLF) >>  acc_7: 0.4672  acc_5: 0.5590  acc_2: 0.8519  F1_score: 0.8522  Corr: 0.8069  MAE: 0.7125  Loss: 0.6962 
2026-09-01 11:35:21,737 - MMSA [INFO] - TEST-(DLF) >>  acc_7: 0.4446  acc_5: 0.5306  acc_2: 0.8369  F1_score: 0.8370  Corr: 0.7888  MAE: 0.7478  Loss: 0.7475 
2026-09-01 11:36:07,335 - MMSA [INFO] - >> Epoch: 40 TRAIN -(DLF) [8/40/1] >> total_loss: 2.8122  acc_7: 0.8061  acc_5: 0.8497  acc_2: 0.9829  F1_score: 0.9829  Corr: 0.9885  MAE: 0.1791 
2026-09-01 11:36:11,436 - MMSA [INFO] - VAL-(DLF) >>  acc_7: 0.4716  acc_5: 0.5633  acc_2: 0.8657  F1_score: 0.8658  Corr: 0.8086  MAE: 0.7062  Loss: 0.6900 
2026-09-01 11:36:22,675 - MMSA [INFO] - TEST-(DLF) >>  acc_7: 0.4402  acc_5: 0.5233  acc_2: 0.8430  F1_score: 0.8432  Corr: 0.7878  MAE: 0.7509  Loss: 0.7507 
2026-09-01 11:37:05,509 - MMSA [INFO] - >> Epoch: 41 TRAIN -(DLF) [9/41/1] >> total_loss: 2.796  acc_7: 0.7998  acc_5: 0.8450  acc_2: 0.9838  F1_score: 0.9838  Corr: 0.9888  MAE: 0.1769 
2026-09-01 11:37:10,257 - MMSA [INFO] - VAL-(DLF) >>  acc_7: 0.4803  acc_5: 0.5721  acc_2: 0.8657  F1_score: 0.8660  Corr: 0.8089  MAE: 0.7070  Loss: 0.6892 
2026-09-01 11:37:22,165 - MMSA [INFO] - TEST-(DLF) >>  acc_7: 0.4329  acc_5: 0.5175  acc_2: 0.8415  F1_score: 0.8415  Corr: 0.7876  MAE: 0.7526  Loss: 0.7523 
2026-09-01 11:38:04,991 - MMSA [INFO] - >> Epoch: 42 TRAIN -(DLF) [10/42/1] >> total_loss: 2.7816  acc_7: 0.8232  acc_5: 0.8653  acc_2: 0.9854  F1_score: 0.9854  Corr: 0.9897  MAE: 0.1705 
2026-09-01 11:38:08,786 - MMSA [INFO] - VAL-(DLF) >>  acc_7: 0.4716  acc_5: 0.5633  acc_2: 0.8657  F1_score: 0.8660  Corr: 0.8104  MAE: 0.7012  Loss: 0.6833 
2026-09-01 11:38:18,027 - MMSA [INFO] - TEST-(DLF) >>  acc_7: 0.4504  acc_5: 0.5262  acc_2: 0.8415  F1_score: 0.8415  Corr: 0.7892  MAE: 0.7425  Loss: 0.7422 
2026-09-01 11:38:31,667 - MMSA [INFO] - TEST-(DLF) >>  acc_7: 0.4402  acc_5: 0.5233  acc_2: 0.8415  F1_score: 0.8414  Corr: 0.7892  MAE: 0.7410  Loss: 0.7406 
2026-09-01 11:38:32,950 - MMSA [INFO] - Results saved to result/normal/mosi.csv.
2026-09-01 12:02:18,521 - MMSA [INFO] - Using device: cuda:0
2026-09-01 12:02:18,526 - MMSA [INFO] - Architecture: serial_ccdr, use_ccdr=True
2026-09-01 12:02:18,716 - MMSA [INFO] - train samples: (1284,)
2026-09-01 12:02:18,919 - MMSA [INFO] - valid samples: (229,)
2026-09-01 12:02:19,113 - MMSA [INFO] - test samples: (686,)
2026-09-01 12:02:23,144 - MMSA [INFO] - Optimizer: AdamW, bert_lr=2e-05, other_lr=0.0001, weight_decay=0.005
2026-09-01 12:02:53,433 - MMSA [INFO] - >> Epoch: 1 TRAIN -(DLF) [1/1/1] >> total_loss: 4.944  acc_7: 0.1955  acc_5: 0.1955  acc_2: 0.5833  F1_score: 0.5393  Corr: 0.2042  MAE: 1.2951 
2026-09-01 12:02:56,524 - MMSA [INFO] - VAL-(DLF) >>  acc_7: 0.2358  acc_5: 0.2358  acc_2: 0.6157  F1_score: 0.5423  Corr: 0.4054  MAE: 1.3167  Loss: 1.3501 
2026-09-01 12:03:04,560 - MMSA [INFO] - TEST-(DLF) >>  acc_7: 0.1851  acc_5: 0.1851  acc_2: 0.5198  F1_score: 0.4542  Corr: 0.4390  MAE: 1.3825  Loss: 1.3815 
2026-09-01 12:03:36,374 - MMSA [INFO] - >> Epoch: 2 TRAIN -(DLF) [1/2/1] >> total_loss: 4.6163  acc_7: 0.2181  acc_5: 0.2181  acc_2: 0.6344  F1_score: 0.5766  Corr: 0.4782  MAE: 1.1996 
2026-09-01 12:03:39,146 - MMSA [INFO] - VAL-(DLF) >>  acc_7: 0.2576  acc_5: 0.2576  acc_2: 0.7685  F1_score: 0.7645  Corr: 0.5515  MAE: 1.1797  Loss: 1.2047 
2026-09-01 12:03:46,804 - MMSA [INFO] - TEST-(DLF) >>  acc_7: 0.2172  acc_5: 0.2172  acc_2: 0.7027  F1_score: 0.7039  Corr: 0.5419  MAE: 1.2085  Loss: 1.2072 
2026-09-01 12:04:20,464 - MMSA [INFO] - >> Epoch: 3 TRAIN -(DLF) [1/3/1] >> total_loss: 4.1513  acc_7: 0.2734  acc_5: 0.2749  acc_2: 0.7717  F1_score: 0.7695  Corr: 0.6587  MAE: 0.9891 
2026-09-01 12:04:23,359 - MMSA [INFO] - VAL-(DLF) >>  acc_7: 0.3013  acc_5: 0.3668  acc_2: 0.8380  F1_score: 0.8383  Corr: 0.6950  MAE: 0.9477  Loss: 0.9536 
2026-09-01 12:04:31,516 - MMSA [INFO] - TEST-(DLF) >>  acc_7: 0.3192  acc_5: 0.3367  acc_2: 0.8293  F1_score: 0.8291  Corr: 0.6861  MAE: 0.9821  Loss: 0.9809 
2026-09-01 12:05:03,021 - MMSA [INFO] - >> Epoch: 4 TRAIN -(DLF) [1/4/1] >> total_loss: 3.7146  acc_7: 0.3777  acc_5: 0.3972  acc_2: 0.8400  F1_score: 0.8403  Corr: 0.7472  MAE: 0.7907 
2026-09-01 12:05:05,822 - MMSA [INFO] - VAL-(DLF) >>  acc_7: 0.2882  acc_5: 0.3537  acc_2: 0.7963  F1_score: 0.7968  Corr: 0.7054  MAE: 0.9679  Loss: 0.9529 
2026-09-01 12:05:11,762 - MMSA [INFO] - TEST-(DLF) >>  acc_7: 0.3484  acc_5: 0.3659  acc_2: 0.8232  F1_score: 0.8167  Corr: 0.7102  MAE: 0.8737  Loss: 0.8725 
2026-09-01 12:05:45,562 - MMSA [INFO] - >> Epoch: 5 TRAIN -(DLF) [1/5/1] >> total_loss: 3.5722  acc_7: 0.3995  acc_5: 0.4198  acc_2: 0.8432  F1_score: 0.8436  Corr: 0.7637  MAE: 0.7538 
2026-09-01 12:05:48,741 - MMSA [INFO] - VAL-(DLF) >>  acc_7: 0.3406  acc_5: 0.4236  acc_2: 0.8380  F1_score: 0.8358  Corr: 0.7202  MAE: 0.9254  Loss: 0.9186 
2026-09-01 12:05:56,381 - MMSA [INFO] - TEST-(DLF) >>  acc_7: 0.3032  acc_5: 0.3309  acc_2: 0.7912  F1_score: 0.7919  Corr: 0.7238  MAE: 1.0555  Loss: 1.0549 
2026-09-01 12:06:30,130 - MMSA [INFO] - >> Epoch: 6 TRAIN -(DLF) [1/6/1] >> total_loss: 3.3546  acc_7: 0.4354  acc_5: 0.4673  acc_2: 0.8790  F1_score: 0.8792  Corr: 0.8148  MAE: 0.6769 
2026-09-01 12:06:33,081 - MMSA [INFO] - VAL-(DLF) >>  acc_7: 0.3231  acc_5: 0.3974  acc_2: 0.8611  F1_score: 0.8618  Corr: 0.7387  MAE: 0.8629  Loss: 0.8462 
2026-09-01 12:06:42,078 - MMSA [INFO] - TEST-(DLF) >>  acc_7: 0.3542  acc_5: 0.3819  acc_2: 0.8399  F1_score: 0.8388  Corr: 0.7486  MAE: 0.8449  Loss: 0.8440 
2026-09-01 12:07:11,382 - MMSA [INFO] - >> Epoch: 7 TRAIN -(DLF) [1/7/1] >> total_loss: 3.1558  acc_7: 0.4712  acc_5: 0.5047  acc_2: 0.9058  F1_score: 0.9059  Corr: 0.8513  MAE: 0.6132 
2026-09-01 12:07:14,286 - MMSA [INFO] - VAL-(DLF) >>  acc_7: 0.3144  acc_5: 0.3930  acc_2: 0.8472  F1_score: 0.8480  Corr: 0.7398  MAE: 0.8670  Loss: 0.8483 
2026-09-01 12:07:21,687 - MMSA [INFO] - TEST-(DLF) >>  acc_7: 0.3732  acc_5: 0.4155  acc_2: 0.8384  F1_score: 0.8367  Corr: 0.7454  MAE: 0.8400  Loss: 0.8391 
2026-09-01 12:07:57,135 - MMSA [INFO] - >> Epoch: 8 TRAIN -(DLF) [2/8/1] >> total_loss: 3.0145  acc_7: 0.4953  acc_5: 0.5257  acc_2: 0.9058  F1_score: 0.9060  Corr: 0.8636  MAE: 0.5800 
2026-09-01 12:08:00,118 - MMSA [INFO] - VAL-(DLF) >>  acc_7: 0.3624  acc_5: 0.4454  acc_2: 0.8565  F1_score: 0.8546  Corr: 0.7646  MAE: 0.8565  Loss: 0.8497 
2026-09-01 12:08:09,617 - MMSA [INFO] - TEST-(DLF) >>  acc_7: 0.3338  acc_5: 0.3776  acc_2: 0.7896  F1_score: 0.7902  Corr: 0.7429  MAE: 0.9998  Loss: 0.9994 
2026-09-01 12:08:43,413 - MMSA [INFO] - >> Epoch: 9 TRAIN -(DLF) [3/9/1] >> total_loss: 2.9483  acc_7: 0.4829  acc_5: 0.5226  acc_2: 0.9171  F1_score: 0.9172  Corr: 0.8681  MAE: 0.5855 
2026-09-01 12:08:46,927 - MMSA [INFO] - VAL-(DLF) >>  acc_7: 0.3712  acc_5: 0.4716  acc_2: 0.8565  F1_score: 0.8566  Corr: 0.7616  MAE: 0.8344  Loss: 0.8133 
2026-09-01 12:08:54,955 - MMSA [INFO] - TEST-(DLF) >>  acc_7: 0.3980  acc_5: 0.4767  acc_2: 0.8293  F1_score: 0.8292  Corr: 0.7489  MAE: 0.8411  Loss: 0.8403 
2026-09-01 12:09:30,745 - MMSA [INFO] - >> Epoch: 10 TRAIN -(DLF) [1/10/1] >> total_loss: 2.8156  acc_7: 0.5164  acc_5: 0.5537  acc_2: 0.9285  F1_score: 0.9283  Corr: 0.8872  MAE: 0.5333 
2026-09-01 12:09:33,348 - MMSA [INFO] - VAL-(DLF) >>  acc_7: 0.3231  acc_5: 0.4236  acc_2: 0.8241  F1_score: 0.8249  Corr: 0.7428  MAE: 0.9499  Loss: 0.9253 
2026-09-01 12:09:40,436 - MMSA [INFO] - TEST-(DLF) >>  acc_7: 0.4009  acc_5: 0.4767  acc_2: 0.8399  F1_score: 0.8342  Corr: 0.7492  MAE: 0.8196  Loss: 0.8186 
2026-09-01 12:10:11,982 - MMSA [INFO] - >> Epoch: 11 TRAIN -(DLF) [2/11/1] >> total_loss: 2.9144  acc_7: 0.4330  acc_5: 0.4704  acc_2: 0.8968  F1_score: 0.8971  Corr: 0.8676  MAE: 0.6138 
2026-09-01 12:10:14,808 - MMSA [INFO] - VAL-(DLF) >>  acc_7: 0.3974  acc_5: 0.5066  acc_2: 0.8519  F1_score: 0.8505  Corr: 0.7742  MAE: 0.8252  Loss: 0.8162 
2026-09-01 12:10:20,477 - MMSA [INFO] - TEST-(DLF) >>  acc_7: 0.3688  acc_5: 0.4373  acc_2: 0.8049  F1_score: 0.8059  Corr: 0.7466  MAE: 0.9293  Loss: 0.9293 
2026-09-01 12:10:50,060 - MMSA [INFO] - >> Epoch: 12 TRAIN -(DLF) [3/12/1] >> total_loss: 2.7197  acc_7: 0.5117  acc_5: 0.5506  acc_2: 0.9188  F1_score: 0.9189  Corr: 0.8935  MAE: 0.5317 
2026-09-01 12:10:52,847 - MMSA [INFO] - VAL-(DLF) >>  acc_7: 0.4192  acc_5: 0.5328  acc_2: 0.8426  F1_score: 0.8411  Corr: 0.7674  MAE: 0.8033  Loss: 0.7925 
2026-09-01 12:10:59,794 - MMSA [INFO] - TEST-(DLF) >>  acc_7: 0.3790  acc_5: 0.4461  acc_2: 0.8064  F1_score: 0.8075  Corr: 0.7529  MAE: 0.8997  Loss: 0.8994 
2026-09-01 12:11:32,089 - MMSA [INFO] - >> Epoch: 13 TRAIN -(DLF) [1/13/1] >> total_loss: 2.6877  acc_7: 0.5280  acc_5: 0.5678  acc_2: 0.9180  F1_score: 0.9177  Corr: 0.8997  MAE: 0.5205 
2026-09-01 12:11:34,709 - MMSA [INFO] - VAL-(DLF) >>  acc_7: 0.3537  acc_5: 0.4629  acc_2: 0.8426  F1_score: 0.8434  Corr: 0.7711  MAE: 0.8126  Loss: 0.7958 
2026-09-01 12:11:41,820 - MMSA [INFO] - TEST-(DLF) >>  acc_7: 0.4402  acc_5: 0.5087  acc_2: 0.8415  F1_score: 0.8388  Corr: 0.7710  MAE: 0.7602  Loss: 0.7595 
2026-09-01 12:12:12,690 - MMSA [INFO] - >> Epoch: 14 TRAIN -(DLF) [2/14/1] >> total_loss: 2.5734  acc_7: 0.5569  acc_5: 0.5989  acc_2: 0.9261  F1_score: 0.9262  Corr: 0.9092  MAE: 0.4817 
2026-09-01 12:12:15,857 - MMSA [INFO] - VAL-(DLF) >>  acc_7: 0.4105  acc_5: 0.5197  acc_2: 0.8750  F1_score: 0.8752  Corr: 0.7789  MAE: 0.7783  Loss: 0.7686 
2026-09-01 12:12:23,221 - MMSA [INFO] - TEST-(DLF) >>  acc_7: 0.4111  acc_5: 0.4854  acc_2: 0.8277  F1_score: 0.8284  Corr: 0.7693  MAE: 0.8153  Loss: 0.8152 
2026-09-01 12:12:54,877 - MMSA [INFO] - >> Epoch: 15 TRAIN -(DLF) [1/15/1] >> total_loss: 2.4628  acc_7: 0.6044  acc_5: 0.6542  acc_2: 0.9488  F1_score: 0.9489  Corr: 0.9221  MAE: 0.4377 
2026-09-01 12:12:57,820 - MMSA [INFO] - VAL-(DLF) >>  acc_7: 0.4148  acc_5: 0.5240  acc_2: 0.8565  F1_score: 0.8564  Corr: 0.7748  MAE: 0.7889  Loss: 0.7850 
2026-09-01 12:13:05,693 - MMSA [INFO] - TEST-(DLF) >>  acc_7: 0.4038  acc_5: 0.4781  acc_2: 0.8110  F1_score: 0.8121  Corr: 0.7563  MAE: 0.8397  Loss: 0.8397 
2026-09-01 12:13:37,339 - MMSA [INFO] - >> Epoch: 16 TRAIN -(DLF) [2/16/1] >> total_loss: 2.4286  acc_7: 0.6005  acc_5: 0.6519  acc_2: 0.9342  F1_score: 0.9342  Corr: 0.9229  MAE: 0.4394 
2026-09-01 12:13:40,047 - MMSA [INFO] - VAL-(DLF) >>  acc_7: 0.3755  acc_5: 0.4847  acc_2: 0.8565  F1_score: 0.8572  Corr: 0.7768  MAE: 0.8015  Loss: 0.7881 
2026-09-01 12:13:48,053 - MMSA [INFO] - TEST-(DLF) >>  acc_7: 0.4315  acc_5: 0.5102  acc_2: 0.8354  F1_score: 0.8345  Corr: 0.7698  MAE: 0.7711  Loss: 0.7705 
2026-09-01 12:14:16,635 - MMSA [INFO] - >> Epoch: 17 TRAIN -(DLF) [3/17/1] >> total_loss: 2.3253  acc_7: 0.6379  acc_5: 0.6869  acc_2: 0.9545  F1_score: 0.9545  Corr: 0.9305  MAE: 0.4064 
2026-09-01 12:14:18,426 - MMSA [INFO] - VAL-(DLF) >>  acc_7: 0.3886  acc_5: 0.4978  acc_2: 0.8611  F1_score: 0.8618  Corr: 0.7781  MAE: 0.8046  Loss: 0.7876 
2026-09-01 12:14:25,608 - MMSA [INFO] - TEST-(DLF) >>  acc_7: 0.4402  acc_5: 0.5190  acc_2: 0.8369  F1_score: 0.8359  Corr: 0.7726  MAE: 0.7632  Loss: 0.7626 
2026-09-01 12:14:59,277 - MMSA [INFO] - >> Epoch: 18 TRAIN -(DLF) [4/18/1] >> total_loss: 2.3052  acc_7: 0.6246  acc_5: 0.6807  acc_2: 0.9423  F1_score: 0.9424  Corr: 0.9325  MAE: 0.4133 
2026-09-01 12:15:02,010 - MMSA [INFO] - VAL-(DLF) >>  acc_7: 0.4410  acc_5: 0.5459  acc_2: 0.8565  F1_score: 0.8559  Corr: 0.7866  MAE: 0.7639  Loss: 0.7566 
2026-09-01 12:15:09,271 - MMSA [INFO] - TEST-(DLF) >>  acc_7: 0.4155  acc_5: 0.4898  acc_2: 0.8186  F1_score: 0.8196  Corr: 0.7643  MAE: 0.8208  Loss: 0.8205 
2026-09-01 12:15:41,702 - MMSA [INFO] - >> Epoch: 19 TRAIN -(DLF) [1/19/1] >> total_loss: 2.2413  acc_7: 0.6238  acc_5: 0.6760  acc_2: 0.9513  F1_score: 0.9513  Corr: 0.9357  MAE: 0.3889 
2026-09-01 12:15:45,073 - MMSA [INFO] - VAL-(DLF) >>  acc_7: 0.4105  acc_5: 0.5153  acc_2: 0.8796  F1_score: 0.8796  Corr: 0.7871  MAE: 0.7640  Loss: 0.7522 
2026-09-01 12:15:52,420 - MMSA [INFO] - TEST-(DLF) >>  acc_7: 0.4286  acc_5: 0.5073  acc_2: 0.8216  F1_score: 0.8224  Corr: 0.7660  MAE: 0.8004  Loss: 0.8001 
2026-09-01 12:16:24,627 - MMSA [INFO] - >> Epoch: 20 TRAIN -(DLF) [1/20/1] >> total_loss: 2.2052  acc_7: 0.6371  acc_5: 0.6931  acc_2: 0.9578  F1_score: 0.9578  Corr: 0.9425  MAE: 0.3733 
2026-09-01 12:16:27,330 - MMSA [INFO] - VAL-(DLF) >>  acc_7: 0.4017  acc_5: 0.5066  acc_2: 0.8704  F1_score: 0.8707  Corr: 0.7882  MAE: 0.7709  Loss: 0.7577 
2026-09-01 12:16:33,700 - MMSA [INFO] - TEST-(DLF) >>  acc_7: 0.4388  acc_5: 0.5160  acc_2: 0.8216  F1_score: 0.8219  Corr: 0.7655  MAE: 0.7812  Loss: 0.7806 
2026-09-01 12:17:03,313 - MMSA [INFO] - >> Epoch: 21 TRAIN -(DLF) [2/21/1] >> total_loss: 2.1692  acc_7: 0.6379  acc_5: 0.6931  acc_2: 0.9586  F1_score: 0.9586  Corr: 0.9446  MAE: 0.3745 
2026-09-01 12:17:06,365 - MMSA [INFO] - VAL-(DLF) >>  acc_7: 0.3886  acc_5: 0.4934  acc_2: 0.8611  F1_score: 0.8618  Corr: 0.7826  MAE: 0.7748  Loss: 0.7605 
2026-09-01 12:17:13,576 - MMSA [INFO] - TEST-(DLF) >>  acc_7: 0.4504  acc_5: 0.5233  acc_2: 0.8338  F1_score: 0.8328  Corr: 0.7670  MAE: 0.7604  Loss: 0.7595 
2026-09-01 12:17:41,789 - MMSA [INFO] - >> Epoch: 22 TRAIN -(DLF) [3/22/1] >> total_loss: 2.1548  acc_7: 0.6379  acc_5: 0.6916  acc_2: 0.9529  F1_score: 0.9529  Corr: 0.9462  MAE: 0.3703 
2026-09-01 12:17:44,606 - MMSA [INFO] - VAL-(DLF) >>  acc_7: 0.3886  acc_5: 0.5022  acc_2: 0.8565  F1_score: 0.8571  Corr: 0.7828  MAE: 0.7947  Loss: 0.7744 
2026-09-01 12:17:50,717 - MMSA [INFO] - TEST-(DLF) >>  acc_7: 0.4606  acc_5: 0.5408  acc_2: 0.8308  F1_score: 0.8291  Corr: 0.7670  MAE: 0.7617  Loss: 0.7609 
2026-09-01 12:18:22,256 - MMSA [INFO] - >> Epoch: 23 TRAIN -(DLF) [4/23/1] >> total_loss: 2.1252  acc_7: 0.6674  acc_5: 0.7251  acc_2: 0.9464  F1_score: 0.9465  Corr: 0.9483  MAE: 0.3522 
2026-09-01 12:18:25,246 - MMSA [INFO] - VAL-(DLF) >>  acc_7: 0.4105  acc_5: 0.5197  acc_2: 0.8519  F1_score: 0.8524  Corr: 0.7934  MAE: 0.7525  Loss: 0.7374 
2026-09-01 12:18:32,843 - MMSA [INFO] - TEST-(DLF) >>  acc_7: 0.4548  acc_5: 0.5292  acc_2: 0.8232  F1_score: 0.8236  Corr: 0.7685  MAE: 0.7629  Loss: 0.7621 
2026-09-01 12:19:05,782 - MMSA [INFO] - >> Epoch: 24 TRAIN -(DLF) [1/24/1] >> total_loss: 2.0546  acc_7: 0.6713  acc_5: 0.7290  acc_2: 0.9594  F1_score: 0.9594  Corr: 0.9518  MAE: 0.3425 
2026-09-01 12:19:08,792 - MMSA [INFO] - VAL-(DLF) >>  acc_7: 0.4192  acc_5: 0.5284  acc_2: 0.8472  F1_score: 0.8477  Corr: 0.7921  MAE: 0.7480  Loss: 0.7363 
2026-09-01 12:19:14,209 - MMSA [INFO] - TEST-(DLF) >>  acc_7: 0.4519  acc_5: 0.5277  acc_2: 0.8247  F1_score: 0.8253  Corr: 0.7709  MAE: 0.7668  Loss: 0.7661 
2026-09-01 12:19:47,928 - MMSA [INFO] - >> Epoch: 25 TRAIN -(DLF) [1/25/1] >> total_loss: 2.0767  acc_7: 0.6628  acc_5: 0.7173  acc_2: 0.9521  F1_score: 0.9521  Corr: 0.9496  MAE: 0.3576 
2026-09-01 12:19:51,417 - MMSA [INFO] - VAL-(DLF) >>  acc_7: 0.4236  acc_5: 0.5371  acc_2: 0.8611  F1_score: 0.8613  Corr: 0.7861  MAE: 0.7763  Loss: 0.7650 
2026-09-01 12:19:58,987 - MMSA [INFO] - TEST-(DLF) >>  acc_7: 0.4286  acc_5: 0.5058  acc_2: 0.8201  F1_score: 0.8209  Corr: 0.7675  MAE: 0.8121  Loss: 0.8118 
2026-09-01 12:20:33,217 - MMSA [INFO] - >> Epoch: 26 TRAIN -(DLF) [2/26/1] >> total_loss: 2.103  acc_7: 0.6698  acc_5: 0.7305  acc_2: 0.9496  F1_score: 0.9497  Corr: 0.9472  MAE: 0.3679 
2026-09-01 12:20:36,461 - MMSA [INFO] - VAL-(DLF) >>  acc_7: 0.3974  acc_5: 0.5066  acc_2: 0.8611  F1_score: 0.8615  Corr: 0.7844  MAE: 0.7638  Loss: 0.7526 
2026-09-01 12:20:44,497 - MMSA [INFO] - TEST-(DLF) >>  acc_7: 0.4431  acc_5: 0.5131  acc_2: 0.8186  F1_score: 0.8192  Corr: 0.7702  MAE: 0.7691  Loss: 0.7686 
2026-09-01 12:21:18,806 - MMSA [INFO] - >> Epoch: 27 TRAIN -(DLF) [3/27/1] >> total_loss: 2.0714  acc_7: 0.6643  acc_5: 0.7204  acc_2: 0.9423  F1_score: 0.9422  Corr: 0.9508  MAE: 0.3606 
2026-09-01 12:21:21,784 - MMSA [INFO] - VAL-(DLF) >>  acc_7: 0.3799  acc_5: 0.4934  acc_2: 0.8472  F1_score: 0.8479  Corr: 0.7842  MAE: 0.7886  Loss: 0.7683 
2026-09-01 12:21:29,685 - MMSA [INFO] - TEST-(DLF) >>  acc_7: 0.4665  acc_5: 0.5466  acc_2: 0.8293  F1_score: 0.8280  Corr: 0.7739  MAE: 0.7421  Loss: 0.7412 
2026-09-01 12:22:00,295 - MMSA [INFO] - >> Epoch: 28 TRAIN -(DLF) [4/28/1] >> total_loss: 2.0461  acc_7: 0.6597  acc_5: 0.7173  acc_2: 0.9561  F1_score: 0.9560  Corr: 0.9513  MAE: 0.3526 
2026-09-01 12:22:02,929 - MMSA [INFO] - VAL-(DLF) >>  acc_7: 0.4148  acc_5: 0.5197  acc_2: 0.8565  F1_score: 0.8568  Corr: 0.7922  MAE: 0.7587  Loss: 0.7418 
2026-09-01 12:22:10,477 - MMSA [INFO] - TEST-(DLF) >>  acc_7: 0.4490  acc_5: 0.5262  acc_2: 0.8262  F1_score: 0.8265  Corr: 0.7760  MAE: 0.7633  Loss: 0.7627 
2026-09-01 12:22:44,463 - MMSA [INFO] - >> Epoch: 29 TRAIN -(DLF) [5/29/1] >> total_loss: 1.95  acc_7: 0.7017  acc_5: 0.7539  acc_2: 0.9610  F1_score: 0.9610  Corr: 0.9591  MAE: 0.3172 
2026-09-01 12:22:47,505 - MMSA [INFO] - VAL-(DLF) >>  acc_7: 0.4498  acc_5: 0.5502  acc_2: 0.8519  F1_score: 0.8514  Corr: 0.7934  MAE: 0.7371  Loss: 0.7222 
2026-09-01 12:22:55,292 - MMSA [INFO] - TEST-(DLF) >>  acc_7: 0.4242  acc_5: 0.4971  acc_2: 0.8216  F1_score: 0.8227  Corr: 0.7712  MAE: 0.7893  Loss: 0.7888 
2026-09-01 12:23:29,368 - MMSA [INFO] - >> Epoch: 30 TRAIN -(DLF) [1/30/1] >> total_loss: 1.9507  acc_7: 0.6908  acc_5: 0.7453  acc_2: 0.9634  F1_score: 0.9634  Corr: 0.9599  MAE: 0.3156 
2026-09-01 12:23:31,657 - MMSA [INFO] - VAL-(DLF) >>  acc_7: 0.4105  acc_5: 0.5197  acc_2: 0.8657  F1_score: 0.8660  Corr: 0.7942  MAE: 0.7454  Loss: 0.7242 
2026-09-01 12:23:38,468 - MMSA [INFO] - TEST-(DLF) >>  acc_7: 0.4548  acc_5: 0.5306  acc_2: 0.8308  F1_score: 0.8310  Corr: 0.7780  MAE: 0.7481  Loss: 0.7473 
2026-09-01 12:24:11,017 - MMSA [INFO] - >> Epoch: 31 TRAIN -(DLF) [2/31/1] >> total_loss: 1.9178  acc_7: 0.7009  acc_5: 0.7516  acc_2: 0.9659  F1_score: 0.9658  Corr: 0.9618  MAE: 0.3112 
2026-09-01 12:24:13,659 - MMSA [INFO] - VAL-(DLF) >>  acc_7: 0.4367  acc_5: 0.5459  acc_2: 0.8611  F1_score: 0.8613  Corr: 0.7977  MAE: 0.7193  Loss: 0.7030 
2026-09-01 12:24:20,966 - MMSA [INFO] - TEST-(DLF) >>  acc_7: 0.4563  acc_5: 0.5306  acc_2: 0.8323  F1_score: 0.8330  Corr: 0.7763  MAE: 0.7496  Loss: 0.7488 
2026-09-01 12:24:55,087 - MMSA [INFO] - >> Epoch: 32 TRAIN -(DLF) [1/32/1] >> total_loss: 1.9534  acc_7: 0.6931  acc_5: 0.7500  acc_2: 0.9569  F1_score: 0.9569  Corr: 0.9590  MAE: 0.3268 
2026-09-01 12:24:58,629 - MMSA [INFO] - VAL-(DLF) >>  acc_7: 0.4760  acc_5: 0.5764  acc_2: 0.8472  F1_score: 0.8469  Corr: 0.7985  MAE: 0.7296  Loss: 0.7149 
2026-09-01 12:25:06,960 - MMSA [INFO] - TEST-(DLF) >>  acc_7: 0.4329  acc_5: 0.5087  acc_2: 0.8186  F1_score: 0.8196  Corr: 0.7743  MAE: 0.8008  Loss: 0.8001 
2026-09-01 12:25:38,093 - MMSA [INFO] - >> Epoch: 33 TRAIN -(DLF) [2/33/1] >> total_loss: 1.9509  acc_7: 0.6667  acc_5: 0.7336  acc_2: 0.9578  F1_score: 0.9578  Corr: 0.9588  MAE: 0.3295 
2026-09-01 12:25:40,148 - MMSA [INFO] - VAL-(DLF) >>  acc_7: 0.4367  acc_5: 0.5459  acc_2: 0.8565  F1_score: 0.8569  Corr: 0.7993  MAE: 0.7199  Loss: 0.7047 
2026-09-01 12:25:46,551 - MMSA [INFO] - TEST-(DLF) >>  acc_7: 0.4650  acc_5: 0.5321  acc_2: 0.8308  F1_score: 0.8313  Corr: 0.7804  MAE: 0.7457  Loss: 0.7449 
2026-09-01 12:26:17,641 - MMSA [INFO] - >> Epoch: 34 TRAIN -(DLF) [3/34/1] >> total_loss: 1.9196  acc_7: 0.7025  acc_5: 0.7593  acc_2: 0.9537  F1_score: 0.9537  Corr: 0.9594  MAE: 0.3150 
2026-09-01 12:26:20,245 - MMSA [INFO] - VAL-(DLF) >>  acc_7: 0.4585  acc_5: 0.5677  acc_2: 0.8519  F1_score: 0.8516  Corr: 0.8012  MAE: 0.7230  Loss: 0.7123 
2026-09-01 12:26:26,206 - MMSA [INFO] - TEST-(DLF) >>  acc_7: 0.4155  acc_5: 0.4869  acc_2: 0.8216  F1_score: 0.8227  Corr: 0.7816  MAE: 0.7894  Loss: 0.7889 
2026-09-01 12:26:58,778 - MMSA [INFO] - >> Epoch: 35 TRAIN -(DLF) [4/35/1] >> total_loss: 1.9178  acc_7: 0.7017  acc_5: 0.7625  acc_2: 0.9586  F1_score: 0.9586  Corr: 0.9604  MAE: 0.3153 
2026-09-01 12:27:01,591 - MMSA [INFO] - VAL-(DLF) >>  acc_7: 0.4454  acc_5: 0.5415  acc_2: 0.8565  F1_score: 0.8568  Corr: 0.7981  MAE: 0.7350  Loss: 0.7160 
2026-09-01 12:27:09,845 - MMSA [INFO] - TEST-(DLF) >>  acc_7: 0.4548  acc_5: 0.5248  acc_2: 0.8369  F1_score: 0.8373  Corr: 0.7879  MAE: 0.7411  Loss: 0.7404 
2026-09-01 12:27:44,121 - MMSA [INFO] - >> Epoch: 36 TRAIN -(DLF) [5/36/1] >> total_loss: 1.8697  acc_7: 0.7165  acc_5: 0.7765  acc_2: 0.9675  F1_score: 0.9675  Corr: 0.9651  MAE: 0.2928 
2026-09-01 12:27:46,917 - MMSA [INFO] - VAL-(DLF) >>  acc_7: 0.4672  acc_5: 0.5721  acc_2: 0.8426  F1_score: 0.8428  Corr: 0.7997  MAE: 0.7185  Loss: 0.7036 
2026-09-01 12:27:54,424 - MMSA [INFO] - TEST-(DLF) >>  acc_7: 0.4534  acc_5: 0.5204  acc_2: 0.8384  F1_score: 0.8391  Corr: 0.7912  MAE: 0.7416  Loss: 0.7411 
2026-09-01 12:28:27,356 - MMSA [INFO] - >> Epoch: 37 TRAIN -(DLF) [6/37/1] >> total_loss: 1.8606  acc_7: 0.7368  acc_5: 0.7936  acc_2: 0.9659  F1_score: 0.9659  Corr: 0.9657  MAE: 0.2882 
2026-09-01 12:28:30,132 - MMSA [INFO] - VAL-(DLF) >>  acc_7: 0.4760  acc_5: 0.5764  acc_2: 0.8380  F1_score: 0.8381  Corr: 0.7992  MAE: 0.7212  Loss: 0.7052 
2026-09-01 12:28:38,243 - MMSA [INFO] - TEST-(DLF) >>  acc_7: 0.4519  acc_5: 0.5219  acc_2: 0.8369  F1_score: 0.8375  Corr: 0.7925  MAE: 0.7376  Loss: 0.7371 
2026-09-01 12:29:11,658 - MMSA [INFO] - >> Epoch: 38 TRAIN -(DLF) [7/38/1] >> total_loss: 1.8669  acc_7: 0.7040  acc_5: 0.7625  acc_2: 0.9618  F1_score: 0.9617  Corr: 0.9644  MAE: 0.2964 
2026-09-01 12:29:14,727 - MMSA [INFO] - VAL-(DLF) >>  acc_7: 0.4672  acc_5: 0.5677  acc_2: 0.8380  F1_score: 0.8383  Corr: 0.7986  MAE: 0.7263  Loss: 0.7069 
2026-09-01 12:29:22,690 - MMSA [INFO] - TEST-(DLF) >>  acc_7: 0.4534  acc_5: 0.5277  acc_2: 0.8430  F1_score: 0.8434  Corr: 0.7909  MAE: 0.7310  Loss: 0.7304 
2026-09-01 12:29:56,312 - MMSA [INFO] - >> Epoch: 39 TRAIN -(DLF) [8/39/1] >> total_loss: 1.8495  acc_7: 0.7165  acc_5: 0.7780  acc_2: 0.9643  F1_score: 0.9642  Corr: 0.9637  MAE: 0.2964 
2026-09-01 12:29:59,389 - MMSA [INFO] - VAL-(DLF) >>  acc_7: 0.4672  acc_5: 0.5677  acc_2: 0.8472  F1_score: 0.8475  Corr: 0.7999  MAE: 0.7179  Loss: 0.6992 
2026-09-01 12:30:08,044 - MMSA [INFO] - TEST-(DLF) >>  acc_7: 0.4592  acc_5: 0.5321  acc_2: 0.8323  F1_score: 0.8329  Corr: 0.7845  MAE: 0.7387  Loss: 0.7379 
2026-09-01 12:30:41,536 - MMSA [INFO] - >> Epoch: 40 TRAIN -(DLF) [1/40/1] >> total_loss: 1.8685  acc_7: 0.7111  acc_5: 0.7648  acc_2: 0.9610  F1_score: 0.9610  Corr: 0.9643  MAE: 0.2981 
2026-09-01 12:30:44,146 - MMSA [INFO] - VAL-(DLF) >>  acc_7: 0.4760  acc_5: 0.5764  acc_2: 0.8472  F1_score: 0.8473  Corr: 0.7983  MAE: 0.7298  Loss: 0.7128 
2026-09-01 12:30:50,717 - MMSA [INFO] - TEST-(DLF) >>  acc_7: 0.4373  acc_5: 0.5131  acc_2: 0.8308  F1_score: 0.8315  Corr: 0.7830  MAE: 0.7629  Loss: 0.7622 
2026-09-01 12:31:19,599 - MMSA [INFO] - >> Epoch: 41 TRAIN -(DLF) [2/41/1] >> total_loss: 1.8141  acc_7: 0.7336  acc_5: 0.7983  acc_2: 0.9781  F1_score: 0.9781  Corr: 0.9689  MAE: 0.2751 
2026-09-01 12:31:22,440 - MMSA [INFO] - VAL-(DLF) >>  acc_7: 0.4541  acc_5: 0.5590  acc_2: 0.8426  F1_score: 0.8428  Corr: 0.7991  MAE: 0.7197  Loss: 0.7070 
2026-09-01 12:31:29,635 - MMSA [INFO] - TEST-(DLF) >>  acc_7: 0.4534  acc_5: 0.5190  acc_2: 0.8262  F1_score: 0.8269  Corr: 0.7864  MAE: 0.7486  Loss: 0.7479 
2026-09-01 12:31:58,200 - MMSA [INFO] - >> Epoch: 42 TRAIN -(DLF) [3/42/1] >> total_loss: 1.8193  acc_7: 0.7188  acc_5: 0.7788  acc_2: 0.9675  F1_score: 0.9675  Corr: 0.9673  MAE: 0.2836 
2026-09-01 12:32:00,642 - MMSA [INFO] - VAL-(DLF) >>  acc_7: 0.4716  acc_5: 0.5721  acc_2: 0.8565  F1_score: 0.8570  Corr: 0.7980  MAE: 0.7220  Loss: 0.7066 
2026-09-01 12:32:07,608 - MMSA [INFO] - TEST-(DLF) >>  acc_7: 0.4577  acc_5: 0.5248  acc_2: 0.8354  F1_score: 0.8360  Corr: 0.7894  MAE: 0.7380  Loss: 0.7374 
2026-09-01 12:32:39,443 - MMSA [INFO] - >> Epoch: 43 TRAIN -(DLF) [4/43/1] >> total_loss: 1.811  acc_7: 0.7336  acc_5: 0.7843  acc_2: 0.9716  F1_score: 0.9716  Corr: 0.9686  MAE: 0.2767 
2026-09-01 12:32:42,462 - MMSA [INFO] - VAL-(DLF) >>  acc_7: 0.4541  acc_5: 0.5677  acc_2: 0.8519  F1_score: 0.8519  Corr: 0.7989  MAE: 0.7195  Loss: 0.7065 
2026-09-01 12:32:49,241 - MMSA [INFO] - TEST-(DLF) >>  acc_7: 0.4373  acc_5: 0.5058  acc_2: 0.8323  F1_score: 0.8332  Corr: 0.7878  MAE: 0.7578  Loss: 0.7572 
2026-09-01 12:33:20,685 - MMSA [INFO] - >> Epoch: 44 TRAIN -(DLF) [5/44/1] >> total_loss: 1.7937  acc_7: 0.7336  acc_5: 0.7921  acc_2: 0.9659  F1_score: 0.9659  Corr: 0.9701  MAE: 0.2720 
2026-09-01 12:33:23,459 - MMSA [INFO] - VAL-(DLF) >>  acc_7: 0.4367  acc_5: 0.5546  acc_2: 0.8519  F1_score: 0.8525  Corr: 0.7975  MAE: 0.7247  Loss: 0.7095 
2026-09-01 12:33:31,352 - MMSA [INFO] - TEST-(DLF) >>  acc_7: 0.4723  acc_5: 0.5423  acc_2: 0.8460  F1_score: 0.8462  Corr: 0.7904  MAE: 0.7272  Loss: 0.7265 
2026-09-01 12:34:02,891 - MMSA [INFO] - >> Epoch: 45 TRAIN -(DLF) [6/45/1] >> total_loss: 1.8004  acc_7: 0.7344  acc_5: 0.7913  acc_2: 0.9773  F1_score: 0.9773  Corr: 0.9694  MAE: 0.2757 
2026-09-01 12:34:05,814 - MMSA [INFO] - VAL-(DLF) >>  acc_7: 0.4498  acc_5: 0.5502  acc_2: 0.8611  F1_score: 0.8613  Corr: 0.8027  MAE: 0.7095  Loss: 0.6956 
2026-09-01 12:34:13,759 - MMSA [INFO] - TEST-(DLF) >>  acc_7: 0.4490  acc_5: 0.5219  acc_2: 0.8323  F1_score: 0.8331  Corr: 0.7884  MAE: 0.7432  Loss: 0.7425 
2026-09-01 12:34:46,668 - MMSA [INFO] - >> Epoch: 46 TRAIN -(DLF) [1/46/1] >> total_loss: 1.7612  acc_7: 0.7492  acc_5: 0.8053  acc_2: 0.9708  F1_score: 0.9707  Corr: 0.9710  MAE: 0.2670 
2026-09-01 12:34:50,094 - MMSA [INFO] - VAL-(DLF) >>  acc_7: 0.4541  acc_5: 0.5502  acc_2: 0.8519  F1_score: 0.8525  Corr: 0.8031  MAE: 0.7223  Loss: 0.7042 
2026-09-01 12:34:57,257 - MMSA [INFO] - TEST-(DLF) >>  acc_7: 0.4781  acc_5: 0.5481  acc_2: 0.8415  F1_score: 0.8415  Corr: 0.7916  MAE: 0.7227  Loss: 0.7220 
2026-09-01 12:35:28,177 - MMSA [INFO] - >> Epoch: 47 TRAIN -(DLF) [2/47/1] >> total_loss: 1.7647  acc_7: 0.7578  acc_5: 0.8139  acc_2: 0.9724  F1_score: 0.9724  Corr: 0.9713  MAE: 0.2646 
2026-09-01 12:35:30,191 - MMSA [INFO] - VAL-(DLF) >>  acc_7: 0.4629  acc_5: 0.5633  acc_2: 0.8611  F1_score: 0.8613  Corr: 0.8032  MAE: 0.7118  Loss: 0.6981 
2026-09-01 12:35:35,314 - MMSA [INFO] - TEST-(DLF) >>  acc_7: 0.4534  acc_5: 0.5204  acc_2: 0.8338  F1_score: 0.8345  Corr: 0.7904  MAE: 0.7372  Loss: 0.7366 
2026-09-01 12:36:07,591 - MMSA [INFO] - >> Epoch: 48 TRAIN -(DLF) [3/48/1] >> total_loss: 1.8028  acc_7: 0.7298  acc_5: 0.7850  acc_2: 0.9708  F1_score: 0.9708  Corr: 0.9693  MAE: 0.2785 
2026-09-01 12:36:09,946 - MMSA [INFO] - VAL-(DLF) >>  acc_7: 0.4629  acc_5: 0.5721  acc_2: 0.8565  F1_score: 0.8566  Corr: 0.8006  MAE: 0.7252  Loss: 0.7077 
2026-09-01 12:36:17,602 - MMSA [INFO] - TEST-(DLF) >>  acc_7: 0.4519  acc_5: 0.5248  acc_2: 0.8338  F1_score: 0.8345  Corr: 0.7883  MAE: 0.7458  Loss: 0.7452 
2026-09-01 12:36:48,121 - MMSA [INFO] - >> Epoch: 49 TRAIN -(DLF) [4/49/1] >> total_loss: 1.7874  acc_7: 0.7321  acc_5: 0.7952  acc_2: 0.9773  F1_score: 0.9773  Corr: 0.9711  MAE: 0.2790 
2026-09-01 12:36:50,171 - MMSA [INFO] - VAL-(DLF) >>  acc_7: 0.4629  acc_5: 0.5633  acc_2: 0.8519  F1_score: 0.8520  Corr: 0.8020  MAE: 0.7158  Loss: 0.7028 
2026-09-01 12:36:55,954 - MMSA [INFO] - TEST-(DLF) >>  acc_7: 0.4665  acc_5: 0.5394  acc_2: 0.8354  F1_score: 0.8361  Corr: 0.7912  MAE: 0.7339  Loss: 0.7332 
2026-09-01 12:37:26,944 - MMSA [INFO] - >> Epoch: 50 TRAIN -(DLF) [5/50/1] >> total_loss: 1.7729  acc_7: 0.7438  acc_5: 0.8006  acc_2: 0.9691  F1_score: 0.9692  Corr: 0.9714  MAE: 0.2681 
2026-09-01 12:37:29,483 - MMSA [INFO] - VAL-(DLF) >>  acc_7: 0.4585  acc_5: 0.5677  acc_2: 0.8565  F1_score: 0.8564  Corr: 0.7997  MAE: 0.7379  Loss: 0.7272 
2026-09-01 12:37:35,623 - MMSA [INFO] - TEST-(DLF) >>  acc_7: 0.4315  acc_5: 0.5204  acc_2: 0.8338  F1_score: 0.8347  Corr: 0.7910  MAE: 0.7732  Loss: 0.7728 
2026-09-01 12:38:09,085 - MMSA [INFO] - >> Epoch: 51 TRAIN -(DLF) [6/51/1] >> total_loss: 1.7959  acc_7: 0.7095  acc_5: 0.7819  acc_2: 0.9659  F1_score: 0.9658  Corr: 0.9708  MAE: 0.2873 
2026-09-01 12:38:11,151 - MMSA [INFO] - VAL-(DLF) >>  acc_7: 0.4105  acc_5: 0.5022  acc_2: 0.8472  F1_score: 0.8480  Corr: 0.7983  MAE: 0.7404  Loss: 0.7233 
2026-09-01 12:38:18,466 - MMSA [INFO] - TEST-(DLF) >>  acc_7: 0.4825  acc_5: 0.5554  acc_2: 0.8476  F1_score: 0.8472  Corr: 0.7951  MAE: 0.7103  Loss: 0.7096 
2026-09-01 12:38:50,916 - MMSA [INFO] - >> Epoch: 52 TRAIN -(DLF) [7/52/1] >> total_loss: 1.7922  acc_7: 0.7243  acc_5: 0.7788  acc_2: 0.9724  F1_score: 0.9724  Corr: 0.9715  MAE: 0.2765 
2026-09-01 12:38:54,002 - MMSA [INFO] - VAL-(DLF) >>  acc_7: 0.4410  acc_5: 0.5502  acc_2: 0.8611  F1_score: 0.8609  Corr: 0.8014  MAE: 0.7174  Loss: 0.7096 
2026-09-01 12:39:02,093 - MMSA [INFO] - TEST-(DLF) >>  acc_7: 0.4490  acc_5: 0.5175  acc_2: 0.8323  F1_score: 0.8332  Corr: 0.7900  MAE: 0.7546  Loss: 0.7541 
2026-09-01 12:39:35,144 - MMSA [INFO] - >> Epoch: 53 TRAIN -(DLF) [8/53/1] >> total_loss: 1.7438  acc_7: 0.7500  acc_5: 0.8061  acc_2: 0.9708  F1_score: 0.9707  Corr: 0.9738  MAE: 0.2571 
2026-09-01 12:39:37,573 - MMSA [INFO] - VAL-(DLF) >>  acc_7: 0.4279  acc_5: 0.5371  acc_2: 0.8519  F1_score: 0.8524  Corr: 0.7996  MAE: 0.7307  Loss: 0.7157 
2026-09-01 12:39:44,327 - MMSA [INFO] - TEST-(DLF) >>  acc_7: 0.4592  acc_5: 0.5306  acc_2: 0.8445  F1_score: 0.8449  Corr: 0.7924  MAE: 0.7324  Loss: 0.7318 
2026-09-01 12:40:17,603 - MMSA [INFO] - >> Epoch: 54 TRAIN -(DLF) [9/54/1] >> total_loss: 1.7473  acc_7: 0.7399  acc_5: 0.7983  acc_2: 0.9756  F1_score: 0.9756  Corr: 0.9734  MAE: 0.2616 
2026-09-01 12:40:20,246 - MMSA [INFO] - VAL-(DLF) >>  acc_7: 0.4323  acc_5: 0.5371  acc_2: 0.8519  F1_score: 0.8524  Corr: 0.8002  MAE: 0.7238  Loss: 0.7108 
2026-09-01 12:40:27,342 - MMSA [INFO] - TEST-(DLF) >>  acc_7: 0.4636  acc_5: 0.5364  acc_2: 0.8323  F1_score: 0.8330  Corr: 0.7923  MAE: 0.7322  Loss: 0.7316 
2026-09-01 12:40:59,224 - MMSA [INFO] - >> Epoch: 55 TRAIN -(DLF) [10/55/1] >> total_loss: 1.7464  acc_7: 0.7664  acc_5: 0.8185  acc_2: 0.9667  F1_score: 0.9667  Corr: 0.9741  MAE: 0.2533 
2026-09-01 12:41:01,610 - MMSA [INFO] - VAL-(DLF) >>  acc_7: 0.4585  acc_5: 0.5546  acc_2: 0.8565  F1_score: 0.8569  Corr: 0.8011  MAE: 0.7177  Loss: 0.7072 
2026-09-01 12:41:07,431 - MMSA [INFO] - TEST-(DLF) >>  acc_7: 0.4563  acc_5: 0.5277  acc_2: 0.8369  F1_score: 0.8375  Corr: 0.7941  MAE: 0.7285  Loss: 0.7278 
2026-09-01 12:41:15,247 - MMSA [INFO] - TEST-(DLF) >>  acc_7: 0.4490  acc_5: 0.5219  acc_2: 0.8323  F1_score: 0.8331  Corr: 0.7884  MAE: 0.7432  Loss: 0.7425 
2026-09-01 12:41:16,534 - MMSA [INFO] - Results saved to result/normal/mosi_serial_ccdr.csv.
2026-09-02 01:58:52,774 - MMSA [INFO] - Using device: cuda:0
2026-09-02 01:58:52,775 - MMSA [INFO] - Architecture: serial_ccdr, use_ccdr=True
2026-09-02 01:58:53,250 - MMSA [INFO] - train samples: (1284,)
2026-09-02 01:58:53,497 - MMSA [INFO] - valid samples: (229,)
2026-09-02 01:58:53,722 - MMSA [INFO] - test samples: (686,)
2026-09-02 01:58:57,459 - MMSA [INFO] - Optimizer: AdamW, bert_lr=2e-05, other_lr=0.0001, weight_decay=0.005
2026-09-02 01:59:17,763 - MMSA [INFO] - >> Epoch: 1 TRAIN -(DLF) [1/1/1] >> total_loss: 4.944  acc_7: 0.1955  acc_5: 0.1955  acc_2: 0.5833  F1_score: 0.5393  Corr: 0.2042  MAE: 1.2951 
2026-09-02 01:59:19,071 - MMSA [INFO] - VAL-(DLF) >>  acc_7: 0.2358  acc_5: 0.2358  acc_2: 0.6157  F1_score: 0.5423  Corr: 0.4054  MAE: 1.3167  Loss: 1.3501 
2026-09-02 01:59:22,202 - MMSA [INFO] - TEST-(DLF) >>  acc_7: 0.1851  acc_5: 0.1851  acc_2: 0.5198  F1_score: 0.4542  Corr: 0.4390  MAE: 1.3825  Loss: 1.3815 
2026-09-02 01:59:41,364 - MMSA [INFO] - >> Epoch: 2 TRAIN -(DLF) [1/2/1] >> total_loss: 4.6163  acc_7: 0.2181  acc_5: 0.2181  acc_2: 0.6344  F1_score: 0.5766  Corr: 0.4782  MAE: 1.1996 
2026-09-02 01:59:42,685 - MMSA [INFO] - VAL-(DLF) >>  acc_7: 0.2576  acc_5: 0.2576  acc_2: 0.7685  F1_score: 0.7645  Corr: 0.5515  MAE: 1.1797  Loss: 1.2047 
2026-09-02 01:59:45,509 - MMSA [INFO] - TEST-(DLF) >>  acc_7: 0.2172  acc_5: 0.2172  acc_2: 0.7027  F1_score: 0.7039  Corr: 0.5419  MAE: 1.2085  Loss: 1.2072 
2026-09-02 02:00:05,363 - MMSA [INFO] - >> Epoch: 3 TRAIN -(DLF) [1/3/1] >> total_loss: 4.1513  acc_7: 0.2734  acc_5: 0.2749  acc_2: 0.7717  F1_score: 0.7695  Corr: 0.6587  MAE: 0.9891 
2026-09-02 02:00:06,849 - MMSA [INFO] - VAL-(DLF) >>  acc_7: 0.3013  acc_5: 0.3668  acc_2: 0.8380  F1_score: 0.8383  Corr: 0.6950  MAE: 0.9477  Loss: 0.9536 
2026-09-02 02:00:09,944 - MMSA [INFO] - TEST-(DLF) >>  acc_7: 0.3192  acc_5: 0.3367  acc_2: 0.8293  F1_score: 0.8291  Corr: 0.6861  MAE: 0.9821  Loss: 0.9809 
2026-09-02 02:00:30,398 - MMSA [INFO] - >> Epoch: 4 TRAIN -(DLF) [1/4/1] >> total_loss: 3.7146  acc_7: 0.3777  acc_5: 0.3972  acc_2: 0.8400  F1_score: 0.8403  Corr: 0.7472  MAE: 0.7907 
2026-09-02 02:00:31,501 - MMSA [INFO] - VAL-(DLF) >>  acc_7: 0.2882  acc_5: 0.3537  acc_2: 0.7963  F1_score: 0.7968  Corr: 0.7054  MAE: 0.9679  Loss: 0.9529 
2026-09-02 02:00:35,073 - MMSA [INFO] - TEST-(DLF) >>  acc_7: 0.3484  acc_5: 0.3659  acc_2: 0.8232  F1_score: 0.8167  Corr: 0.7102  MAE: 0.8737  Loss: 0.8725 
2026-09-02 02:00:56,798 - MMSA [INFO] - >> Epoch: 5 TRAIN -(DLF) [1/5/1] >> total_loss: 3.5722  acc_7: 0.3995  acc_5: 0.4198  acc_2: 0.8432  F1_score: 0.8436  Corr: 0.7637  MAE: 0.7538 
2026-09-02 02:00:58,135 - MMSA [INFO] - VAL-(DLF) >>  acc_7: 0.3406  acc_5: 0.4236  acc_2: 0.8380  F1_score: 0.8358  Corr: 0.7202  MAE: 0.9254  Loss: 0.9186 
2026-09-02 02:01:01,282 - MMSA [INFO] - TEST-(DLF) >>  acc_7: 0.3032  acc_5: 0.3309  acc_2: 0.7912  F1_score: 0.7919  Corr: 0.7238  MAE: 1.0555  Loss: 1.0549 
2026-09-02 02:01:22,057 - MMSA [INFO] - >> Epoch: 6 TRAIN -(DLF) [1/6/1] >> total_loss: 3.3546  acc_7: 0.4354  acc_5: 0.4673  acc_2: 0.8790  F1_score: 0.8792  Corr: 0.8148  MAE: 0.6769 
2026-09-02 02:01:23,383 - MMSA [INFO] - VAL-(DLF) >>  acc_7: 0.3231  acc_5: 0.3974  acc_2: 0.8611  F1_score: 0.8618  Corr: 0.7387  MAE: 0.8629  Loss: 0.8462 
2026-09-02 02:01:26,348 - MMSA [INFO] - TEST-(DLF) >>  acc_7: 0.3542  acc_5: 0.3819  acc_2: 0.8399  F1_score: 0.8388  Corr: 0.7486  MAE: 0.8449  Loss: 0.8440 
2026-09-02 02:01:47,369 - MMSA [INFO] - >> Epoch: 7 TRAIN -(DLF) [1/7/1] >> total_loss: 3.1558  acc_7: 0.4712  acc_5: 0.5047  acc_2: 0.9058  F1_score: 0.9059  Corr: 0.8513  MAE: 0.6132 
2026-09-02 02:01:48,585 - MMSA [INFO] - VAL-(DLF) >>  acc_7: 0.3144  acc_5: 0.3930  acc_2: 0.8472  F1_score: 0.8480  Corr: 0.7398  MAE: 0.8670  Loss: 0.8483 
2026-09-02 02:01:51,371 - MMSA [INFO] - TEST-(DLF) >>  acc_7: 0.3732  acc_5: 0.4155  acc_2: 0.8384  F1_score: 0.8367  Corr: 0.7454  MAE: 0.8400  Loss: 0.8391 
2026-09-02 02:02:11,263 - MMSA [INFO] - >> Epoch: 8 TRAIN -(DLF) [2/8/1] >> total_loss: 3.0145  acc_7: 0.4953  acc_5: 0.5257  acc_2: 0.9058  F1_score: 0.9060  Corr: 0.8636  MAE: 0.5800 
2026-09-02 02:02:12,626 - MMSA [INFO] - VAL-(DLF) >>  acc_7: 0.3624  acc_5: 0.4454  acc_2: 0.8565  F1_score: 0.8546  Corr: 0.7646  MAE: 0.8565  Loss: 0.8497 
2026-09-02 02:02:15,725 - MMSA [INFO] - TEST-(DLF) >>  acc_7: 0.3338  acc_5: 0.3776  acc_2: 0.7896  F1_score: 0.7902  Corr: 0.7429  MAE: 0.9998  Loss: 0.9994 
2026-09-02 02:02:35,369 - MMSA [INFO] - >> Epoch: 9 TRAIN -(DLF) [3/9/1] >> total_loss: 2.9483  acc_7: 0.4829  acc_5: 0.5226  acc_2: 0.9171  F1_score: 0.9172  Corr: 0.8681  MAE: 0.5855 
2026-09-02 02:02:37,467 - MMSA [INFO] - VAL-(DLF) >>  acc_7: 0.3712  acc_5: 0.4716  acc_2: 0.8565  F1_score: 0.8566  Corr: 0.7616  MAE: 0.8344  Loss: 0.8133 
2026-09-02 02:02:41,156 - MMSA [INFO] - TEST-(DLF) >>  acc_7: 0.3980  acc_5: 0.4767  acc_2: 0.8293  F1_score: 0.8292  Corr: 0.7489  MAE: 0.8411  Loss: 0.8403 
2026-09-02 02:03:01,448 - MMSA [INFO] - >> Epoch: 10 TRAIN -(DLF) [1/10/1] >> total_loss: 2.8156  acc_7: 0.5164  acc_5: 0.5537  acc_2: 0.9285  F1_score: 0.9283  Corr: 0.8872  MAE: 0.5333 
2026-09-02 02:03:03,004 - MMSA [INFO] - VAL-(DLF) >>  acc_7: 0.3231  acc_5: 0.4236  acc_2: 0.8241  F1_score: 0.8249  Corr: 0.7428  MAE: 0.9499  Loss: 0.9253 
2026-09-02 02:03:06,101 - MMSA [INFO] - TEST-(DLF) >>  acc_7: 0.4009  acc_5: 0.4767  acc_2: 0.8399  F1_score: 0.8342  Corr: 0.7492  MAE: 0.8196  Loss: 0.8186 
2026-09-02 02:03:25,621 - MMSA [INFO] - >> Epoch: 11 TRAIN -(DLF) [2/11/1] >> total_loss: 2.9144  acc_7: 0.4330  acc_5: 0.4704  acc_2: 0.8968  F1_score: 0.8971  Corr: 0.8676  MAE: 0.6138 
2026-09-02 02:03:26,913 - MMSA [INFO] - VAL-(DLF) >>  acc_7: 0.3974  acc_5: 0.5066  acc_2: 0.8519  F1_score: 0.8505  Corr: 0.7742  MAE: 0.8252  Loss: 0.8162 
2026-09-02 02:03:29,718 - MMSA [INFO] - TEST-(DLF) >>  acc_7: 0.3688  acc_5: 0.4373  acc_2: 0.8049  F1_score: 0.8059  Corr: 0.7466  MAE: 0.9293  Loss: 0.9293 
2026-09-02 02:03:49,761 - MMSA [INFO] - >> Epoch: 12 TRAIN -(DLF) [3/12/1] >> total_loss: 2.7197  acc_7: 0.5117  acc_5: 0.5506  acc_2: 0.9188  F1_score: 0.9189  Corr: 0.8935  MAE: 0.5317 
2026-09-02 02:03:50,993 - MMSA [INFO] - VAL-(DLF) >>  acc_7: 0.4192  acc_5: 0.5328  acc_2: 0.8426  F1_score: 0.8411  Corr: 0.7674  MAE: 0.8033  Loss: 0.7925 
2026-09-02 02:03:54,672 - MMSA [INFO] - TEST-(DLF) >>  acc_7: 0.3790  acc_5: 0.4461  acc_2: 0.8064  F1_score: 0.8075  Corr: 0.7529  MAE: 0.8997  Loss: 0.8994 
2026-09-02 02:04:16,361 - MMSA [INFO] - >> Epoch: 13 TRAIN -(DLF) [1/13/1] >> total_loss: 2.6877  acc_7: 0.5280  acc_5: 0.5678  acc_2: 0.9180  F1_score: 0.9177  Corr: 0.8997  MAE: 0.5205 
2026-09-02 02:04:17,733 - MMSA [INFO] - VAL-(DLF) >>  acc_7: 0.3537  acc_5: 0.4629  acc_2: 0.8426  F1_score: 0.8434  Corr: 0.7711  MAE: 0.8126  Loss: 0.7958 
2026-09-02 02:04:20,896 - MMSA [INFO] - TEST-(DLF) >>  acc_7: 0.4402  acc_5: 0.5087  acc_2: 0.8415  F1_score: 0.8388  Corr: 0.7710  MAE: 0.7602  Loss: 0.7595 
2026-09-02 02:04:40,211 - MMSA [INFO] - >> Epoch: 14 TRAIN -(DLF) [2/14/1] >> total_loss: 2.5734  acc_7: 0.5569  acc_5: 0.5989  acc_2: 0.9261  F1_score: 0.9262  Corr: 0.9092  MAE: 0.4817 
2026-09-02 02:04:41,443 - MMSA [INFO] - VAL-(DLF) >>  acc_7: 0.4105  acc_5: 0.5197  acc_2: 0.8750  F1_score: 0.8752  Corr: 0.7789  MAE: 0.7783  Loss: 0.7686 
2026-09-02 02:04:44,695 - MMSA [INFO] - TEST-(DLF) >>  acc_7: 0.4111  acc_5: 0.4854  acc_2: 0.8277  F1_score: 0.8284  Corr: 0.7693  MAE: 0.8153  Loss: 0.8152 
2026-09-02 02:05:05,592 - MMSA [INFO] - >> Epoch: 15 TRAIN -(DLF) [1/15/1] >> total_loss: 2.4628  acc_7: 0.6044  acc_5: 0.6542  acc_2: 0.9488  F1_score: 0.9489  Corr: 0.9221  MAE: 0.4377 
2026-09-02 02:05:06,922 - MMSA [INFO] - VAL-(DLF) >>  acc_7: 0.4148  acc_5: 0.5240  acc_2: 0.8565  F1_score: 0.8564  Corr: 0.7748  MAE: 0.7889  Loss: 0.7850 
2026-09-02 02:05:09,898 - MMSA [INFO] - TEST-(DLF) >>  acc_7: 0.4038  acc_5: 0.4781  acc_2: 0.8110  F1_score: 0.8121  Corr: 0.7563  MAE: 0.8397  Loss: 0.8397 
2026-09-02 02:05:29,691 - MMSA [INFO] - >> Epoch: 16 TRAIN -(DLF) [2/16/1] >> total_loss: 2.4286  acc_7: 0.6005  acc_5: 0.6519  acc_2: 0.9342  F1_score: 0.9342  Corr: 0.9229  MAE: 0.4394 
2026-09-02 02:05:30,795 - MMSA [INFO] - VAL-(DLF) >>  acc_7: 0.3755  acc_5: 0.4847  acc_2: 0.8565  F1_score: 0.8572  Corr: 0.7768  MAE: 0.8015  Loss: 0.7881 
2026-09-02 02:05:34,510 - MMSA [INFO] - TEST-(DLF) >>  acc_7: 0.4315  acc_5: 0.5102  acc_2: 0.8354  F1_score: 0.8345  Corr: 0.7698  MAE: 0.7711  Loss: 0.7705 
2026-09-02 02:05:55,184 - MMSA [INFO] - >> Epoch: 17 TRAIN -(DLF) [3/17/1] >> total_loss: 2.3253  acc_7: 0.6379  acc_5: 0.6869  acc_2: 0.9545  F1_score: 0.9545  Corr: 0.9305  MAE: 0.4064 
2026-09-02 02:05:56,586 - MMSA [INFO] - VAL-(DLF) >>  acc_7: 0.3886  acc_5: 0.4978  acc_2: 0.8611  F1_score: 0.8618  Corr: 0.7781  MAE: 0.8046  Loss: 0.7876 
2026-09-02 02:05:59,562 - MMSA [INFO] - TEST-(DLF) >>  acc_7: 0.4402  acc_5: 0.5190  acc_2: 0.8369  F1_score: 0.8359  Corr: 0.7726  MAE: 0.7632  Loss: 0.7626 
2026-09-02 02:06:18,868 - MMSA [INFO] - >> Epoch: 18 TRAIN -(DLF) [4/18/1] >> total_loss: 2.3052  acc_7: 0.6246  acc_5: 0.6807  acc_2: 0.9423  F1_score: 0.9424  Corr: 0.9325  MAE: 0.4133 
2026-09-02 02:06:20,030 - MMSA [INFO] - VAL-(DLF) >>  acc_7: 0.4410  acc_5: 0.5459  acc_2: 0.8565  F1_score: 0.8559  Corr: 0.7866  MAE: 0.7639  Loss: 0.7566 
2026-09-02 02:06:22,956 - MMSA [INFO] - TEST-(DLF) >>  acc_7: 0.4155  acc_5: 0.4898  acc_2: 0.8186  F1_score: 0.8196  Corr: 0.7643  MAE: 0.8208  Loss: 0.8205 
2026-09-02 02:06:43,367 - MMSA [INFO] - >> Epoch: 19 TRAIN -(DLF) [1/19/1] >> total_loss: 2.2413  acc_7: 0.6238  acc_5: 0.6760  acc_2: 0.9513  F1_score: 0.9513  Corr: 0.9357  MAE: 0.3889 
2026-09-02 02:06:44,573 - MMSA [INFO] - VAL-(DLF) >>  acc_7: 0.4105  acc_5: 0.5153  acc_2: 0.8796  F1_score: 0.8796  Corr: 0.7871  MAE: 0.7640  Loss: 0.7522 
2026-09-02 02:06:47,974 - MMSA [INFO] - TEST-(DLF) >>  acc_7: 0.4286  acc_5: 0.5073  acc_2: 0.8216  F1_score: 0.8224  Corr: 0.7660  MAE: 0.8004  Loss: 0.8001 
2026-09-02 02:07:08,790 - MMSA [INFO] - >> Epoch: 20 TRAIN -(DLF) [1/20/1] >> total_loss: 2.2052  acc_7: 0.6371  acc_5: 0.6931  acc_2: 0.9578  F1_score: 0.9578  Corr: 0.9425  MAE: 0.3733 
2026-09-02 02:07:10,304 - MMSA [INFO] - VAL-(DLF) >>  acc_7: 0.4017  acc_5: 0.5066  acc_2: 0.8704  F1_score: 0.8707  Corr: 0.7882  MAE: 0.7709  Loss: 0.7577 
2026-09-02 02:07:13,366 - MMSA [INFO] - TEST-(DLF) >>  acc_7: 0.4388  acc_5: 0.5160  acc_2: 0.8216  F1_score: 0.8219  Corr: 0.7655  MAE: 0.7812  Loss: 0.7806 
2026-09-02 02:07:34,914 - MMSA [INFO] - >> Epoch: 21 TRAIN -(DLF) [2/21/1] >> total_loss: 2.1692  acc_7: 0.6379  acc_5: 0.6931  acc_2: 0.9586  F1_score: 0.9586  Corr: 0.9446  MAE: 0.3745 
2026-09-02 02:07:36,186 - MMSA [INFO] - VAL-(DLF) >>  acc_7: 0.3886  acc_5: 0.4934  acc_2: 0.8611  F1_score: 0.8618  Corr: 0.7826  MAE: 0.7748  Loss: 0.7605 
2026-09-02 02:07:40,622 - MMSA [INFO] - TEST-(DLF) >>  acc_7: 0.4504  acc_5: 0.5233  acc_2: 0.8338  F1_score: 0.8328  Corr: 0.7670  MAE: 0.7604  Loss: 0.7595 
2026-09-02 02:08:02,993 - MMSA [INFO] - >> Epoch: 22 TRAIN -(DLF) [3/22/1] >> total_loss: 2.1548  acc_7: 0.6379  acc_5: 0.6916  acc_2: 0.9529  F1_score: 0.9529  Corr: 0.9462  MAE: 0.3703 
2026-09-02 02:08:04,595 - MMSA [INFO] - VAL-(DLF) >>  acc_7: 0.3886  acc_5: 0.5022  acc_2: 0.8565  F1_score: 0.8571  Corr: 0.7828  MAE: 0.7947  Loss: 0.7744 
2026-09-02 02:08:09,033 - MMSA [INFO] - TEST-(DLF) >>  acc_7: 0.4606  acc_5: 0.5408  acc_2: 0.8308  F1_score: 0.8291  Corr: 0.7670  MAE: 0.7617  Loss: 0.7609 
2026-09-02 02:08:28,633 - MMSA [INFO] - >> Epoch: 23 TRAIN -(DLF) [4/23/1] >> total_loss: 2.1252  acc_7: 0.6674  acc_5: 0.7251  acc_2: 0.9464  F1_score: 0.9465  Corr: 0.9483  MAE: 0.3522 
2026-09-02 02:08:29,815 - MMSA [INFO] - VAL-(DLF) >>  acc_7: 0.4105  acc_5: 0.5197  acc_2: 0.8519  F1_score: 0.8524  Corr: 0.7934  MAE: 0.7525  Loss: 0.7374 
2026-09-02 02:08:32,768 - MMSA [INFO] - TEST-(DLF) >>  acc_7: 0.4548  acc_5: 0.5292  acc_2: 0.8232  F1_score: 0.8236  Corr: 0.7685  MAE: 0.7629  Loss: 0.7621 
2026-09-02 02:08:52,597 - MMSA [INFO] - >> Epoch: 24 TRAIN -(DLF) [1/24/1] >> total_loss: 2.0546  acc_7: 0.6713  acc_5: 0.7290  acc_2: 0.9594  F1_score: 0.9594  Corr: 0.9518  MAE: 0.3425 
2026-09-02 02:08:53,801 - MMSA [INFO] - VAL-(DLF) >>  acc_7: 0.4192  acc_5: 0.5284  acc_2: 0.8472  F1_score: 0.8477  Corr: 0.7921  MAE: 0.7480  Loss: 0.7363 
2026-09-02 02:08:56,676 - MMSA [INFO] - TEST-(DLF) >>  acc_7: 0.4519  acc_5: 0.5277  acc_2: 0.8247  F1_score: 0.8253  Corr: 0.7709  MAE: 0.7668  Loss: 0.7661 
2026-09-02 02:09:16,105 - MMSA [INFO] - >> Epoch: 25 TRAIN -(DLF) [1/25/1] >> total_loss: 2.0767  acc_7: 0.6628  acc_5: 0.7173  acc_2: 0.9521  F1_score: 0.9521  Corr: 0.9496  MAE: 0.3576 
2026-09-02 02:09:17,231 - MMSA [INFO] - VAL-(DLF) >>  acc_7: 0.4236  acc_5: 0.5371  acc_2: 0.8611  F1_score: 0.8613  Corr: 0.7861  MAE: 0.7763  Loss: 0.7650 
2026-09-02 02:09:20,153 - MMSA [INFO] - TEST-(DLF) >>  acc_7: 0.4286  acc_5: 0.5058  acc_2: 0.8201  F1_score: 0.8209  Corr: 0.7675  MAE: 0.8121  Loss: 0.8118 
2026-09-02 02:09:38,875 - MMSA [INFO] - >> Epoch: 26 TRAIN -(DLF) [2/26/1] >> total_loss: 2.103  acc_7: 0.6698  acc_5: 0.7305  acc_2: 0.9496  F1_score: 0.9497  Corr: 0.9472  MAE: 0.3679 
2026-09-02 02:09:40,057 - MMSA [INFO] - VAL-(DLF) >>  acc_7: 0.3974  acc_5: 0.5066  acc_2: 0.8611  F1_score: 0.8615  Corr: 0.7844  MAE: 0.7638  Loss: 0.7526 
2026-09-02 02:09:43,298 - MMSA [INFO] - TEST-(DLF) >>  acc_7: 0.4431  acc_5: 0.5131  acc_2: 0.8186  F1_score: 0.8192  Corr: 0.7702  MAE: 0.7691  Loss: 0.7686 
2026-09-02 02:10:02,674 - MMSA [INFO] - >> Epoch: 27 TRAIN -(DLF) [3/27/1] >> total_loss: 2.0714  acc_7: 0.6643  acc_5: 0.7204  acc_2: 0.9423  F1_score: 0.9422  Corr: 0.9508  MAE: 0.3606 
2026-09-02 02:10:03,824 - MMSA [INFO] - VAL-(DLF) >>  acc_7: 0.3799  acc_5: 0.4934  acc_2: 0.8472  F1_score: 0.8479  Corr: 0.7842  MAE: 0.7886  Loss: 0.7683 
2026-09-02 02:10:06,581 - MMSA [INFO] - TEST-(DLF) >>  acc_7: 0.4665  acc_5: 0.5466  acc_2: 0.8293  F1_score: 0.8280  Corr: 0.7739  MAE: 0.7421  Loss: 0.7412 
2026-09-02 02:10:25,983 - MMSA [INFO] - >> Epoch: 28 TRAIN -(DLF) [4/28/1] >> total_loss: 2.0461  acc_7: 0.6597  acc_5: 0.7173  acc_2: 0.9561  F1_score: 0.9560  Corr: 0.9513  MAE: 0.3526 
2026-09-02 02:10:27,168 - MMSA [INFO] - VAL-(DLF) >>  acc_7: 0.4148  acc_5: 0.5197  acc_2: 0.8565  F1_score: 0.8568  Corr: 0.7922  MAE: 0.7587  Loss: 0.7418 
2026-09-02 02:10:29,932 - MMSA [INFO] - TEST-(DLF) >>  acc_7: 0.4490  acc_5: 0.5262  acc_2: 0.8262  F1_score: 0.8265  Corr: 0.7760  MAE: 0.7633  Loss: 0.7627 
2026-09-02 02:10:48,766 - MMSA [INFO] - >> Epoch: 29 TRAIN -(DLF) [5/29/1] >> total_loss: 1.95  acc_7: 0.7017  acc_5: 0.7539  acc_2: 0.9610  F1_score: 0.9610  Corr: 0.9591  MAE: 0.3172 
2026-09-02 02:10:50,060 - MMSA [INFO] - VAL-(DLF) >>  acc_7: 0.4498  acc_5: 0.5502  acc_2: 0.8519  F1_score: 0.8514  Corr: 0.7934  MAE: 0.7371  Loss: 0.7222 
2026-09-02 02:10:52,829 - MMSA [INFO] - TEST-(DLF) >>  acc_7: 0.4242  acc_5: 0.4971  acc_2: 0.8216  F1_score: 0.8227  Corr: 0.7712  MAE: 0.7893  Loss: 0.7888 
2026-09-02 02:11:11,774 - MMSA [INFO] - >> Epoch: 30 TRAIN -(DLF) [1/30/1] >> total_loss: 1.9507  acc_7: 0.6908  acc_5: 0.7453  acc_2: 0.9634  F1_score: 0.9634  Corr: 0.9599  MAE: 0.3156 
2026-09-02 02:11:13,070 - MMSA [INFO] - VAL-(DLF) >>  acc_7: 0.4105  acc_5: 0.5197  acc_2: 0.8657  F1_score: 0.8660  Corr: 0.7942  MAE: 0.7454  Loss: 0.7242 
2026-09-02 02:11:15,895 - MMSA [INFO] - TEST-(DLF) >>  acc_7: 0.4548  acc_5: 0.5306  acc_2: 0.8308  F1_score: 0.8310  Corr: 0.7780  MAE: 0.7481  Loss: 0.7473 
2026-09-02 02:11:34,490 - MMSA [INFO] - >> Epoch: 31 TRAIN -(DLF) [2/31/1] >> total_loss: 1.9178  acc_7: 0.7009  acc_5: 0.7516  acc_2: 0.9659  F1_score: 0.9658  Corr: 0.9618  MAE: 0.3112 
2026-09-02 02:11:35,620 - MMSA [INFO] - VAL-(DLF) >>  acc_7: 0.4367  acc_5: 0.5459  acc_2: 0.8611  F1_score: 0.8613  Corr: 0.7977  MAE: 0.7193  Loss: 0.7030 
2026-09-02 02:11:39,357 - MMSA [INFO] - TEST-(DLF) >>  acc_7: 0.4563  acc_5: 0.5306  acc_2: 0.8323  F1_score: 0.8330  Corr: 0.7763  MAE: 0.7496  Loss: 0.7488 
2026-09-02 02:11:59,315 - MMSA [INFO] - >> Epoch: 32 TRAIN -(DLF) [1/32/1] >> total_loss: 1.9534  acc_7: 0.6931  acc_5: 0.7500  acc_2: 0.9569  F1_score: 0.9569  Corr: 0.9590  MAE: 0.3268 
2026-09-02 02:12:00,459 - MMSA [INFO] - VAL-(DLF) >>  acc_7: 0.4760  acc_5: 0.5764  acc_2: 0.8472  F1_score: 0.8469  Corr: 0.7985  MAE: 0.7296  Loss: 0.7149 
2026-09-02 02:12:03,349 - MMSA [INFO] - TEST-(DLF) >>  acc_7: 0.4329  acc_5: 0.5087  acc_2: 0.8186  F1_score: 0.8196  Corr: 0.7743  MAE: 0.8008  Loss: 0.8001 
2026-09-02 02:12:21,338 - MMSA [INFO] - >> Epoch: 33 TRAIN -(DLF) [2/33/1] >> total_loss: 1.9509  acc_7: 0.6667  acc_5: 0.7336  acc_2: 0.9578  F1_score: 0.9578  Corr: 0.9588  MAE: 0.3295 
2026-09-02 02:12:22,424 - MMSA [INFO] - VAL-(DLF) >>  acc_7: 0.4367  acc_5: 0.5459  acc_2: 0.8565  F1_score: 0.8569  Corr: 0.7993  MAE: 0.7199  Loss: 0.7047 
2026-09-02 02:12:25,302 - MMSA [INFO] - TEST-(DLF) >>  acc_7: 0.4650  acc_5: 0.5321  acc_2: 0.8308  F1_score: 0.8313  Corr: 0.7804  MAE: 0.7457  Loss: 0.7449 
2026-09-02 02:12:43,247 - MMSA [INFO] - >> Epoch: 34 TRAIN -(DLF) [3/34/1] >> total_loss: 1.9196  acc_7: 0.7025  acc_5: 0.7593  acc_2: 0.9537  F1_score: 0.9537  Corr: 0.9594  MAE: 0.3150 
2026-09-02 02:12:44,320 - MMSA [INFO] - VAL-(DLF) >>  acc_7: 0.4585  acc_5: 0.5677  acc_2: 0.8519  F1_score: 0.8516  Corr: 0.8012  MAE: 0.7230  Loss: 0.7123 
2026-09-02 02:12:46,985 - MMSA [INFO] - TEST-(DLF) >>  acc_7: 0.4155  acc_5: 0.4869  acc_2: 0.8216  F1_score: 0.8227  Corr: 0.7816  MAE: 0.7894  Loss: 0.7889 
2026-09-02 02:13:05,246 - MMSA [INFO] - >> Epoch: 35 TRAIN -(DLF) [4/35/1] >> total_loss: 1.9178  acc_7: 0.7017  acc_5: 0.7625  acc_2: 0.9586  F1_score: 0.9586  Corr: 0.9604  MAE: 0.3153 
2026-09-02 02:13:06,332 - MMSA [INFO] - VAL-(DLF) >>  acc_7: 0.4454  acc_5: 0.5415  acc_2: 0.8565  F1_score: 0.8568  Corr: 0.7981  MAE: 0.7350  Loss: 0.7160 
2026-09-02 02:13:09,019 - MMSA [INFO] - TEST-(DLF) >>  acc_7: 0.4548  acc_5: 0.5248  acc_2: 0.8369  F1_score: 0.8373  Corr: 0.7879  MAE: 0.7411  Loss: 0.7404 
2026-09-02 02:13:27,159 - MMSA [INFO] - >> Epoch: 36 TRAIN -(DLF) [5/36/1] >> total_loss: 1.8697  acc_7: 0.7165  acc_5: 0.7765  acc_2: 0.9675  F1_score: 0.9675  Corr: 0.9651  MAE: 0.2928 
2026-09-02 02:13:28,428 - MMSA [INFO] - VAL-(DLF) >>  acc_7: 0.4672  acc_5: 0.5721  acc_2: 0.8426  F1_score: 0.8428  Corr: 0.7997  MAE: 0.7185  Loss: 0.7036 
2026-09-02 02:13:31,048 - MMSA [INFO] - TEST-(DLF) >>  acc_7: 0.4534  acc_5: 0.5204  acc_2: 0.8384  F1_score: 0.8391  Corr: 0.7912  MAE: 0.7416  Loss: 0.7411 
2026-09-02 02:13:49,453 - MMSA [INFO] - >> Epoch: 37 TRAIN -(DLF) [6/37/1] >> total_loss: 1.8606  acc_7: 0.7368  acc_5: 0.7936  acc_2: 0.9659  F1_score: 0.9659  Corr: 0.9657  MAE: 0.2882 
2026-09-02 02:13:50,581 - MMSA [INFO] - VAL-(DLF) >>  acc_7: 0.4760  acc_5: 0.5764  acc_2: 0.8380  F1_score: 0.8381  Corr: 0.7992  MAE: 0.7212  Loss: 0.7052 
2026-09-02 02:13:53,317 - MMSA [INFO] - TEST-(DLF) >>  acc_7: 0.4519  acc_5: 0.5219  acc_2: 0.8369  F1_score: 0.8375  Corr: 0.7925  MAE: 0.7376  Loss: 0.7371 
2026-09-02 02:14:12,471 - MMSA [INFO] - >> Epoch: 38 TRAIN -(DLF) [7/38/1] >> total_loss: 1.8669  acc_7: 0.7040  acc_5: 0.7625  acc_2: 0.9618  F1_score: 0.9617  Corr: 0.9644  MAE: 0.2964 
2026-09-02 02:14:13,607 - MMSA [INFO] - VAL-(DLF) >>  acc_7: 0.4672  acc_5: 0.5677  acc_2: 0.8380  F1_score: 0.8383  Corr: 0.7986  MAE: 0.7263  Loss: 0.7069 
2026-09-02 02:14:16,408 - MMSA [INFO] - TEST-(DLF) >>  acc_7: 0.4534  acc_5: 0.5277  acc_2: 0.8430  F1_score: 0.8434  Corr: 0.7909  MAE: 0.7310  Loss: 0.7304 
2026-09-02 02:14:34,581 - MMSA [INFO] - >> Epoch: 39 TRAIN -(DLF) [8/39/1] >> total_loss: 1.8495  acc_7: 0.7165  acc_5: 0.7780  acc_2: 0.9643  F1_score: 0.9642  Corr: 0.9637  MAE: 0.2964 
2026-09-02 02:14:35,867 - MMSA [INFO] - VAL-(DLF) >>  acc_7: 0.4672  acc_5: 0.5677  acc_2: 0.8472  F1_score: 0.8475  Corr: 0.7999  MAE: 0.7179  Loss: 0.6992 
2026-09-02 02:14:38,610 - MMSA [INFO] - TEST-(DLF) >>  acc_7: 0.4592  acc_5: 0.5321  acc_2: 0.8323  F1_score: 0.8329  Corr: 0.7845  MAE: 0.7387  Loss: 0.7379 
2026-09-02 02:14:57,837 - MMSA [INFO] - >> Epoch: 40 TRAIN -(DLF) [1/40/1] >> total_loss: 1.8685  acc_7: 0.7111  acc_5: 0.7648  acc_2: 0.9610  F1_score: 0.9610  Corr: 0.9643  MAE: 0.2981 
2026-09-02 02:14:58,867 - MMSA [INFO] - VAL-(DLF) >>  acc_7: 0.4760  acc_5: 0.5764  acc_2: 0.8472  F1_score: 0.8473  Corr: 0.7983  MAE: 0.7298  Loss: 0.7128 
2026-09-02 02:15:01,549 - MMSA [INFO] - TEST-(DLF) >>  acc_7: 0.4373  acc_5: 0.5131  acc_2: 0.8308  F1_score: 0.8315  Corr: 0.7830  MAE: 0.7629  Loss: 0.7622 
2026-09-02 02:15:19,776 - MMSA [INFO] - >> Epoch: 41 TRAIN -(DLF) [2/41/1] >> total_loss: 1.8141  acc_7: 0.7336  acc_5: 0.7983  acc_2: 0.9781  F1_score: 0.9781  Corr: 0.9689  MAE: 0.2751 
2026-09-02 02:15:20,826 - MMSA [INFO] - VAL-(DLF) >>  acc_7: 0.4541  acc_5: 0.5590  acc_2: 0.8426  F1_score: 0.8428  Corr: 0.7991  MAE: 0.7197  Loss: 0.7070 
2026-09-02 02:15:23,645 - MMSA [INFO] - TEST-(DLF) >>  acc_7: 0.4534  acc_5: 0.5190  acc_2: 0.8262  F1_score: 0.8269  Corr: 0.7864  MAE: 0.7486  Loss: 0.7479 
2026-09-02 02:15:41,551 - MMSA [INFO] - >> Epoch: 42 TRAIN -(DLF) [3/42/1] >> total_loss: 1.8193  acc_7: 0.7188  acc_5: 0.7788  acc_2: 0.9675  F1_score: 0.9675  Corr: 0.9673  MAE: 0.2836 
2026-09-02 02:15:42,633 - MMSA [INFO] - VAL-(DLF) >>  acc_7: 0.4716  acc_5: 0.5721  acc_2: 0.8565  F1_score: 0.8570  Corr: 0.7980  MAE: 0.7220  Loss: 0.7066 
2026-09-02 02:15:45,314 - MMSA [INFO] - TEST-(DLF) >>  acc_7: 0.4577  acc_5: 0.5248  acc_2: 0.8354  F1_score: 0.8360  Corr: 0.7894  MAE: 0.7380  Loss: 0.7374 
2026-09-02 02:16:03,626 - MMSA [INFO] - >> Epoch: 43 TRAIN -(DLF) [4/43/1] >> total_loss: 1.811  acc_7: 0.7336  acc_5: 0.7843  acc_2: 0.9716  F1_score: 0.9716  Corr: 0.9686  MAE: 0.2767 
2026-09-02 02:16:04,755 - MMSA [INFO] - VAL-(DLF) >>  acc_7: 0.4541  acc_5: 0.5677  acc_2: 0.8519  F1_score: 0.8519  Corr: 0.7989  MAE: 0.7195  Loss: 0.7065 
2026-09-02 02:16:07,305 - MMSA [INFO] - TEST-(DLF) >>  acc_7: 0.4373  acc_5: 0.5058  acc_2: 0.8323  F1_score: 0.8332  Corr: 0.7878  MAE: 0.7578  Loss: 0.7572 
2026-09-02 02:16:25,479 - MMSA [INFO] - >> Epoch: 44 TRAIN -(DLF) [5/44/1] >> total_loss: 1.7937  acc_7: 0.7336  acc_5: 0.7921  acc_2: 0.9659  F1_score: 0.9659  Corr: 0.9701  MAE: 0.2720 
2026-09-02 02:16:26,785 - MMSA [INFO] - VAL-(DLF) >>  acc_7: 0.4367  acc_5: 0.5546  acc_2: 0.8519  F1_score: 0.8525  Corr: 0.7975  MAE: 0.7247  Loss: 0.7095 
2026-09-02 02:16:29,443 - MMSA [INFO] - TEST-(DLF) >>  acc_7: 0.4723  acc_5: 0.5423  acc_2: 0.8460  F1_score: 0.8462  Corr: 0.7904  MAE: 0.7272  Loss: 0.7265 
2026-09-02 02:16:47,478 - MMSA [INFO] - >> Epoch: 45 TRAIN -(DLF) [6/45/1] >> total_loss: 1.8004  acc_7: 0.7344  acc_5: 0.7913  acc_2: 0.9773  F1_score: 0.9773  Corr: 0.9694  MAE: 0.2757 
2026-09-02 02:16:48,534 - MMSA [INFO] - VAL-(DLF) >>  acc_7: 0.4498  acc_5: 0.5502  acc_2: 0.8611  F1_score: 0.8613  Corr: 0.8027  MAE: 0.7095  Loss: 0.6956 
2026-09-02 02:16:51,296 - MMSA [INFO] - TEST-(DLF) >>  acc_7: 0.4490  acc_5: 0.5219  acc_2: 0.8323  F1_score: 0.8331  Corr: 0.7884  MAE: 0.7432  Loss: 0.7425 
2026-09-02 02:17:10,100 - MMSA [INFO] - >> Epoch: 46 TRAIN -(DLF) [1/46/1] >> total_loss: 1.7612  acc_7: 0.7492  acc_5: 0.8053  acc_2: 0.9708  F1_score: 0.9707  Corr: 0.9710  MAE: 0.2670 
2026-09-02 02:17:11,210 - MMSA [INFO] - VAL-(DLF) >>  acc_7: 0.4541  acc_5: 0.5502  acc_2: 0.8519  F1_score: 0.8525  Corr: 0.8031  MAE: 0.7223  Loss: 0.7042 
2026-09-02 02:17:13,847 - MMSA [INFO] - TEST-(DLF) >>  acc_7: 0.4781  acc_5: 0.5481  acc_2: 0.8415  F1_score: 0.8415  Corr: 0.7916  MAE: 0.7227  Loss: 0.7220 
2026-09-02 02:17:31,855 - MMSA [INFO] - >> Epoch: 47 TRAIN -(DLF) [2/47/1] >> total_loss: 1.7647  acc_7: 0.7578  acc_5: 0.8139  acc_2: 0.9724  F1_score: 0.9724  Corr: 0.9713  MAE: 0.2646 
2026-09-02 02:17:32,891 - MMSA [INFO] - VAL-(DLF) >>  acc_7: 0.4629  acc_5: 0.5633  acc_2: 0.8611  F1_score: 0.8613  Corr: 0.8032  MAE: 0.7118  Loss: 0.6981 
2026-09-02 02:17:35,613 - MMSA [INFO] - TEST-(DLF) >>  acc_7: 0.4534  acc_5: 0.5204  acc_2: 0.8338  F1_score: 0.8345  Corr: 0.7904  MAE: 0.7372  Loss: 0.7366 
2026-09-02 02:17:53,684 - MMSA [INFO] - >> Epoch: 48 TRAIN -(DLF) [3/48/1] >> total_loss: 1.8028  acc_7: 0.7298  acc_5: 0.7850  acc_2: 0.9708  F1_score: 0.9708  Corr: 0.9693  MAE: 0.2785 
2026-09-02 02:17:54,814 - MMSA [INFO] - VAL-(DLF) >>  acc_7: 0.4629  acc_5: 0.5721  acc_2: 0.8565  F1_score: 0.8566  Corr: 0.8006  MAE: 0.7252  Loss: 0.7077 
2026-09-02 02:17:57,524 - MMSA [INFO] - TEST-(DLF) >>  acc_7: 0.4519  acc_5: 0.5248  acc_2: 0.8338  F1_score: 0.8345  Corr: 0.7883  MAE: 0.7458  Loss: 0.7452 
2026-09-02 02:18:15,624 - MMSA [INFO] - >> Epoch: 49 TRAIN -(DLF) [4/49/1] >> total_loss: 1.7874  acc_7: 0.7321  acc_5: 0.7952  acc_2: 0.9773  F1_score: 0.9773  Corr: 0.9711  MAE: 0.2790 
2026-09-02 02:18:16,685 - MMSA [INFO] - VAL-(DLF) >>  acc_7: 0.4629  acc_5: 0.5633  acc_2: 0.8519  F1_score: 0.8520  Corr: 0.8020  MAE: 0.7158  Loss: 0.7028 
2026-09-02 02:18:19,397 - MMSA [INFO] - TEST-(DLF) >>  acc_7: 0.4665  acc_5: 0.5394  acc_2: 0.8354  F1_score: 0.8361  Corr: 0.7912  MAE: 0.7339  Loss: 0.7332 
2026-09-02 02:18:37,549 - MMSA [INFO] - >> Epoch: 50 TRAIN -(DLF) [5/50/1] >> total_loss: 1.7729  acc_7: 0.7438  acc_5: 0.8006  acc_2: 0.9691  F1_score: 0.9692  Corr: 0.9714  MAE: 0.2681 
2026-09-02 02:18:38,691 - MMSA [INFO] - VAL-(DLF) >>  acc_7: 0.4585  acc_5: 0.5677  acc_2: 0.8565  F1_score: 0.8564  Corr: 0.7997  MAE: 0.7379  Loss: 0.7272 
2026-09-02 02:18:41,596 - MMSA [INFO] - TEST-(DLF) >>  acc_7: 0.4315  acc_5: 0.5204  acc_2: 0.8338  F1_score: 0.8347  Corr: 0.7910  MAE: 0.7732  Loss: 0.7728 
2026-09-02 02:19:00,405 - MMSA [INFO] - >> Epoch: 51 TRAIN -(DLF) [6/51/1] >> total_loss: 1.7959  acc_7: 0.7095  acc_5: 0.7819  acc_2: 0.9659  F1_score: 0.9658  Corr: 0.9708  MAE: 0.2873 
2026-09-02 02:19:01,550 - MMSA [INFO] - VAL-(DLF) >>  acc_7: 0.4105  acc_5: 0.5022  acc_2: 0.8472  F1_score: 0.8480  Corr: 0.7983  MAE: 0.7404  Loss: 0.7233 
2026-09-02 02:19:04,307 - MMSA [INFO] - TEST-(DLF) >>  acc_7: 0.4825  acc_5: 0.5554  acc_2: 0.8476  F1_score: 0.8472  Corr: 0.7951  MAE: 0.7103  Loss: 0.7096 
2026-09-02 02:19:22,572 - MMSA [INFO] - >> Epoch: 52 TRAIN -(DLF) [7/52/1] >> total_loss: 1.7922  acc_7: 0.7243  acc_5: 0.7788  acc_2: 0.9724  F1_score: 0.9724  Corr: 0.9715  MAE: 0.2765 
2026-09-02 02:19:23,906 - MMSA [INFO] - VAL-(DLF) >>  acc_7: 0.4410  acc_5: 0.5502  acc_2: 0.8611  F1_score: 0.8609  Corr: 0.8014  MAE: 0.7174  Loss: 0.7096 
2026-09-02 02:19:26,591 - MMSA [INFO] - TEST-(DLF) >>  acc_7: 0.4490  acc_5: 0.5175  acc_2: 0.8323  F1_score: 0.8332  Corr: 0.7900  MAE: 0.7546  Loss: 0.7541 
2026-09-02 02:19:44,928 - MMSA [INFO] - >> Epoch: 53 TRAIN -(DLF) [8/53/1] >> total_loss: 1.7438  acc_7: 0.7500  acc_5: 0.8061  acc_2: 0.9708  F1_score: 0.9707  Corr: 0.9738  MAE: 0.2571 
2026-09-02 02:19:46,038 - MMSA [INFO] - VAL-(DLF) >>  acc_7: 0.4279  acc_5: 0.5371  acc_2: 0.8519  F1_score: 0.8524  Corr: 0.7996  MAE: 0.7307  Loss: 0.7157 
2026-09-02 02:19:48,597 - MMSA [INFO] - TEST-(DLF) >>  acc_7: 0.4592  acc_5: 0.5306  acc_2: 0.8445  F1_score: 0.8449  Corr: 0.7924  MAE: 0.7324  Loss: 0.7318 
2026-09-02 02:20:07,210 - MMSA [INFO] - >> Epoch: 54 TRAIN -(DLF) [9/54/1] >> total_loss: 1.7473  acc_7: 0.7399  acc_5: 0.7983  acc_2: 0.9756  F1_score: 0.9756  Corr: 0.9734  MAE: 0.2616 
2026-09-02 02:20:08,321 - MMSA [INFO] - VAL-(DLF) >>  acc_7: 0.4323  acc_5: 0.5371  acc_2: 0.8519  F1_score: 0.8524  Corr: 0.8002  MAE: 0.7238  Loss: 0.7108 
2026-09-02 02:20:11,024 - MMSA [INFO] - TEST-(DLF) >>  acc_7: 0.4636  acc_5: 0.5364  acc_2: 0.8323  F1_score: 0.8330  Corr: 0.7923  MAE: 0.7322  Loss: 0.7316 
2026-09-02 02:20:29,143 - MMSA [INFO] - >> Epoch: 55 TRAIN -(DLF) [10/55/1] >> total_loss: 1.7464  acc_7: 0.7664  acc_5: 0.8185  acc_2: 0.9667  F1_score: 0.9667  Corr: 0.9741  MAE: 0.2533 
2026-09-02 02:20:30,274 - MMSA [INFO] - VAL-(DLF) >>  acc_7: 0.4585  acc_5: 0.5546  acc_2: 0.8565  F1_score: 0.8569  Corr: 0.8011  MAE: 0.7177  Loss: 0.7072 
2026-09-02 02:20:32,852 - MMSA [INFO] - TEST-(DLF) >>  acc_7: 0.4563  acc_5: 0.5277  acc_2: 0.8369  F1_score: 0.8375  Corr: 0.7941  MAE: 0.7285  Loss: 0.7278 
2026-09-02 02:20:36,065 - MMSA [INFO] - TEST-(DLF) >>  acc_7: 0.4490  acc_5: 0.5219  acc_2: 0.8323  F1_score: 0.8331  Corr: 0.7884  MAE: 0.7432  Loss: 0.7425 
2026-09-02 02:20:37,404 - MMSA [INFO] - Results saved to result/normal/mosi_serial_ccdr.csv.
2026-09-02 02:29:00,956 - MMSA [INFO] - Using device: cuda:0
2026-09-02 02:29:00,957 - MMSA [INFO] - Architecture: serial_ccdr, use_ccdr=True
2026-09-02 02:29:01,172 - MMSA [INFO] - train samples: (1284,)
2026-09-02 02:29:01,395 - MMSA [INFO] - valid samples: (229,)
2026-09-02 02:29:01,610 - MMSA [INFO] - test samples: (686,)
2026-09-02 02:29:04,282 - MMSA [INFO] - Optimizer: AdamW, bert_lr=2e-05, other_lr=0.0001, weight_decay=0.005
2026-09-02 02:29:21,423 - MMSA [INFO] - >> Epoch: 1 TRAIN -(DLF) [1/1/1] >> total_loss: 5.2863  acc_7: 0.2002  acc_5: 0.2002  acc_2: 0.5833  F1_score: 0.5258  Corr: 0.2175  MAE: 1.2915 
2026-09-02 02:29:22,357 - MMSA [INFO] - VAL-(DLF) >>  acc_7: 0.2358  acc_5: 0.2358  acc_2: 0.6204  F1_score: 0.5456  Corr: 0.3923  MAE: 1.3180  Loss: 1.3526 
2026-09-02 02:29:24,696 - MMSA [INFO] - TEST-(DLF) >>  acc_7: 0.1822  acc_5: 0.1822  acc_2: 0.5122  F1_score: 0.4353  Corr: 0.4275  MAE: 1.3907  Loss: 1.3897 
2026-09-02 02:29:41,629 - MMSA [INFO] - >> Epoch: 2 TRAIN -(DLF) [1/2/1] >> total_loss: 4.9426  acc_7: 0.2181  acc_5: 0.2181  acc_2: 0.6401  F1_score: 0.5865  Corr: 0.4753  MAE: 1.1963 
2026-09-02 02:29:42,575 - MMSA [INFO] - VAL-(DLF) >>  acc_7: 0.2533  acc_5: 0.2533  acc_2: 0.7639  F1_score: 0.7614  Corr: 0.5507  MAE: 1.1746  Loss: 1.1983 
2026-09-02 02:29:45,015 - MMSA [INFO] - TEST-(DLF) >>  acc_7: 0.2362  acc_5: 0.2362  acc_2: 0.7241  F1_score: 0.7257  Corr: 0.5410  MAE: 1.1945  Loss: 1.1932 
2026-09-02 02:30:02,807 - MMSA [INFO] - >> Epoch: 3 TRAIN -(DLF) [1/3/1] >> total_loss: 4.4341  acc_7: 0.2788  acc_5: 0.2804  acc_2: 0.7734  F1_score: 0.7718  Corr: 0.6602  MAE: 0.9792 
2026-09-02 02:30:03,744 - MMSA [INFO] - VAL-(DLF) >>  acc_7: 0.3100  acc_5: 0.3799  acc_2: 0.8380  F1_score: 0.8383  Corr: 0.6972  MAE: 0.9416  Loss: 0.9451 
2026-09-02 02:30:06,044 - MMSA [INFO] - TEST-(DLF) >>  acc_7: 0.3265  acc_5: 0.3440  acc_2: 0.8323  F1_score: 0.8321  Corr: 0.6847  MAE: 0.9732  Loss: 0.9721 
2026-09-02 02:30:23,726 - MMSA [INFO] - >> Epoch: 4 TRAIN -(DLF) [1/4/1] >> total_loss: 3.9742  acc_7: 0.3832  acc_5: 0.4034  acc_2: 0.8383  F1_score: 0.8387  Corr: 0.7466  MAE: 0.7884 
2026-09-02 02:30:24,661 - MMSA [INFO] - VAL-(DLF) >>  acc_7: 0.2882  acc_5: 0.3537  acc_2: 0.7917  F1_score: 0.7918  Corr: 0.6989  MAE: 0.9822  Loss: 0.9650 
2026-09-02 02:30:27,008 - MMSA [INFO] - TEST-(DLF) >>  acc_7: 0.3455  acc_5: 0.3630  acc_2: 0.8201  F1_score: 0.8130  Corr: 0.7029  MAE: 0.8833  Loss: 0.8820 
2026-09-02 02:30:44,199 - MMSA [INFO] - >> Epoch: 5 TRAIN -(DLF) [2/5/1] >> total_loss: 3.8561  acc_7: 0.3949  acc_5: 0.4159  acc_2: 0.8416  F1_score: 0.8419  Corr: 0.7572  MAE: 0.7653 
2026-09-02 02:30:45,147 - MMSA [INFO] - VAL-(DLF) >>  acc_7: 0.3275  acc_5: 0.4105  acc_2: 0.8241  F1_score: 0.8205  Corr: 0.7065  MAE: 0.9795  Loss: 0.9715 
2026-09-02 02:30:47,605 - MMSA [INFO] - TEST-(DLF) >>  acc_7: 0.2828  acc_5: 0.3120  acc_2: 0.7607  F1_score: 0.7601  Corr: 0.7020  MAE: 1.1421  Loss: 1.1414 
2026-09-02 02:31:04,651 - MMSA [INFO] - >> Epoch: 6 TRAIN -(DLF) [3/6/1] >> total_loss: 3.6459  acc_7: 0.4307  acc_5: 0.4626  acc_2: 0.8668  F1_score: 0.8668  Corr: 0.8031  MAE: 0.7009 
2026-09-02 02:31:05,627 - MMSA [INFO] - VAL-(DLF) >>  acc_7: 0.3144  acc_5: 0.3930  acc_2: 0.8472  F1_score: 0.8481  Corr: 0.7306  MAE: 0.8896  Loss: 0.8708 
2026-09-02 02:31:08,091 - MMSA [INFO] - TEST-(DLF) >>  acc_7: 0.3732  acc_5: 0.4038  acc_2: 0.8415  F1_score: 0.8391  Corr: 0.7399  MAE: 0.8329  Loss: 0.8319 
2026-09-02 02:31:25,911 - MMSA [INFO] - >> Epoch: 7 TRAIN -(DLF) [1/7/1] >> total_loss: 3.4227  acc_7: 0.4572  acc_5: 0.4899  acc_2: 0.9074  F1_score: 0.9076  Corr: 0.8429  MAE: 0.6299 
2026-09-02 02:31:26,856 - MMSA [INFO] - VAL-(DLF) >>  acc_7: 0.3624  acc_5: 0.4410  acc_2: 0.8657  F1_score: 0.8658  Corr: 0.7469  MAE: 0.8571  Loss: 0.8394 
2026-09-02 02:31:29,372 - MMSA [INFO] - TEST-(DLF) >>  acc_7: 0.3499  acc_5: 0.3921  acc_2: 0.8064  F1_score: 0.8074  Corr: 0.7338  MAE: 0.9181  Loss: 0.9172 
2026-09-02 02:31:47,354 - MMSA [INFO] - >> Epoch: 8 TRAIN -(DLF) [1/8/1] >> total_loss: 3.2288  acc_7: 0.4930  acc_5: 0.5288  acc_2: 0.9180  F1_score: 0.9181  Corr: 0.8661  MAE: 0.5715 
2026-09-02 02:31:48,308 - MMSA [INFO] - VAL-(DLF) >>  acc_7: 0.3712  acc_5: 0.4498  acc_2: 0.8704  F1_score: 0.8702  Corr: 0.7656  MAE: 0.8201  Loss: 0.8063 
2026-09-02 02:31:50,690 - MMSA [INFO] - TEST-(DLF) >>  acc_7: 0.3615  acc_5: 0.4096  acc_2: 0.8003  F1_score: 0.8015  Corr: 0.7445  MAE: 0.9126  Loss: 0.9119 
2026-09-02 02:32:08,361 - MMSA [INFO] - >> Epoch: 9 TRAIN -(DLF) [1/9/1] >> total_loss: 3.1528  acc_7: 0.4945  acc_5: 0.5327  acc_2: 0.9236  F1_score: 0.9237  Corr: 0.8734  MAE: 0.5753 
2026-09-02 02:32:09,317 - MMSA [INFO] - VAL-(DLF) >>  acc_7: 0.3624  acc_5: 0.4629  acc_2: 0.8472  F1_score: 0.8479  Corr: 0.7581  MAE: 0.8446  Loss: 0.8219 
2026-09-02 02:32:11,657 - MMSA [INFO] - TEST-(DLF) >>  acc_7: 0.4082  acc_5: 0.4869  acc_2: 0.8338  F1_score: 0.8323  Corr: 0.7482  MAE: 0.8231  Loss: 0.8222 
2026-09-02 02:32:28,415 - MMSA [INFO] - >> Epoch: 10 TRAIN -(DLF) [2/10/1] >> total_loss: 3.0212  acc_7: 0.5210  acc_5: 0.5607  acc_2: 0.9326  F1_score: 0.9325  Corr: 0.8881  MAE: 0.5267 
2026-09-02 02:32:29,385 - MMSA [INFO] - VAL-(DLF) >>  acc_7: 0.3668  acc_5: 0.4716  acc_2: 0.8472  F1_score: 0.8480  Corr: 0.7654  MAE: 0.8358  Loss: 0.8131 
2026-09-02 02:32:31,783 - MMSA [INFO] - TEST-(DLF) >>  acc_7: 0.4111  acc_5: 0.4825  acc_2: 0.8338  F1_score: 0.8324  Corr: 0.7584  MAE: 0.7939  Loss: 0.7930 
2026-09-02 02:32:48,851 - MMSA [INFO] - >> Epoch: 11 TRAIN -(DLF) [3/11/1] >> total_loss: 2.9594  acc_7: 0.5125  acc_5: 0.5561  acc_2: 0.9342  F1_score: 0.9342  Corr: 0.8967  MAE: 0.5182 
2026-09-02 02:32:49,806 - MMSA [INFO] - VAL-(DLF) >>  acc_7: 0.3843  acc_5: 0.4978  acc_2: 0.8565  F1_score: 0.8569  Corr: 0.7700  MAE: 0.8201  Loss: 0.7964 
2026-09-02 02:32:52,352 - MMSA [INFO] - TEST-(DLF) >>  acc_7: 0.4082  acc_5: 0.4854  acc_2: 0.8369  F1_score: 0.8365  Corr: 0.7581  MAE: 0.8084  Loss: 0.8077 
2026-09-02 02:33:10,486 - MMSA [INFO] - >> Epoch: 12 TRAIN -(DLF) [1/12/1] >> total_loss: 2.9254  acc_7: 0.5257  acc_5: 0.5693  acc_2: 0.9366  F1_score: 0.9368  Corr: 0.8949  MAE: 0.5313 
2026-09-02 02:33:11,519 - MMSA [INFO] - VAL-(DLF) >>  acc_7: 0.4279  acc_5: 0.5415  acc_2: 0.8426  F1_score: 0.8415  Corr: 0.7750  MAE: 0.7970  Loss: 0.7770 
2026-09-02 02:33:13,888 - MMSA [INFO] - TEST-(DLF) >>  acc_7: 0.3921  acc_5: 0.4679  acc_2: 0.8155  F1_score: 0.8167  Corr: 0.7611  MAE: 0.8593  Loss: 0.8592 
2026-09-02 02:33:31,728 - MMSA [INFO] - >> Epoch: 13 TRAIN -(DLF) [1/13/1] >> total_loss: 2.7945  acc_7: 0.5600  acc_5: 0.6036  acc_2: 0.9383  F1_score: 0.9384  Corr: 0.9115  MAE: 0.4693 
2026-09-02 02:33:32,702 - MMSA [INFO] - VAL-(DLF) >>  acc_7: 0.4192  acc_5: 0.5284  acc_2: 0.8519  F1_score: 0.8508  Corr: 0.7819  MAE: 0.7841  Loss: 0.7657 
2026-09-02 02:33:35,058 - MMSA [INFO] - TEST-(DLF) >>  acc_7: 0.3892  acc_5: 0.4592  acc_2: 0.8277  F1_score: 0.8286  Corr: 0.7743  MAE: 0.8421  Loss: 0.8419 
2026-09-02 02:33:53,757 - MMSA [INFO] - >> Epoch: 14 TRAIN -(DLF) [1/14/1] >> total_loss: 2.7582  acc_7: 0.5748  acc_5: 0.6184  acc_2: 0.9350  F1_score: 0.9351  Corr: 0.9110  MAE: 0.4709 
2026-09-02 02:33:54,703 - MMSA [INFO] - VAL-(DLF) >>  acc_7: 0.4017  acc_5: 0.5109  acc_2: 0.8519  F1_score: 0.8519  Corr: 0.7776  MAE: 0.7945  Loss: 0.7724 
2026-09-02 02:33:57,138 - MMSA [INFO] - TEST-(DLF) >>  acc_7: 0.4140  acc_5: 0.4942  acc_2: 0.8430  F1_score: 0.8429  Corr: 0.7758  MAE: 0.7953  Loss: 0.7947 
2026-09-02 02:34:14,587 - MMSA [INFO] - >> Epoch: 15 TRAIN -(DLF) [2/15/1] >> total_loss: 2.6862  acc_7: 0.5787  acc_5: 0.6301  acc_2: 0.9366  F1_score: 0.9366  Corr: 0.9214  MAE: 0.4471 
2026-09-02 02:34:15,550 - MMSA [INFO] - VAL-(DLF) >>  acc_7: 0.3843  acc_5: 0.4934  acc_2: 0.8472  F1_score: 0.8475  Corr: 0.7790  MAE: 0.7957  Loss: 0.7732 
2026-09-02 02:34:17,950 - MMSA [INFO] - TEST-(DLF) >>  acc_7: 0.4184  acc_5: 0.5015  acc_2: 0.8338  F1_score: 0.8333  Corr: 0.7774  MAE: 0.7660  Loss: 0.7654 
2026-09-02 02:34:35,173 - MMSA [INFO] - >> Epoch: 16 TRAIN -(DLF) [3/16/1] >> total_loss: 2.5985  acc_7: 0.6121  acc_5: 0.6674  acc_2: 0.9480  F1_score: 0.9480  Corr: 0.9275  MAE: 0.4217 
2026-09-02 02:34:36,129 - MMSA [INFO] - VAL-(DLF) >>  acc_7: 0.3843  acc_5: 0.4978  acc_2: 0.8472  F1_score: 0.8479  Corr: 0.7761  MAE: 0.8162  Loss: 0.7964 
2026-09-02 02:34:38,603 - MMSA [INFO] - TEST-(DLF) >>  acc_7: 0.4388  acc_5: 0.5248  acc_2: 0.8399  F1_score: 0.8387  Corr: 0.7775  MAE: 0.7694  Loss: 0.7688 
2026-09-02 02:34:55,971 - MMSA [INFO] - >> Epoch: 17 TRAIN -(DLF) [4/17/1] >> total_loss: 2.5551  acc_7: 0.6192  acc_5: 0.6713  acc_2: 0.9504  F1_score: 0.9505  Corr: 0.9269  MAE: 0.4291 
2026-09-02 02:34:56,974 - MMSA [INFO] - VAL-(DLF) >>  acc_7: 0.3930  acc_5: 0.5066  acc_2: 0.8426  F1_score: 0.8431  Corr: 0.7755  MAE: 0.8049  Loss: 0.7844 
2026-09-02 02:34:59,344 - MMSA [INFO] - TEST-(DLF) >>  acc_7: 0.4169  acc_5: 0.5015  acc_2: 0.8338  F1_score: 0.8331  Corr: 0.7790  MAE: 0.7719  Loss: 0.7715 
2026-09-02 02:35:19,261 - MMSA [INFO] - >> Epoch: 18 TRAIN -(DLF) [5/18/1] >> total_loss: 2.5272  acc_7: 0.6059  acc_5: 0.6659  acc_2: 0.9269  F1_score: 0.9270  Corr: 0.9307  MAE: 0.4221 
2026-09-02 02:35:20,702 - MMSA [INFO] - VAL-(DLF) >>  acc_7: 0.4192  acc_5: 0.5240  acc_2: 0.8519  F1_score: 0.8505  Corr: 0.7831  MAE: 0.7804  Loss: 0.7571 
2026-09-02 02:35:23,867 - MMSA [INFO] - TEST-(DLF) >>  acc_7: 0.3994  acc_5: 0.4723  acc_2: 0.8186  F1_score: 0.8197  Corr: 0.7749  MAE: 0.8234  Loss: 0.8231 
2026-09-02 02:35:45,139 - MMSA [INFO] - >> Epoch: 19 TRAIN -(DLF) [1/19/1] >> total_loss: 2.4489  acc_7: 0.6332  acc_5: 0.6838  acc_2: 0.9472  F1_score: 0.9472  Corr: 0.9371  MAE: 0.3912 
2026-09-02 02:35:46,111 - MMSA [INFO] - VAL-(DLF) >>  acc_7: 0.4017  acc_5: 0.5153  acc_2: 0.8426  F1_score: 0.8430  Corr: 0.7843  MAE: 0.7886  Loss: 0.7663 
2026-09-02 02:35:49,226 - MMSA [INFO] - TEST-(DLF) >>  acc_7: 0.4242  acc_5: 0.5102  acc_2: 0.8384  F1_score: 0.8383  Corr: 0.7772  MAE: 0.7834  Loss: 0.7830 
2026-09-02 02:36:06,869 - MMSA [INFO] - >> Epoch: 20 TRAIN -(DLF) [2/20/1] >> total_loss: 2.4065  acc_7: 0.6495  acc_5: 0.7048  acc_2: 0.9513  F1_score: 0.9513  Corr: 0.9431  MAE: 0.3748 
2026-09-02 02:36:07,900 - MMSA [INFO] - VAL-(DLF) >>  acc_7: 0.4236  acc_5: 0.5328  acc_2: 0.8519  F1_score: 0.8511  Corr: 0.7876  MAE: 0.7610  Loss: 0.7393 
2026-09-02 02:36:11,226 - MMSA [INFO] - TEST-(DLF) >>  acc_7: 0.4184  acc_5: 0.4971  acc_2: 0.8247  F1_score: 0.8254  Corr: 0.7745  MAE: 0.7809  Loss: 0.7803 
2026-09-02 02:36:31,222 - MMSA [INFO] - >> Epoch: 21 TRAIN -(DLF) [1/21/1] >> total_loss: 2.3585  acc_7: 0.6379  acc_5: 0.6963  acc_2: 0.9626  F1_score: 0.9626  Corr: 0.9464  MAE: 0.3682 
2026-09-02 02:36:32,297 - MMSA [INFO] - VAL-(DLF) >>  acc_7: 0.4148  acc_5: 0.5240  acc_2: 0.8426  F1_score: 0.8424  Corr: 0.7832  MAE: 0.7647  Loss: 0.7437 
2026-09-02 02:36:34,897 - MMSA [INFO] - TEST-(DLF) >>  acc_7: 0.4140  acc_5: 0.4854  acc_2: 0.8247  F1_score: 0.8253  Corr: 0.7712  MAE: 0.7952  Loss: 0.7947 
2026-09-02 02:36:52,233 - MMSA [INFO] - >> Epoch: 22 TRAIN -(DLF) [2/22/1] >> total_loss: 2.3077  acc_7: 0.6628  acc_5: 0.7188  acc_2: 0.9610  F1_score: 0.9610  Corr: 0.9509  MAE: 0.3495 
2026-09-02 02:36:53,273 - MMSA [INFO] - VAL-(DLF) >>  acc_7: 0.4148  acc_5: 0.5328  acc_2: 0.8519  F1_score: 0.8519  Corr: 0.7832  MAE: 0.7772  Loss: 0.7560 
2026-09-02 02:36:55,770 - MMSA [INFO] - TEST-(DLF) >>  acc_7: 0.4140  acc_5: 0.4971  acc_2: 0.8171  F1_score: 0.8179  Corr: 0.7712  MAE: 0.8115  Loss: 0.8110 
2026-09-02 02:37:12,994 - MMSA [INFO] - >> Epoch: 23 TRAIN -(DLF) [3/23/1] >> total_loss: 2.3527  acc_7: 0.6581  acc_5: 0.7204  acc_2: 0.9504  F1_score: 0.9504  Corr: 0.9486  MAE: 0.3654 
2026-09-02 02:37:13,935 - MMSA [INFO] - VAL-(DLF) >>  acc_7: 0.4192  acc_5: 0.5328  acc_2: 0.8519  F1_score: 0.8520  Corr: 0.7869  MAE: 0.7479  Loss: 0.7256 
2026-09-02 02:37:16,271 - MMSA [INFO] - TEST-(DLF) >>  acc_7: 0.4431  acc_5: 0.5204  acc_2: 0.8323  F1_score: 0.8327  Corr: 0.7771  MAE: 0.7609  Loss: 0.7602 
2026-09-02 02:37:34,984 - MMSA [INFO] - >> Epoch: 24 TRAIN -(DLF) [1/24/1] >> total_loss: 2.2726  acc_7: 0.6620  acc_5: 0.7181  acc_2: 0.9626  F1_score: 0.9626  Corr: 0.9511  MAE: 0.3535 
2026-09-02 02:37:35,960 - MMSA [INFO] - VAL-(DLF) >>  acc_7: 0.4323  acc_5: 0.5459  acc_2: 0.8565  F1_score: 0.8568  Corr: 0.7865  MAE: 0.7454  Loss: 0.7250 
2026-09-02 02:37:38,357 - MMSA [INFO] - TEST-(DLF) >>  acc_7: 0.4402  acc_5: 0.5175  acc_2: 0.8354  F1_score: 0.8356  Corr: 0.7777  MAE: 0.7551  Loss: 0.7544 
2026-09-02 02:37:56,467 - MMSA [INFO] - >> Epoch: 25 TRAIN -(DLF) [1/25/1] >> total_loss: 2.3182  acc_7: 0.6565  acc_5: 0.7056  acc_2: 0.9496  F1_score: 0.9496  Corr: 0.9487  MAE: 0.3713 
2026-09-02 02:37:57,578 - MMSA [INFO] - VAL-(DLF) >>  acc_7: 0.4236  acc_5: 0.5415  acc_2: 0.8472  F1_score: 0.8478  Corr: 0.7788  MAE: 0.7822  Loss: 0.7598 
2026-09-02 02:37:59,987 - MMSA [INFO] - TEST-(DLF) >>  acc_7: 0.4227  acc_5: 0.5044  acc_2: 0.8354  F1_score: 0.8350  Corr: 0.7720  MAE: 0.7804  Loss: 0.7798 
2026-09-02 02:38:17,652 - MMSA [INFO] - >> Epoch: 26 TRAIN -(DLF) [2/26/1] >> total_loss: 2.2652  acc_7: 0.6799  acc_5: 0.7407  acc_2: 0.9626  F1_score: 0.9626  Corr: 0.9532  MAE: 0.3520 
2026-09-02 02:38:18,645 - MMSA [INFO] - VAL-(DLF) >>  acc_7: 0.4279  acc_5: 0.5415  acc_2: 0.8472  F1_score: 0.8463  Corr: 0.7827  MAE: 0.7434  Loss: 0.7255 
2026-09-02 02:38:21,118 - MMSA [INFO] - TEST-(DLF) >>  acc_7: 0.4242  acc_5: 0.4898  acc_2: 0.8155  F1_score: 0.8166  Corr: 0.7676  MAE: 0.7937  Loss: 0.7932 
2026-09-02 02:38:39,237 - MMSA [INFO] - >> Epoch: 27 TRAIN -(DLF) [3/27/1] >> total_loss: 2.2831  acc_7: 0.6589  acc_5: 0.7157  acc_2: 0.9439  F1_score: 0.9438  Corr: 0.9494  MAE: 0.3653 
2026-09-02 02:38:40,234 - MMSA [INFO] - VAL-(DLF) >>  acc_7: 0.4192  acc_5: 0.5328  acc_2: 0.8565  F1_score: 0.8569  Corr: 0.7818  MAE: 0.7760  Loss: 0.7504 
2026-09-02 02:38:42,792 - MMSA [INFO] - TEST-(DLF) >>  acc_7: 0.4577  acc_5: 0.5379  acc_2: 0.8293  F1_score: 0.8290  Corr: 0.7731  MAE: 0.7533  Loss: 0.7525 
2026-09-02 02:39:00,006 - MMSA [INFO] - >> Epoch: 28 TRAIN -(DLF) [4/28/1] >> total_loss: 2.2212  acc_7: 0.6760  acc_5: 0.7329  acc_2: 0.9618  F1_score: 0.9618  Corr: 0.9541  MAE: 0.3456 
2026-09-02 02:39:00,968 - MMSA [INFO] - VAL-(DLF) >>  acc_7: 0.4498  acc_5: 0.5502  acc_2: 0.8519  F1_score: 0.8520  Corr: 0.7880  MAE: 0.7625  Loss: 0.7383 
2026-09-02 02:39:03,335 - MMSA [INFO] - TEST-(DLF) >>  acc_7: 0.4534  acc_5: 0.5394  acc_2: 0.8369  F1_score: 0.8366  Corr: 0.7768  MAE: 0.7587  Loss: 0.7580 
2026-09-02 02:39:21,079 - MMSA [INFO] - >> Epoch: 29 TRAIN -(DLF) [5/29/1] >> total_loss: 2.1639  acc_7: 0.6931  acc_5: 0.7484  acc_2: 0.9675  F1_score: 0.9675  Corr: 0.9596  MAE: 0.3215 
2026-09-02 02:39:22,080 - MMSA [INFO] - VAL-(DLF) >>  acc_7: 0.4629  acc_5: 0.5633  acc_2: 0.8472  F1_score: 0.8471  Corr: 0.7842  MAE: 0.7473  Loss: 0.7235 
2026-09-02 02:39:24,428 - MMSA [INFO] - TEST-(DLF) >>  acc_7: 0.4417  acc_5: 0.5233  acc_2: 0.8186  F1_score: 0.8192  Corr: 0.7755  MAE: 0.7711  Loss: 0.7705 
2026-09-02 02:39:42,535 - MMSA [INFO] - >> Epoch: 30 TRAIN -(DLF) [1/30/1] >> total_loss: 2.1787  acc_7: 0.6838  acc_5: 0.7414  acc_2: 0.9537  F1_score: 0.9537  Corr: 0.9559  MAE: 0.3348 
2026-09-02 02:39:43,477 - MMSA [INFO] - VAL-(DLF) >>  acc_7: 0.4498  acc_5: 0.5502  acc_2: 0.8611  F1_score: 0.8615  Corr: 0.7855  MAE: 0.7544  Loss: 0.7312 
2026-09-02 02:39:45,850 - MMSA [INFO] - TEST-(DLF) >>  acc_7: 0.4417  acc_5: 0.5248  acc_2: 0.8323  F1_score: 0.8319  Corr: 0.7866  MAE: 0.7429  Loss: 0.7424 
2026-09-02 02:40:03,387 - MMSA [INFO] - >> Epoch: 31 TRAIN -(DLF) [2/31/1] >> total_loss: 2.1348  acc_7: 0.6986  acc_5: 0.7508  acc_2: 0.9691  F1_score: 0.9691  Corr: 0.9608  MAE: 0.3182 
2026-09-02 02:40:04,356 - MMSA [INFO] - VAL-(DLF) >>  acc_7: 0.4367  acc_5: 0.5371  acc_2: 0.8426  F1_score: 0.8426  Corr: 0.7878  MAE: 0.7399  Loss: 0.7190 
2026-09-02 02:40:06,700 - MMSA [INFO] - TEST-(DLF) >>  acc_7: 0.4373  acc_5: 0.5175  acc_2: 0.8354  F1_score: 0.8355  Corr: 0.7874  MAE: 0.7403  Loss: 0.7399 
2026-09-02 02:40:24,834 - MMSA [INFO] - >> Epoch: 32 TRAIN -(DLF) [1/32/1] >> total_loss: 2.1636  acc_7: 0.6854  acc_5: 0.7422  acc_2: 0.9594  F1_score: 0.9594  Corr: 0.9583  MAE: 0.3343 
2026-09-02 02:40:25,782 - MMSA [INFO] - VAL-(DLF) >>  acc_7: 0.4410  acc_5: 0.5415  acc_2: 0.8426  F1_score: 0.8411  Corr: 0.7897  MAE: 0.7412  Loss: 0.7207 
2026-09-02 02:40:28,154 - MMSA [INFO] - TEST-(DLF) >>  acc_7: 0.4184  acc_5: 0.4956  acc_2: 0.8155  F1_score: 0.8167  Corr: 0.7738  MAE: 0.8025  Loss: 0.8022 
2026-09-02 02:40:45,626 - MMSA [INFO] - >> Epoch: 33 TRAIN -(DLF) [2/33/1] >> total_loss: 2.1439  acc_7: 0.6783  acc_5: 0.7344  acc_2: 0.9634  F1_score: 0.9634  Corr: 0.9598  MAE: 0.3198 
2026-09-02 02:40:46,586 - MMSA [INFO] - VAL-(DLF) >>  acc_7: 0.4803  acc_5: 0.5721  acc_2: 0.8426  F1_score: 0.8428  Corr: 0.7887  MAE: 0.7425  Loss: 0.7237 
2026-09-02 02:40:49,143 - MMSA [INFO] - TEST-(DLF) >>  acc_7: 0.4446  acc_5: 0.5204  acc_2: 0.8338  F1_score: 0.8340  Corr: 0.7765  MAE: 0.7650  Loss: 0.7645 
2026-09-02 02:41:06,863 - MMSA [INFO] - >> Epoch: 34 TRAIN -(DLF) [3/34/1] >> total_loss: 2.1104  acc_7: 0.7056  acc_5: 0.7632  acc_2: 0.9634  F1_score: 0.9635  Corr: 0.9605  MAE: 0.3115 
2026-09-02 02:41:07,826 - MMSA [INFO] - VAL-(DLF) >>  acc_7: 0.4367  acc_5: 0.5415  acc_2: 0.8472  F1_score: 0.8473  Corr: 0.7896  MAE: 0.7436  Loss: 0.7260 
2026-09-02 02:41:10,185 - MMSA [INFO] - TEST-(DLF) >>  acc_7: 0.4315  acc_5: 0.5044  acc_2: 0.8308  F1_score: 0.8314  Corr: 0.7776  MAE: 0.7838  Loss: 0.7834 
2026-09-02 02:41:27,383 - MMSA [INFO] - >> Epoch: 35 TRAIN -(DLF) [4/35/1] >> total_loss: 2.1278  acc_7: 0.6947  acc_5: 0.7578  acc_2: 0.9626  F1_score: 0.9627  Corr: 0.9602  MAE: 0.3166 
2026-09-02 02:41:28,334 - MMSA [INFO] - VAL-(DLF) >>  acc_7: 0.4541  acc_5: 0.5459  acc_2: 0.8472  F1_score: 0.8475  Corr: 0.7891  MAE: 0.7524  Loss: 0.7309 
2026-09-02 02:41:30,678 - MMSA [INFO] - TEST-(DLF) >>  acc_7: 0.4490  acc_5: 0.5277  acc_2: 0.8384  F1_score: 0.8383  Corr: 0.7840  MAE: 0.7554  Loss: 0.7548 
2026-09-02 02:41:47,895 - MMSA [INFO] - >> Epoch: 36 TRAIN -(DLF) [5/36/1] >> total_loss: 2.0808  acc_7: 0.6994  acc_5: 0.7625  acc_2: 0.9691  F1_score: 0.9692  Corr: 0.9641  MAE: 0.3007 
2026-09-02 02:41:48,915 - MMSA [INFO] - VAL-(DLF) >>  acc_7: 0.4323  acc_5: 0.5240  acc_2: 0.8380  F1_score: 0.8376  Corr: 0.7905  MAE: 0.7352  Loss: 0.7176 
2026-09-02 02:41:51,549 - MMSA [INFO] - TEST-(DLF) >>  acc_7: 0.4242  acc_5: 0.4898  acc_2: 0.8277  F1_score: 0.8287  Corr: 0.7832  MAE: 0.7774  Loss: 0.7770 
2026-09-02 02:42:09,942 - MMSA [INFO] - >> Epoch: 37 TRAIN -(DLF) [1/37/1] >> total_loss: 2.0936  acc_7: 0.7173  acc_5: 0.7695  acc_2: 0.9626  F1_score: 0.9626  Corr: 0.9644  MAE: 0.3042 
2026-09-02 02:42:10,896 - MMSA [INFO] - VAL-(DLF) >>  acc_7: 0.4454  acc_5: 0.5415  acc_2: 0.8380  F1_score: 0.8384  Corr: 0.7869  MAE: 0.7534  Loss: 0.7309 
2026-09-02 02:42:13,234 - MMSA [INFO] - TEST-(DLF) >>  acc_7: 0.4490  acc_5: 0.5233  acc_2: 0.8491  F1_score: 0.8484  Corr: 0.7884  MAE: 0.7378  Loss: 0.7374 
2026-09-02 02:42:32,096 - MMSA [INFO] - >> Epoch: 38 TRAIN -(DLF) [2/38/1] >> total_loss: 2.0727  acc_7: 0.6970  acc_5: 0.7555  acc_2: 0.9675  F1_score: 0.9675  Corr: 0.9639  MAE: 0.3021 
2026-09-02 02:42:33,065 - MMSA [INFO] - VAL-(DLF) >>  acc_7: 0.4585  acc_5: 0.5415  acc_2: 0.8380  F1_score: 0.8384  Corr: 0.7823  MAE: 0.7591  Loss: 0.7382 
2026-09-02 02:42:35,516 - MMSA [INFO] - TEST-(DLF) >>  acc_7: 0.4417  acc_5: 0.5248  acc_2: 0.8491  F1_score: 0.8485  Corr: 0.7829  MAE: 0.7504  Loss: 0.7498 
2026-09-02 02:42:52,753 - MMSA [INFO] - >> Epoch: 39 TRAIN -(DLF) [3/39/1] >> total_loss: 2.0635  acc_7: 0.7087  acc_5: 0.7726  acc_2: 0.9626  F1_score: 0.9627  Corr: 0.9633  MAE: 0.3043 
2026-09-02 02:42:53,722 - MMSA [INFO] - VAL-(DLF) >>  acc_7: 0.4236  acc_5: 0.5197  acc_2: 0.8426  F1_score: 0.8426  Corr: 0.7898  MAE: 0.7268  Loss: 0.7059 
2026-09-02 02:42:56,114 - MMSA [INFO] - TEST-(DLF) >>  acc_7: 0.4519  acc_5: 0.5248  acc_2: 0.8369  F1_score: 0.8371  Corr: 0.7799  MAE: 0.7593  Loss: 0.7586 
2026-09-02 02:43:15,523 - MMSA [INFO] - >> Epoch: 40 TRAIN -(DLF) [1/40/1] >> total_loss: 2.0707  acc_7: 0.7220  acc_5: 0.7804  acc_2: 0.9634  F1_score: 0.9635  Corr: 0.9650  MAE: 0.3028 
2026-09-02 02:43:16,468 - MMSA [INFO] - VAL-(DLF) >>  acc_7: 0.4629  acc_5: 0.5590  acc_2: 0.8426  F1_score: 0.8424  Corr: 0.7898  MAE: 0.7491  Loss: 0.7277 
2026-09-02 02:43:18,865 - MMSA [INFO] - TEST-(DLF) >>  acc_7: 0.4315  acc_5: 0.5087  acc_2: 0.8415  F1_score: 0.8422  Corr: 0.7770  MAE: 0.7971  Loss: 0.7966 
2026-09-02 02:43:36,375 - MMSA [INFO] - >> Epoch: 41 TRAIN -(DLF) [2/41/1] >> total_loss: 2.0281  acc_7: 0.7134  acc_5: 0.7788  acc_2: 0.9781  F1_score: 0.9781  Corr: 0.9674  MAE: 0.2874 
2026-09-02 02:43:37,326 - MMSA [INFO] - VAL-(DLF) >>  acc_7: 0.4410  acc_5: 0.5328  acc_2: 0.8611  F1_score: 0.8613  Corr: 0.7934  MAE: 0.7277  Loss: 0.7098 
2026-09-02 02:43:39,663 - MMSA [INFO] - TEST-(DLF) >>  acc_7: 0.4504  acc_5: 0.5248  acc_2: 0.8445  F1_score: 0.8447  Corr: 0.7843  MAE: 0.7564  Loss: 0.7559 
2026-09-02 02:43:56,891 - MMSA [INFO] - >> Epoch: 42 TRAIN -(DLF) [3/42/1] >> total_loss: 2.0164  acc_7: 0.7274  acc_5: 0.7858  acc_2: 0.9708  F1_score: 0.9708  Corr: 0.9663  MAE: 0.2852 
2026-09-02 02:43:57,839 - MMSA [INFO] - VAL-(DLF) >>  acc_7: 0.4454  acc_5: 0.5371  acc_2: 0.8611  F1_score: 0.8615  Corr: 0.7900  MAE: 0.7432  Loss: 0.7230 
2026-09-02 02:44:00,177 - MMSA [INFO] - TEST-(DLF) >>  acc_7: 0.4592  acc_5: 0.5321  acc_2: 0.8506  F1_score: 0.8501  Corr: 0.7890  MAE: 0.7389  Loss: 0.7384 
2026-09-02 02:44:18,064 - MMSA [INFO] - >> Epoch: 43 TRAIN -(DLF) [4/43/1] >> total_loss: 2.0176  acc_7: 0.7313  acc_5: 0.7850  acc_2: 0.9716  F1_score: 0.9716  Corr: 0.9670  MAE: 0.2910 
2026-09-02 02:44:19,183 - MMSA [INFO] - VAL-(DLF) >>  acc_7: 0.4585  acc_5: 0.5546  acc_2: 0.8472  F1_score: 0.8469  Corr: 0.7870  MAE: 0.7270  Loss: 0.7108 
2026-09-02 02:44:22,063 - MMSA [INFO] - TEST-(DLF) >>  acc_7: 0.4388  acc_5: 0.5117  acc_2: 0.8338  F1_score: 0.8346  Corr: 0.7818  MAE: 0.7728  Loss: 0.7722 
2026-09-02 02:44:39,891 - MMSA [INFO] - >> Epoch: 44 TRAIN -(DLF) [5/44/1] >> total_loss: 1.99  acc_7: 0.7227  acc_5: 0.7827  acc_2: 0.9675  F1_score: 0.9675  Corr: 0.9692  MAE: 0.2754 
2026-09-02 02:44:40,871 - MMSA [INFO] - VAL-(DLF) >>  acc_7: 0.4236  acc_5: 0.5284  acc_2: 0.8565  F1_score: 0.8568  Corr: 0.7924  MAE: 0.7316  Loss: 0.7127 
2026-09-02 02:44:43,418 - MMSA [INFO] - TEST-(DLF) >>  acc_7: 0.4461  acc_5: 0.5233  acc_2: 0.8445  F1_score: 0.8443  Corr: 0.7851  MAE: 0.7516  Loss: 0.7509 
2026-09-02 02:45:03,390 - MMSA [INFO] - >> Epoch: 45 TRAIN -(DLF) [6/45/1] >> total_loss: 1.9716  acc_7: 0.7484  acc_5: 0.8030  acc_2: 0.9764  F1_score: 0.9765  Corr: 0.9700  MAE: 0.2685 
2026-09-02 02:45:04,954 - MMSA [INFO] - VAL-(DLF) >>  acc_7: 0.4323  acc_5: 0.5371  acc_2: 0.8519  F1_score: 0.8520  Corr: 0.7941  MAE: 0.7381  Loss: 0.7166 
2026-09-02 02:45:08,030 - MMSA [INFO] - TEST-(DLF) >>  acc_7: 0.4388  acc_5: 0.5160  acc_2: 0.8399  F1_score: 0.8403  Corr: 0.7815  MAE: 0.7665  Loss: 0.7658 
2026-09-02 02:45:37,210 - MMSA [INFO] - >> Epoch: 46 TRAIN -(DLF) [7/46/1] >> total_loss: 1.9726  acc_7: 0.7375  acc_5: 0.8014  acc_2: 0.9699  F1_score: 0.9699  Corr: 0.9689  MAE: 0.2782 
2026-09-02 02:45:38,975 - MMSA [INFO] - VAL-(DLF) >>  acc_7: 0.4017  acc_5: 0.4934  acc_2: 0.8565  F1_score: 0.8569  Corr: 0.7964  MAE: 0.7369  Loss: 0.7158 
2026-09-02 02:45:43,361 - MMSA [INFO] - TEST-(DLF) >>  acc_7: 0.4665  acc_5: 0.5379  acc_2: 0.8415  F1_score: 0.8410  Corr: 0.7846  MAE: 0.7338  Loss: 0.7331 
2026-09-02 02:46:12,585 - MMSA [INFO] - >> Epoch: 47 TRAIN -(DLF) [8/47/1] >> total_loss: 1.9393  acc_7: 0.7547  acc_5: 0.8123  acc_2: 0.9756  F1_score: 0.9756  Corr: 0.9716  MAE: 0.2646 
2026-09-02 02:46:14,304 - MMSA [INFO] - VAL-(DLF) >>  acc_7: 0.4367  acc_5: 0.5459  acc_2: 0.8565  F1_score: 0.8566  Corr: 0.7943  MAE: 0.7226  Loss: 0.7056 
2026-09-02 02:46:18,542 - MMSA [INFO] - TEST-(DLF) >>  acc_7: 0.4344  acc_5: 0.5131  acc_2: 0.8384  F1_score: 0.8390  Corr: 0.7803  MAE: 0.7647  Loss: 0.7641 
2026-09-02 02:46:49,015 - MMSA [INFO] - >> Epoch: 48 TRAIN -(DLF) [1/48/1] >> total_loss: 1.9581  acc_7: 0.7391  acc_5: 0.7983  acc_2: 0.9724  F1_score: 0.9724  Corr: 0.9709  MAE: 0.2686 
2026-09-02 02:46:50,705 - MMSA [INFO] - VAL-(DLF) >>  acc_7: 0.4367  acc_5: 0.5328  acc_2: 0.8565  F1_score: 0.8566  Corr: 0.7912  MAE: 0.7302  Loss: 0.7096 
2026-09-02 02:46:54,482 - MMSA [INFO] - TEST-(DLF) >>  acc_7: 0.4577  acc_5: 0.5335  acc_2: 0.8369  F1_score: 0.8374  Corr: 0.7789  MAE: 0.7615  Loss: 0.7608 
2026-09-02 02:47:23,653 - MMSA [INFO] - >> Epoch: 49 TRAIN -(DLF) [2/49/1] >> total_loss: 1.9648  acc_7: 0.7375  acc_5: 0.8045  acc_2: 0.9829  F1_score: 0.9829  Corr: 0.9700  MAE: 0.2774 
2026-09-02 02:47:25,375 - MMSA [INFO] - VAL-(DLF) >>  acc_7: 0.4367  acc_5: 0.5328  acc_2: 0.8565  F1_score: 0.8566  Corr: 0.7918  MAE: 0.7268  Loss: 0.7093 
2026-09-02 02:47:29,576 - MMSA [INFO] - TEST-(DLF) >>  acc_7: 0.4606  acc_5: 0.5364  acc_2: 0.8415  F1_score: 0.8419  Corr: 0.7826  MAE: 0.7490  Loss: 0.7482 
2026-09-02 02:47:57,899 - MMSA [INFO] - >> Epoch: 50 TRAIN -(DLF) [3/50/1] >> total_loss: 1.9483  acc_7: 0.7453  acc_5: 0.8092  acc_2: 0.9748  F1_score: 0.9748  Corr: 0.9704  MAE: 0.2679 
2026-09-02 02:47:59,386 - MMSA [INFO] - VAL-(DLF) >>  acc_7: 0.4236  acc_5: 0.5371  acc_2: 0.8565  F1_score: 0.8566  Corr: 0.7913  MAE: 0.7405  Loss: 0.7240 
2026-09-02 02:48:03,426 - MMSA [INFO] - TEST-(DLF) >>  acc_7: 0.4344  acc_5: 0.5190  acc_2: 0.8445  F1_score: 0.8450  Corr: 0.7854  MAE: 0.7639  Loss: 0.7633 
2026-09-02 02:48:31,960 - MMSA [INFO] - >> Epoch: 51 TRAIN -(DLF) [4/51/1] >> total_loss: 1.9293  acc_7: 0.7391  acc_5: 0.8045  acc_2: 0.9781  F1_score: 0.9781  Corr: 0.9727  MAE: 0.2649 
2026-09-02 02:48:33,596 - MMSA [INFO] - VAL-(DLF) >>  acc_7: 0.4105  acc_5: 0.5153  acc_2: 0.8565  F1_score: 0.8568  Corr: 0.7916  MAE: 0.7346  Loss: 0.7167 
2026-09-02 02:48:37,603 - MMSA [INFO] - TEST-(DLF) >>  acc_7: 0.4723  acc_5: 0.5452  acc_2: 0.8445  F1_score: 0.8441  Corr: 0.7872  MAE: 0.7341  Loss: 0.7334 
2026-09-02 02:49:05,908 - MMSA [INFO] - >> Epoch: 52 TRAIN -(DLF) [5/52/1] >> total_loss: 1.9432  acc_7: 0.7469  acc_5: 0.8076  acc_2: 0.9756  F1_score: 0.9756  Corr: 0.9728  MAE: 0.2620 
2026-09-02 02:49:07,546 - MMSA [INFO] - VAL-(DLF) >>  acc_7: 0.4148  acc_5: 0.5284  acc_2: 0.8611  F1_score: 0.8611  Corr: 0.7913  MAE: 0.7375  Loss: 0.7223 
2026-09-02 02:49:11,568 - MMSA [INFO] - TEST-(DLF) >>  acc_7: 0.4548  acc_5: 0.5306  acc_2: 0.8460  F1_score: 0.8466  Corr: 0.7850  MAE: 0.7637  Loss: 0.7631 
2026-09-02 02:49:39,882 - MMSA [INFO] - >> Epoch: 53 TRAIN -(DLF) [6/53/1] >> total_loss: 1.9189  acc_7: 0.7391  acc_5: 0.8045  acc_2: 0.9797  F1_score: 0.9797  Corr: 0.9745  MAE: 0.2568 
2026-09-02 02:49:41,509 - MMSA [INFO] - VAL-(DLF) >>  acc_7: 0.4279  acc_5: 0.5371  acc_2: 0.8611  F1_score: 0.8613  Corr: 0.7912  MAE: 0.7332  Loss: 0.7147 
2026-09-02 02:49:45,181 - MMSA [INFO] - TEST-(DLF) >>  acc_7: 0.4592  acc_5: 0.5350  acc_2: 0.8415  F1_score: 0.8415  Corr: 0.7860  MAE: 0.7445  Loss: 0.7439 
2026-09-02 02:50:13,542 - MMSA [INFO] - >> Epoch: 54 TRAIN -(DLF) [7/54/1] >> total_loss: 1.9069  acc_7: 0.7500  acc_5: 0.8084  acc_2: 0.9797  F1_score: 0.9797  Corr: 0.9750  MAE: 0.2489 
2026-09-02 02:50:15,174 - MMSA [INFO] - VAL-(DLF) >>  acc_7: 0.4367  acc_5: 0.5415  acc_2: 0.8611  F1_score: 0.8613  Corr: 0.7911  MAE: 0.7280  Loss: 0.7113 
2026-09-02 02:50:19,140 - MMSA [INFO] - TEST-(DLF) >>  acc_7: 0.4636  acc_5: 0.5379  acc_2: 0.8399  F1_score: 0.8403  Corr: 0.7858  MAE: 0.7426  Loss: 0.7419 
2026-09-02 02:50:47,429 - MMSA [INFO] - >> Epoch: 55 TRAIN -(DLF) [8/55/1] >> total_loss: 1.9235  acc_7: 0.7578  acc_5: 0.8107  acc_2: 0.9724  F1_score: 0.9724  Corr: 0.9748  MAE: 0.2505 
2026-09-02 02:50:49,068 - MMSA [INFO] - VAL-(DLF) >>  acc_7: 0.4236  acc_5: 0.5284  acc_2: 0.8611  F1_score: 0.8613  Corr: 0.7913  MAE: 0.7277  Loss: 0.7126 
2026-09-02 02:50:53,037 - MMSA [INFO] - TEST-(DLF) >>  acc_7: 0.4606  acc_5: 0.5350  acc_2: 0.8430  F1_score: 0.8434  Corr: 0.7871  MAE: 0.7409  Loss: 0.7402 
2026-09-02 02:51:21,119 - MMSA [INFO] - >> Epoch: 56 TRAIN -(DLF) [9/56/1] >> total_loss: 1.9075  acc_7: 0.7625  acc_5: 0.8248  acc_2: 0.9789  F1_score: 0.9789  Corr: 0.9749  MAE: 0.2498 
2026-09-02 02:51:22,742 - MMSA [INFO] - VAL-(DLF) >>  acc_7: 0.4410  acc_5: 0.5502  acc_2: 0.8611  F1_score: 0.8613  Corr: 0.7912  MAE: 0.7359  Loss: 0.7197 
2026-09-02 02:51:26,657 - MMSA [INFO] - TEST-(DLF) >>  acc_7: 0.4563  acc_5: 0.5335  acc_2: 0.8445  F1_score: 0.8449  Corr: 0.7870  MAE: 0.7547  Loss: 0.7541 
2026-09-02 02:51:54,297 - MMSA [INFO] - >> Epoch: 57 TRAIN -(DLF) [10/57/1] >> total_loss: 1.9109  acc_7: 0.7508  acc_5: 0.8092  acc_2: 0.9805  F1_score: 0.9805  Corr: 0.9741  MAE: 0.2574 
2026-09-02 02:51:55,864 - MMSA [INFO] - VAL-(DLF) >>  acc_7: 0.4323  acc_5: 0.5371  acc_2: 0.8611  F1_score: 0.8613  Corr: 0.7920  MAE: 0.7295  Loss: 0.7129 
2026-09-02 02:51:59,770 - MMSA [INFO] - TEST-(DLF) >>  acc_7: 0.4694  acc_5: 0.5408  acc_2: 0.8415  F1_score: 0.8417  Corr: 0.7885  MAE: 0.7378  Loss: 0.7371 
2026-09-02 02:52:04,556 - MMSA [INFO] - TEST-(DLF) >>  acc_7: 0.4344  acc_5: 0.5131  acc_2: 0.8384  F1_score: 0.8390  Corr: 0.7803  MAE: 0.7647  Loss: 0.7641 
2026-09-02 02:52:06,103 - MMSA [INFO] - Results saved to result/normal/mosi_serial_ccdr_acc2-bce.csv.
2026-09-02 03:06:45,764 - MMSA [INFO] - Using device: cuda:0
2026-09-02 03:06:45,765 - MMSA [INFO] - Architecture: serial_ccdr, use_ccdr=True
2026-09-02 03:06:46,711 - MMSA [INFO] - train samples: (1284,)
2026-09-02 03:06:47,075 - MMSA [INFO] - valid samples: (229,)
2026-09-02 03:06:47,428 - MMSA [INFO] - test samples: (686,)
2026-09-02 03:06:52,860 - MMSA [INFO] - Optimizer: AdamW, bert_lr=2e-05, other_lr=0.0001, weight_decay=0.005
2026-09-02 04:08:55,393 - MMSA [INFO] - Using device: cuda:0
2026-09-02 04:08:55,394 - MMSA [INFO] - Architecture: serial_ccdr, use_ccdr=True
2026-09-02 04:08:55,595 - MMSA [INFO] - train samples: (1284,)
2026-09-02 04:08:55,819 - MMSA [INFO] - valid samples: (229,)
2026-09-02 04:08:56,013 - MMSA [INFO] - test samples: (686,)
2026-09-02 04:08:58,974 - MMSA [INFO] - Optimizer: AdamW, bert_lr=2e-05, other_lr=0.0001, weight_decay=0.005
2026-09-02 04:09:32,415 - MMSA [INFO] - >> Epoch: 1 TRAIN -(DLF) [1/1/1] >> total_loss: 5.0357  acc_7: 0.1947  acc_5: 0.1947  acc_2: 0.5654  F1_score: 0.4963  Corr: 0.1309  MAE: 1.3068 
2026-09-02 04:09:34,445 - MMSA [INFO] - VAL-(DLF) >>  acc_7: 0.2358  acc_5: 0.2358  acc_2: 0.6528  F1_score: 0.6010  Corr: 0.3735  MAE: 1.3325  Loss: 1.3638 
2026-09-02 04:09:40,529 - MMSA [INFO] - TEST-(DLF) >>  acc_7: 0.1706  acc_5: 0.1706  acc_2: 0.5442  F1_score: 0.4944  Corr: 0.4271  MAE: 1.3768  Loss: 1.3758 
2026-09-02 04:10:10,855 - MMSA [INFO] - >> Epoch: 2 TRAIN -(DLF) [1/2/1] >> total_loss: 4.6983  acc_7: 0.2196  acc_5: 0.2196  acc_2: 0.6474  F1_score: 0.6033  Corr: 0.4768  MAE: 1.2081 
2026-09-02 04:10:13,041 - MMSA [INFO] - VAL-(DLF) >>  acc_7: 0.2751  acc_5: 0.2751  acc_2: 0.7269  F1_score: 0.7168  Corr: 0.5392  MAE: 1.2025  Loss: 1.2299 
2026-09-02 04:10:19,228 - MMSA [INFO] - TEST-(DLF) >>  acc_7: 0.1997  acc_5: 0.1997  acc_2: 0.6768  F1_score: 0.6756  Corr: 0.5350  MAE: 1.2417  Loss: 1.2404 
2026-09-02 04:10:52,703 - MMSA [INFO] - >> Epoch: 3 TRAIN -(DLF) [1/3/1] >> total_loss: 4.2792  acc_7: 0.2523  acc_5: 0.2523  acc_2: 0.7604  F1_score: 0.7559  Corr: 0.6399  MAE: 1.0266 
2026-09-02 04:10:55,211 - MMSA [INFO] - VAL-(DLF) >>  acc_7: 0.2838  acc_5: 0.3188  acc_2: 0.8426  F1_score: 0.8421  Corr: 0.6738  MAE: 0.9803  Loss: 0.9920 
2026-09-02 04:11:03,425 - MMSA [INFO] - TEST-(DLF) >>  acc_7: 0.3076  acc_5: 0.3192  acc_2: 0.8049  F1_score: 0.8059  Corr: 0.6631  MAE: 1.0382  Loss: 1.0372 
2026-09-02 04:11:35,971 - MMSA [INFO] - >> Epoch: 4 TRAIN -(DLF) [1/4/1] >> total_loss: 3.8396  acc_7: 0.3497  acc_5: 0.3676  acc_2: 0.8375  F1_score: 0.8380  Corr: 0.7291  MAE: 0.8177 
2026-09-02 04:11:38,288 - MMSA [INFO] - VAL-(DLF) >>  acc_7: 0.3188  acc_5: 0.3974  acc_2: 0.8565  F1_score: 0.8572  Corr: 0.7229  MAE: 0.9011  Loss: 0.8907 
2026-09-02 04:11:44,172 - MMSA [INFO] - TEST-(DLF) >>  acc_7: 0.3397  acc_5: 0.3601  acc_2: 0.8415  F1_score: 0.8401  Corr: 0.7257  MAE: 0.8693  Loss: 0.8684 
2026-09-02 04:12:13,349 - MMSA [INFO] - >> Epoch: 5 TRAIN -(DLF) [1/5/1] >> total_loss: 3.5665  acc_7: 0.4159  acc_5: 0.4439  acc_2: 0.8538  F1_score: 0.8542  Corr: 0.7863  MAE: 0.7170 
2026-09-02 04:12:15,494 - MMSA [INFO] - VAL-(DLF) >>  acc_7: 0.3450  acc_5: 0.4236  acc_2: 0.8472  F1_score: 0.8466  Corr: 0.7277  MAE: 0.8841  Loss: 0.8722 
2026-09-02 04:12:19,016 - MMSA [INFO] - TEST-(DLF) >>  acc_7: 0.3265  acc_5: 0.3528  acc_2: 0.8095  F1_score: 0.8106  Corr: 0.7425  MAE: 0.9305  Loss: 0.9301 
2026-09-02 04:12:48,935 - MMSA [INFO] - >> Epoch: 6 TRAIN -(DLF) [1/6/1] >> total_loss: 3.3363  acc_7: 0.4548  acc_5: 0.4844  acc_2: 0.9050  F1_score: 0.9052  Corr: 0.8359  MAE: 0.6328 
2026-09-02 04:12:51,369 - MMSA [INFO] - VAL-(DLF) >>  acc_7: 0.3493  acc_5: 0.4323  acc_2: 0.8519  F1_score: 0.8516  Corr: 0.7389  MAE: 0.8744  Loss: 0.8621 
2026-09-02 04:12:58,249 - MMSA [INFO] - TEST-(DLF) >>  acc_7: 0.3309  acc_5: 0.3615  acc_2: 0.8186  F1_score: 0.8196  Corr: 0.7440  MAE: 0.9235  Loss: 0.9230 
2026-09-02 04:13:28,622 - MMSA [INFO] - >> Epoch: 7 TRAIN -(DLF) [1/7/1] >> total_loss: 3.2165  acc_7: 0.4735  acc_5: 0.5078  acc_2: 0.9025  F1_score: 0.9026  Corr: 0.8427  MAE: 0.6151 
2026-09-02 04:13:29,817 - MMSA [INFO] - VAL-(DLF) >>  acc_7: 0.3450  acc_5: 0.4279  acc_2: 0.8611  F1_score: 0.8615  Corr: 0.7522  MAE: 0.8385  Loss: 0.8293 
2026-09-02 04:13:33,979 - MMSA [INFO] - TEST-(DLF) >>  acc_7: 0.3732  acc_5: 0.4169  acc_2: 0.8079  F1_score: 0.8086  Corr: 0.7499  MAE: 0.8658  Loss: 0.8650 
2026-09-02 04:14:03,838 - MMSA [INFO] - >> Epoch: 8 TRAIN -(DLF) [1/8/1] >> total_loss: 3.1452  acc_7: 0.4836  acc_5: 0.5187  acc_2: 0.8985  F1_score: 0.8984  Corr: 0.8442  MAE: 0.6175 
2026-09-02 04:14:06,288 - MMSA [INFO] - VAL-(DLF) >>  acc_7: 0.3319  acc_5: 0.4148  acc_2: 0.8704  F1_score: 0.8710  Corr: 0.7493  MAE: 0.8565  Loss: 0.8390 
2026-09-02 04:14:13,021 - MMSA [INFO] - TEST-(DLF) >>  acc_7: 0.3819  acc_5: 0.4402  acc_2: 0.8338  F1_score: 0.8313  Corr: 0.7519  MAE: 0.8120  Loss: 0.8113 
2026-09-02 04:14:42,326 - MMSA [INFO] - >> Epoch: 9 TRAIN -(DLF) [2/9/1] >> total_loss: 2.9861  acc_7: 0.5132  acc_5: 0.5545  acc_2: 0.9269  F1_score: 0.9270  Corr: 0.8750  MAE: 0.5608 
2026-09-02 04:14:43,369 - MMSA [INFO] - VAL-(DLF) >>  acc_7: 0.3624  acc_5: 0.4541  acc_2: 0.8611  F1_score: 0.8618  Corr: 0.7546  MAE: 0.8564  Loss: 0.8376 
2026-09-02 04:14:49,506 - MMSA [INFO] - TEST-(DLF) >>  acc_7: 0.4023  acc_5: 0.4723  acc_2: 0.8491  F1_score: 0.8473  Corr: 0.7561  MAE: 0.8076  Loss: 0.8070 
2026-09-02 04:15:21,041 - MMSA [INFO] - >> Epoch: 10 TRAIN -(DLF) [3/10/1] >> total_loss: 2.9177  acc_7: 0.5156  acc_5: 0.5537  acc_2: 0.9196  F1_score: 0.9197  Corr: 0.8788  MAE: 0.5507 
2026-09-02 04:15:23,213 - MMSA [INFO] - VAL-(DLF) >>  acc_7: 0.3537  acc_5: 0.4672  acc_2: 0.8519  F1_score: 0.8526  Corr: 0.7622  MAE: 0.8444  Loss: 0.8224 
2026-09-02 04:15:26,416 - MMSA [INFO] - TEST-(DLF) >>  acc_7: 0.4227  acc_5: 0.4985  acc_2: 0.8445  F1_score: 0.8430  Corr: 0.7618  MAE: 0.7858  Loss: 0.7853 
2026-09-02 04:15:57,007 - MMSA [INFO] - >> Epoch: 11 TRAIN -(DLF) [1/11/1] >> total_loss: 2.9379  acc_7: 0.4759  acc_5: 0.5140  acc_2: 0.9050  F1_score: 0.9052  Corr: 0.8771  MAE: 0.5786 
2026-09-02 04:15:58,967 - MMSA [INFO] - VAL-(DLF) >>  acc_7: 0.3712  acc_5: 0.4803  acc_2: 0.8565  F1_score: 0.8546  Corr: 0.7750  MAE: 0.8119  Loss: 0.7993 
2026-09-02 04:16:05,126 - MMSA [INFO] - TEST-(DLF) >>  acc_7: 0.3805  acc_5: 0.4577  acc_2: 0.8079  F1_score: 0.8091  Corr: 0.7620  MAE: 0.8745  Loss: 0.8744 
2026-09-02 04:16:35,631 - MMSA [INFO] - >> Epoch: 12 TRAIN -(DLF) [1/12/1] >> total_loss: 2.779  acc_7: 0.5436  acc_5: 0.5903  acc_2: 0.9220  F1_score: 0.9222  Corr: 0.8953  MAE: 0.5243 
2026-09-02 04:16:37,407 - MMSA [INFO] - VAL-(DLF) >>  acc_7: 0.3930  acc_5: 0.5109  acc_2: 0.8565  F1_score: 0.8568  Corr: 0.7679  MAE: 0.8259  Loss: 0.8047 
2026-09-02 04:16:41,623 - MMSA [INFO] - TEST-(DLF) >>  acc_7: 0.4155  acc_5: 0.5029  acc_2: 0.8415  F1_score: 0.8417  Corr: 0.7667  MAE: 0.8224  Loss: 0.8220 
2026-09-02 04:17:12,651 - MMSA [INFO] - >> Epoch: 13 TRAIN -(DLF) [2/13/1] >> total_loss: 2.6782  acc_7: 0.5561  acc_5: 0.6005  acc_2: 0.9374  F1_score: 0.9376  Corr: 0.9055  MAE: 0.4800 
2026-09-02 04:17:14,837 - MMSA [INFO] - VAL-(DLF) >>  acc_7: 0.3974  acc_5: 0.5022  acc_2: 0.8519  F1_score: 0.8522  Corr: 0.7739  MAE: 0.7999  Loss: 0.7889 
2026-09-02 04:17:20,721 - MMSA [INFO] - TEST-(DLF) >>  acc_7: 0.4140  acc_5: 0.4825  acc_2: 0.8491  F1_score: 0.8490  Corr: 0.7763  MAE: 0.7936  Loss: 0.7933 
2026-09-02 04:17:51,074 - MMSA [INFO] - >> Epoch: 14 TRAIN -(DLF) [1/14/1] >> total_loss: 2.6329  acc_7: 0.5662  acc_5: 0.6075  acc_2: 0.9415  F1_score: 0.9416  Corr: 0.9118  MAE: 0.4719 
2026-09-02 04:17:52,093 - MMSA [INFO] - VAL-(DLF) >>  acc_7: 0.3493  acc_5: 0.4585  acc_2: 0.8565  F1_score: 0.8572  Corr: 0.7630  MAE: 0.8381  Loss: 0.8195 
2026-09-02 04:17:58,560 - MMSA [INFO] - TEST-(DLF) >>  acc_7: 0.4155  acc_5: 0.4956  acc_2: 0.8460  F1_score: 0.8446  Corr: 0.7677  MAE: 0.7886  Loss: 0.7881 
2026-09-02 04:18:25,852 - MMSA [INFO] - >> Epoch: 15 TRAIN -(DLF) [2/15/1] >> total_loss: 2.6016  acc_7: 0.5428  acc_5: 0.5880  acc_2: 0.9415  F1_score: 0.9416  Corr: 0.9100  MAE: 0.4762 
2026-09-02 04:18:28,313 - MMSA [INFO] - VAL-(DLF) >>  acc_7: 0.3930  acc_5: 0.5022  acc_2: 0.8565  F1_score: 0.8561  Corr: 0.7743  MAE: 0.8031  Loss: 0.7905 
2026-09-02 04:18:34,067 - MMSA [INFO] - TEST-(DLF) >>  acc_7: 0.4023  acc_5: 0.4810  acc_2: 0.8232  F1_score: 0.8237  Corr: 0.7631  MAE: 0.8295  Loss: 0.8292 
2026-09-02 04:19:02,374 - MMSA [INFO] - >> Epoch: 16 TRAIN -(DLF) [3/16/1] >> total_loss: 2.5048  acc_7: 0.5966  acc_5: 0.6472  acc_2: 0.9350  F1_score: 0.9351  Corr: 0.9184  MAE: 0.4507 
2026-09-02 04:19:03,382 - MMSA [INFO] - VAL-(DLF) >>  acc_7: 0.3930  acc_5: 0.4978  acc_2: 0.8565  F1_score: 0.8566  Corr: 0.7746  MAE: 0.8037  Loss: 0.7927 
2026-09-02 04:19:07,273 - MMSA [INFO] - TEST-(DLF) >>  acc_7: 0.4038  acc_5: 0.4840  acc_2: 0.8171  F1_score: 0.8177  Corr: 0.7559  MAE: 0.8323  Loss: 0.8322 
2026-09-02 04:19:35,323 - MMSA [INFO] - >> Epoch: 17 TRAIN -(DLF) [4/17/1] >> total_loss: 2.4091  acc_7: 0.6121  acc_5: 0.6628  acc_2: 0.9488  F1_score: 0.9488  Corr: 0.9286  MAE: 0.4185 
2026-09-02 04:19:37,336 - MMSA [INFO] - VAL-(DLF) >>  acc_7: 0.3624  acc_5: 0.4803  acc_2: 0.8472  F1_score: 0.8479  Corr: 0.7687  MAE: 0.8364  Loss: 0.8135 
2026-09-02 04:19:39,947 - MMSA [INFO] - TEST-(DLF) >>  acc_7: 0.4344  acc_5: 0.5146  acc_2: 0.8277  F1_score: 0.8262  Corr: 0.7576  MAE: 0.7906  Loss: 0.7902 
2026-09-02 04:19:56,990 - MMSA [INFO] - >> Epoch: 18 TRAIN -(DLF) [5/18/1] >> total_loss: 2.3775  acc_7: 0.6394  acc_5: 0.6916  acc_2: 0.9423  F1_score: 0.9424  Corr: 0.9318  MAE: 0.4141 
2026-09-02 04:19:57,910 - MMSA [INFO] - VAL-(DLF) >>  acc_7: 0.3930  acc_5: 0.5066  acc_2: 0.8519  F1_score: 0.8524  Corr: 0.7817  MAE: 0.7880  Loss: 0.7716 
2026-09-02 04:20:00,039 - MMSA [INFO] - TEST-(DLF) >>  acc_7: 0.4402  acc_5: 0.5117  acc_2: 0.8293  F1_score: 0.8286  Corr: 0.7669  MAE: 0.7840  Loss: 0.7837 
2026-09-02 04:20:16,770 - MMSA [INFO] - >> Epoch: 19 TRAIN -(DLF) [1/19/1] >> total_loss: 2.348  acc_7: 0.6199  acc_5: 0.6690  acc_2: 0.9464  F1_score: 0.9465  Corr: 0.9349  MAE: 0.4023 
2026-09-02 04:20:17,671 - MMSA [INFO] - VAL-(DLF) >>  acc_7: 0.3537  acc_5: 0.4672  acc_2: 0.8519  F1_score: 0.8525  Corr: 0.7801  MAE: 0.8124  Loss: 0.7917 
2026-09-02 04:20:20,027 - MMSA [INFO] - TEST-(DLF) >>  acc_7: 0.4402  acc_5: 0.5204  acc_2: 0.8308  F1_score: 0.8297  Corr: 0.7667  MAE: 0.7775  Loss: 0.7771 
2026-09-02 04:20:36,769 - MMSA [INFO] - >> Epoch: 20 TRAIN -(DLF) [2/20/1] >> total_loss: 2.3238  acc_7: 0.6417  acc_5: 0.6970  acc_2: 0.9358  F1_score: 0.9360  Corr: 0.9336  MAE: 0.4038 
2026-09-02 04:20:38,066 - MMSA [INFO] - VAL-(DLF) >>  acc_7: 0.4105  acc_5: 0.5284  acc_2: 0.8611  F1_score: 0.8609  Corr: 0.7889  MAE: 0.7732  Loss: 0.7602 
2026-09-02 04:20:40,479 - MMSA [INFO] - TEST-(DLF) >>  acc_7: 0.4052  acc_5: 0.4854  acc_2: 0.8232  F1_score: 0.8239  Corr: 0.7719  MAE: 0.8172  Loss: 0.8170 
2026-09-02 04:21:00,020 - MMSA [INFO] - >> Epoch: 21 TRAIN -(DLF) [1/21/1] >> total_loss: 2.2556  acc_7: 0.6441  acc_5: 0.6947  acc_2: 0.9464  F1_score: 0.9465  Corr: 0.9402  MAE: 0.3798 
2026-09-02 04:21:00,878 - MMSA [INFO] - VAL-(DLF) >>  acc_7: 0.4017  acc_5: 0.5153  acc_2: 0.8611  F1_score: 0.8609  Corr: 0.7877  MAE: 0.7726  Loss: 0.7581 
2026-09-02 04:21:03,037 - MMSA [INFO] - TEST-(DLF) >>  acc_7: 0.4169  acc_5: 0.5000  acc_2: 0.8247  F1_score: 0.8252  Corr: 0.7725  MAE: 0.7987  Loss: 0.7986 
2026-09-02 04:21:19,090 - MMSA [INFO] - >> Epoch: 22 TRAIN -(DLF) [1/22/1] >> total_loss: 2.2065  acc_7: 0.6480  acc_5: 0.7064  acc_2: 0.9439  F1_score: 0.9440  Corr: 0.9441  MAE: 0.3666 
2026-09-02 04:21:19,975 - MMSA [INFO] - VAL-(DLF) >>  acc_7: 0.4279  acc_5: 0.5328  acc_2: 0.8565  F1_score: 0.8564  Corr: 0.7833  MAE: 0.8035  Loss: 0.7853 
2026-09-02 04:21:22,215 - MMSA [INFO] - TEST-(DLF) >>  acc_7: 0.4198  acc_5: 0.5058  acc_2: 0.8293  F1_score: 0.8296  Corr: 0.7693  MAE: 0.8179  Loss: 0.8177 
2026-09-02 04:21:37,766 - MMSA [INFO] - >> Epoch: 23 TRAIN -(DLF) [2/23/1] >> total_loss: 2.2474  acc_7: 0.6324  acc_5: 0.6947  acc_2: 0.9488  F1_score: 0.9489  Corr: 0.9421  MAE: 0.4002 
2026-09-02 04:21:38,591 - MMSA [INFO] - VAL-(DLF) >>  acc_7: 0.4105  acc_5: 0.5197  acc_2: 0.8519  F1_score: 0.8514  Corr: 0.7903  MAE: 0.7531  Loss: 0.7438 
2026-09-02 04:21:40,718 - MMSA [INFO] - TEST-(DLF) >>  acc_7: 0.4125  acc_5: 0.4869  acc_2: 0.8201  F1_score: 0.8205  Corr: 0.7720  MAE: 0.7871  Loss: 0.7868 
2026-09-02 04:21:56,758 - MMSA [INFO] - >> Epoch: 24 TRAIN -(DLF) [1/24/1] >> total_loss: 2.1696  acc_7: 0.6542  acc_5: 0.7048  acc_2: 0.9472  F1_score: 0.9472  Corr: 0.9458  MAE: 0.3598 
2026-09-02 04:21:57,578 - MMSA [INFO] - VAL-(DLF) >>  acc_7: 0.4236  acc_5: 0.5371  acc_2: 0.8611  F1_score: 0.8601  Corr: 0.7887  MAE: 0.7725  Loss: 0.7579 
2026-09-02 04:21:59,708 - MMSA [INFO] - TEST-(DLF) >>  acc_7: 0.4009  acc_5: 0.4781  acc_2: 0.8201  F1_score: 0.8210  Corr: 0.7725  MAE: 0.8194  Loss: 0.8191 
2026-09-02 04:22:15,064 - MMSA [INFO] - >> Epoch: 25 TRAIN -(DLF) [2/25/1] >> total_loss: 2.2027  acc_7: 0.6262  acc_5: 0.6846  acc_2: 0.9423  F1_score: 0.9423  Corr: 0.9385  MAE: 0.3923 
2026-09-02 04:22:15,968 - MMSA [INFO] - VAL-(DLF) >>  acc_7: 0.3755  acc_5: 0.4891  acc_2: 0.8519  F1_score: 0.8524  Corr: 0.7869  MAE: 0.7820  Loss: 0.7633 
2026-09-02 04:22:18,147 - MMSA [INFO] - TEST-(DLF) >>  acc_7: 0.4286  acc_5: 0.5044  acc_2: 0.8369  F1_score: 0.8362  Corr: 0.7743  MAE: 0.7622  Loss: 0.7617 
2026-09-02 04:22:33,462 - MMSA [INFO] - >> Epoch: 26 TRAIN -(DLF) [3/26/1] >> total_loss: 2.1229  acc_7: 0.6620  acc_5: 0.7220  acc_2: 0.9537  F1_score: 0.9537  Corr: 0.9483  MAE: 0.3622 
2026-09-02 04:22:34,274 - MMSA [INFO] - VAL-(DLF) >>  acc_7: 0.3843  acc_5: 0.4978  acc_2: 0.8426  F1_score: 0.8432  Corr: 0.7846  MAE: 0.7979  Loss: 0.7776 
2026-09-02 04:22:36,436 - MMSA [INFO] - TEST-(DLF) >>  acc_7: 0.4490  acc_5: 0.5248  acc_2: 0.8399  F1_score: 0.8391  Corr: 0.7687  MAE: 0.7807  Loss: 0.7802 
2026-09-02 04:22:51,970 - MMSA [INFO] - >> Epoch: 27 TRAIN -(DLF) [4/27/1] >> total_loss: 2.1199  acc_7: 0.6636  acc_5: 0.7227  acc_2: 0.9504  F1_score: 0.9505  Corr: 0.9495  MAE: 0.3561 
2026-09-02 04:22:52,787 - MMSA [INFO] - VAL-(DLF) >>  acc_7: 0.3930  acc_5: 0.5022  acc_2: 0.8380  F1_score: 0.8384  Corr: 0.7933  MAE: 0.7652  Loss: 0.7494 
2026-09-02 04:22:54,943 - MMSA [INFO] - TEST-(DLF) >>  acc_7: 0.4417  acc_5: 0.5160  acc_2: 0.8262  F1_score: 0.8254  Corr: 0.7687  MAE: 0.7698  Loss: 0.7693 
2026-09-02 04:23:10,333 - MMSA [INFO] - >> Epoch: 28 TRAIN -(DLF) [5/28/1] >> total_loss: 2.0731  acc_7: 0.6776  acc_5: 0.7344  acc_2: 0.9553  F1_score: 0.9554  Corr: 0.9533  MAE: 0.3431 
2026-09-02 04:23:11,178 - MMSA [INFO] - VAL-(DLF) >>  acc_7: 0.4192  acc_5: 0.5371  acc_2: 0.8657  F1_score: 0.8652  Corr: 0.7937  MAE: 0.7653  Loss: 0.7523 
2026-09-02 04:23:13,266 - MMSA [INFO] - TEST-(DLF) >>  acc_7: 0.4198  acc_5: 0.5000  acc_2: 0.8049  F1_score: 0.8057  Corr: 0.7614  MAE: 0.8236  Loss: 0.8233 
2026-09-02 04:23:28,780 - MMSA [INFO] - >> Epoch: 29 TRAIN -(DLF) [6/29/1] >> total_loss: 2.0844  acc_7: 0.6745  acc_5: 0.7274  acc_2: 0.9521  F1_score: 0.9520  Corr: 0.9508  MAE: 0.3502 
2026-09-02 04:23:29,619 - MMSA [INFO] - VAL-(DLF) >>  acc_7: 0.4148  acc_5: 0.5284  acc_2: 0.8519  F1_score: 0.8514  Corr: 0.7875  MAE: 0.7701  Loss: 0.7538 
2026-09-02 04:23:31,764 - MMSA [INFO] - TEST-(DLF) >>  acc_7: 0.4169  acc_5: 0.4956  acc_2: 0.8186  F1_score: 0.8195  Corr: 0.7617  MAE: 0.8136  Loss: 0.8132 
2026-09-02 04:23:47,480 - MMSA [INFO] - >> Epoch: 30 TRAIN -(DLF) [7/30/1] >> total_loss: 2.0657  acc_7: 0.6877  acc_5: 0.7430  acc_2: 0.9513  F1_score: 0.9512  Corr: 0.9520  MAE: 0.3491 
2026-09-02 04:23:48,328 - MMSA [INFO] - VAL-(DLF) >>  acc_7: 0.3886  acc_5: 0.5022  acc_2: 0.8472  F1_score: 0.8475  Corr: 0.7877  MAE: 0.7727  Loss: 0.7531 
2026-09-02 04:23:50,635 - MMSA [INFO] - TEST-(DLF) >>  acc_7: 0.4315  acc_5: 0.5073  acc_2: 0.8384  F1_score: 0.8377  Corr: 0.7721  MAE: 0.7652  Loss: 0.7647 
2026-09-02 04:24:06,229 - MMSA [INFO] - >> Epoch: 31 TRAIN -(DLF) [8/31/1] >> total_loss: 2.0414  acc_7: 0.6830  acc_5: 0.7391  acc_2: 0.9586  F1_score: 0.9586  Corr: 0.9551  MAE: 0.3352 
2026-09-02 04:24:07,070 - MMSA [INFO] - VAL-(DLF) >>  acc_7: 0.4148  acc_5: 0.5197  acc_2: 0.8519  F1_score: 0.8519  Corr: 0.7910  MAE: 0.7617  Loss: 0.7472 
2026-09-02 04:24:09,161 - MMSA [INFO] - TEST-(DLF) >>  acc_7: 0.4140  acc_5: 0.4883  acc_2: 0.8262  F1_score: 0.8267  Corr: 0.7721  MAE: 0.7927  Loss: 0.7924 
2026-09-02 04:24:24,821 - MMSA [INFO] - >> Epoch: 32 TRAIN -(DLF) [9/32/1] >> total_loss: 2.0373  acc_7: 0.6791  acc_5: 0.7352  acc_2: 0.9643  F1_score: 0.9643  Corr: 0.9571  MAE: 0.3303 
2026-09-02 04:24:25,693 - MMSA [INFO] - VAL-(DLF) >>  acc_7: 0.4105  acc_5: 0.5240  acc_2: 0.8519  F1_score: 0.8519  Corr: 0.7945  MAE: 0.7487  Loss: 0.7323 
2026-09-02 04:24:27,893 - MMSA [INFO] - TEST-(DLF) >>  acc_7: 0.4184  acc_5: 0.4971  acc_2: 0.8308  F1_score: 0.8313  Corr: 0.7736  MAE: 0.7776  Loss: 0.7772 
2026-09-02 04:24:44,060 - MMSA [INFO] - >> Epoch: 33 TRAIN -(DLF) [1/33/1] >> total_loss: 2.0056  acc_7: 0.6978  acc_5: 0.7539  acc_2: 0.9651  F1_score: 0.9650  Corr: 0.9590  MAE: 0.3183 
2026-09-02 04:24:44,909 - MMSA [INFO] - VAL-(DLF) >>  acc_7: 0.4105  acc_5: 0.5197  acc_2: 0.8472  F1_score: 0.8473  Corr: 0.7915  MAE: 0.7688  Loss: 0.7500 
2026-09-02 04:24:47,151 - MMSA [INFO] - TEST-(DLF) >>  acc_7: 0.4504  acc_5: 0.5292  acc_2: 0.8369  F1_score: 0.8366  Corr: 0.7761  MAE: 0.7635  Loss: 0.7631 
2026-09-02 04:25:02,656 - MMSA [INFO] - >> Epoch: 34 TRAIN -(DLF) [2/34/1] >> total_loss: 2.0004  acc_7: 0.6994  acc_5: 0.7555  acc_2: 0.9634  F1_score: 0.9635  Corr: 0.9594  MAE: 0.3160 
2026-09-02 04:25:03,537 - MMSA [INFO] - VAL-(DLF) >>  acc_7: 0.4236  acc_5: 0.5328  acc_2: 0.8519  F1_score: 0.8516  Corr: 0.7947  MAE: 0.7508  Loss: 0.7381 
2026-09-02 04:25:05,833 - MMSA [INFO] - TEST-(DLF) >>  acc_7: 0.4169  acc_5: 0.4971  acc_2: 0.8308  F1_score: 0.8314  Corr: 0.7751  MAE: 0.7934  Loss: 0.7933 
2026-09-02 04:25:21,425 - MMSA [INFO] - >> Epoch: 35 TRAIN -(DLF) [3/35/1] >> total_loss: 1.9927  acc_7: 0.6908  acc_5: 0.7523  acc_2: 0.9667  F1_score: 0.9667  Corr: 0.9591  MAE: 0.3207 
2026-09-02 04:25:22,283 - MMSA [INFO] - VAL-(DLF) >>  acc_7: 0.4105  acc_5: 0.5153  acc_2: 0.8472  F1_score: 0.8475  Corr: 0.7872  MAE: 0.7833  Loss: 0.7638 
2026-09-02 04:25:24,535 - MMSA [INFO] - TEST-(DLF) >>  acc_7: 0.4519  acc_5: 0.5364  acc_2: 0.8338  F1_score: 0.8328  Corr: 0.7743  MAE: 0.7648  Loss: 0.7645 
2026-09-02 04:25:40,223 - MMSA [INFO] - >> Epoch: 36 TRAIN -(DLF) [4/36/1] >> total_loss: 1.9616  acc_7: 0.7079  acc_5: 0.7734  acc_2: 0.9667  F1_score: 0.9667  Corr: 0.9617  MAE: 0.3111 
2026-09-02 04:25:41,035 - MMSA [INFO] - VAL-(DLF) >>  acc_7: 0.4148  acc_5: 0.5240  acc_2: 0.8472  F1_score: 0.8475  Corr: 0.7919  MAE: 0.7620  Loss: 0.7456 
2026-09-02 04:25:43,223 - MMSA [INFO] - TEST-(DLF) >>  acc_7: 0.4300  acc_5: 0.5131  acc_2: 0.8262  F1_score: 0.8258  Corr: 0.7765  MAE: 0.7668  Loss: 0.7666 
2026-09-02 04:25:58,884 - MMSA [INFO] - >> Epoch: 37 TRAIN -(DLF) [5/37/1] >> total_loss: 1.9558  acc_7: 0.6994  acc_5: 0.7570  acc_2: 0.9626  F1_score: 0.9627  Corr: 0.9618  MAE: 0.3107 
2026-09-02 04:25:59,712 - MMSA [INFO] - VAL-(DLF) >>  acc_7: 0.4279  acc_5: 0.5415  acc_2: 0.8519  F1_score: 0.8520  Corr: 0.7965  MAE: 0.7497  Loss: 0.7332 
2026-09-02 04:26:02,045 - MMSA [INFO] - TEST-(DLF) >>  acc_7: 0.4315  acc_5: 0.5117  acc_2: 0.8308  F1_score: 0.8310  Corr: 0.7775  MAE: 0.7696  Loss: 0.7694 
2026-09-02 04:26:17,616 - MMSA [INFO] - >> Epoch: 38 TRAIN -(DLF) [6/38/1] >> total_loss: 1.9661  acc_7: 0.7243  acc_5: 0.7843  acc_2: 0.9667  F1_score: 0.9667  Corr: 0.9601  MAE: 0.3087 
2026-09-02 04:26:18,481 - MMSA [INFO] - VAL-(DLF) >>  acc_7: 0.4410  acc_5: 0.5546  acc_2: 0.8519  F1_score: 0.8519  Corr: 0.7986  MAE: 0.7469  Loss: 0.7293 
2026-09-02 04:26:20,661 - MMSA [INFO] - TEST-(DLF) >>  acc_7: 0.4359  acc_5: 0.5160  acc_2: 0.8277  F1_score: 0.8282  Corr: 0.7771  MAE: 0.7700  Loss: 0.7696 
2026-09-02 04:26:36,679 - MMSA [INFO] - >> Epoch: 39 TRAIN -(DLF) [1/39/1] >> total_loss: 1.9397  acc_7: 0.7204  acc_5: 0.7819  acc_2: 0.9651  F1_score: 0.9651  Corr: 0.9642  MAE: 0.2990 
2026-09-02 04:26:37,507 - MMSA [INFO] - VAL-(DLF) >>  acc_7: 0.4148  acc_5: 0.5284  acc_2: 0.8472  F1_score: 0.8475  Corr: 0.7984  MAE: 0.7509  Loss: 0.7339 
2026-09-02 04:26:39,633 - MMSA [INFO] - TEST-(DLF) >>  acc_7: 0.4621  acc_5: 0.5394  acc_2: 0.8338  F1_score: 0.8332  Corr: 0.7800  MAE: 0.7495  Loss: 0.7491 
2026-09-02 04:26:55,161 - MMSA [INFO] - >> Epoch: 40 TRAIN -(DLF) [2/40/1] >> total_loss: 1.9316  acc_7: 0.7204  acc_5: 0.7788  acc_2: 0.9683  F1_score: 0.9683  Corr: 0.9646  MAE: 0.2944 
2026-09-02 04:26:55,976 - MMSA [INFO] - VAL-(DLF) >>  acc_7: 0.4192  acc_5: 0.5328  acc_2: 0.8519  F1_score: 0.8520  Corr: 0.7986  MAE: 0.7520  Loss: 0.7358 
2026-09-02 04:26:58,103 - MMSA [INFO] - TEST-(DLF) >>  acc_7: 0.4548  acc_5: 0.5335  acc_2: 0.8323  F1_score: 0.8320  Corr: 0.7790  MAE: 0.7618  Loss: 0.7616 
2026-09-02 04:27:13,741 - MMSA [INFO] - >> Epoch: 41 TRAIN -(DLF) [3/41/1] >> total_loss: 1.9416  acc_7: 0.7329  acc_5: 0.7874  acc_2: 0.9610  F1_score: 0.9610  Corr: 0.9644  MAE: 0.2942 
2026-09-02 04:27:14,650 - MMSA [INFO] - VAL-(DLF) >>  acc_7: 0.4323  acc_5: 0.5415  acc_2: 0.8565  F1_score: 0.8566  Corr: 0.7998  MAE: 0.7418  Loss: 0.7275 
2026-09-02 04:27:16,756 - MMSA [INFO] - TEST-(DLF) >>  acc_7: 0.4446  acc_5: 0.5219  acc_2: 0.8262  F1_score: 0.8265  Corr: 0.7755  MAE: 0.7772  Loss: 0.7769 
2026-09-02 04:27:32,777 - MMSA [INFO] - >> Epoch: 42 TRAIN -(DLF) [1/42/1] >> total_loss: 1.9358  acc_7: 0.7259  acc_5: 0.7905  acc_2: 0.9626  F1_score: 0.9627  Corr: 0.9630  MAE: 0.3036 
2026-09-02 04:27:33,623 - MMSA [INFO] - VAL-(DLF) >>  acc_7: 0.4105  acc_5: 0.5240  acc_2: 0.8565  F1_score: 0.8568  Corr: 0.7979  MAE: 0.7513  Loss: 0.7333 
2026-09-02 04:27:35,788 - MMSA [INFO] - TEST-(DLF) >>  acc_7: 0.4475  acc_5: 0.5219  acc_2: 0.8338  F1_score: 0.8333  Corr: 0.7758  MAE: 0.7683  Loss: 0.7679 
2026-09-02 04:27:51,202 - MMSA [INFO] - >> Epoch: 43 TRAIN -(DLF) [2/43/1] >> total_loss: 1.9104  acc_7: 0.7165  acc_5: 0.7718  acc_2: 0.9699  F1_score: 0.9700  Corr: 0.9651  MAE: 0.2970 
2026-09-02 04:27:52,029 - MMSA [INFO] - VAL-(DLF) >>  acc_7: 0.4279  acc_5: 0.5284  acc_2: 0.8565  F1_score: 0.8566  Corr: 0.7990  MAE: 0.7395  Loss: 0.7243 
2026-09-02 04:27:54,194 - MMSA [INFO] - TEST-(DLF) >>  acc_7: 0.4402  acc_5: 0.5175  acc_2: 0.8354  F1_score: 0.8356  Corr: 0.7750  MAE: 0.7736  Loss: 0.7731 
2026-09-02 04:28:10,172 - MMSA [INFO] - >> Epoch: 44 TRAIN -(DLF) [1/44/1] >> total_loss: 1.9192  acc_7: 0.7079  acc_5: 0.7671  acc_2: 0.9724  F1_score: 0.9724  Corr: 0.9641  MAE: 0.2995 
2026-09-02 04:28:11,026 - MMSA [INFO] - VAL-(DLF) >>  acc_7: 0.4148  acc_5: 0.5197  acc_2: 0.8519  F1_score: 0.8520  Corr: 0.7995  MAE: 0.7401  Loss: 0.7236 
2026-09-02 04:28:13,220 - MMSA [INFO] - TEST-(DLF) >>  acc_7: 0.4446  acc_5: 0.5219  acc_2: 0.8308  F1_score: 0.8306  Corr: 0.7781  MAE: 0.7576  Loss: 0.7570 
2026-09-02 04:28:29,223 - MMSA [INFO] - >> Epoch: 45 TRAIN -(DLF) [1/45/1] >> total_loss: 1.9053  acc_7: 0.7368  acc_5: 0.8006  acc_2: 0.9675  F1_score: 0.9675  Corr: 0.9664  MAE: 0.2923 
2026-09-02 04:28:30,060 - MMSA [INFO] - VAL-(DLF) >>  acc_7: 0.4629  acc_5: 0.5677  acc_2: 0.8380  F1_score: 0.8376  Corr: 0.8011  MAE: 0.7328  Loss: 0.7208 
2026-09-02 04:28:32,178 - MMSA [INFO] - TEST-(DLF) >>  acc_7: 0.4067  acc_5: 0.4796  acc_2: 0.8201  F1_score: 0.8212  Corr: 0.7741  MAE: 0.8081  Loss: 0.8077 
2026-09-02 04:28:48,343 - MMSA [INFO] - >> Epoch: 46 TRAIN -(DLF) [1/46/1] >> total_loss: 1.9224  acc_7: 0.7196  acc_5: 0.7702  acc_2: 0.9594  F1_score: 0.9593  Corr: 0.9654  MAE: 0.3048 
2026-09-02 04:28:49,195 - MMSA [INFO] - VAL-(DLF) >>  acc_7: 0.3668  acc_5: 0.4672  acc_2: 0.8611  F1_score: 0.8618  Corr: 0.7946  MAE: 0.7836  Loss: 0.7592 
2026-09-02 04:28:51,359 - MMSA [INFO] - TEST-(DLF) >>  acc_7: 0.4461  acc_5: 0.5175  acc_2: 0.8491  F1_score: 0.8473  Corr: 0.7782  MAE: 0.7457  Loss: 0.7450 
2026-09-02 04:29:06,896 - MMSA [INFO] - >> Epoch: 47 TRAIN -(DLF) [2/47/1] >> total_loss: 1.938  acc_7: 0.7095  acc_5: 0.7555  acc_2: 0.9448  F1_score: 0.9448  Corr: 0.9634  MAE: 0.3108 
2026-09-02 04:29:07,714 - MMSA [INFO] - VAL-(DLF) >>  acc_7: 0.4498  acc_5: 0.5415  acc_2: 0.8472  F1_score: 0.8469  Corr: 0.8002  MAE: 0.7296  Loss: 0.7192 
2026-09-02 04:29:09,865 - MMSA [INFO] - TEST-(DLF) >>  acc_7: 0.4257  acc_5: 0.4971  acc_2: 0.8171  F1_score: 0.8181  Corr: 0.7700  MAE: 0.8114  Loss: 0.8111 
2026-09-02 04:29:25,851 - MMSA [INFO] - >> Epoch: 48 TRAIN -(DLF) [1/48/1] >> total_loss: 1.9008  acc_7: 0.7040  acc_5: 0.7648  acc_2: 0.9659  F1_score: 0.9659  Corr: 0.9665  MAE: 0.2955 
2026-09-02 04:29:26,747 - MMSA [INFO] - VAL-(DLF) >>  acc_7: 0.4192  acc_5: 0.5240  acc_2: 0.8565  F1_score: 0.8568  Corr: 0.7969  MAE: 0.7452  Loss: 0.7264 
2026-09-02 04:29:28,885 - MMSA [INFO] - TEST-(DLF) >>  acc_7: 0.4490  acc_5: 0.5204  acc_2: 0.8308  F1_score: 0.8304  Corr: 0.7736  MAE: 0.7578  Loss: 0.7572 
2026-09-02 04:29:44,415 - MMSA [INFO] - >> Epoch: 49 TRAIN -(DLF) [2/49/1] >> total_loss: 1.8707  acc_7: 0.7290  acc_5: 0.7874  acc_2: 0.9643  F1_score: 0.9642  Corr: 0.9692  MAE: 0.2806 
2026-09-02 04:29:45,239 - MMSA [INFO] - VAL-(DLF) >>  acc_7: 0.4279  acc_5: 0.5284  acc_2: 0.8611  F1_score: 0.8615  Corr: 0.7963  MAE: 0.7554  Loss: 0.7374 
2026-09-02 04:29:47,464 - MMSA [INFO] - TEST-(DLF) >>  acc_7: 0.4563  acc_5: 0.5321  acc_2: 0.8354  F1_score: 0.8345  Corr: 0.7767  MAE: 0.7513  Loss: 0.7508 
2026-09-02 04:30:03,098 - MMSA [INFO] - >> Epoch: 50 TRAIN -(DLF) [3/50/1] >> total_loss: 1.8856  acc_7: 0.7188  acc_5: 0.7835  acc_2: 0.9683  F1_score: 0.9684  Corr: 0.9672  MAE: 0.2900 
2026-09-02 04:30:03,927 - MMSA [INFO] - VAL-(DLF) >>  acc_7: 0.4367  acc_5: 0.5502  acc_2: 0.8519  F1_score: 0.8519  Corr: 0.8008  MAE: 0.7362  Loss: 0.7284 
2026-09-02 04:30:06,112 - MMSA [INFO] - TEST-(DLF) >>  acc_7: 0.4315  acc_5: 0.5102  acc_2: 0.8201  F1_score: 0.8209  Corr: 0.7745  MAE: 0.7952  Loss: 0.7948 
2026-09-02 04:30:21,705 - MMSA [INFO] - >> Epoch: 51 TRAIN -(DLF) [4/51/1] >> total_loss: 1.887  acc_7: 0.7188  acc_5: 0.7765  acc_2: 0.9610  F1_score: 0.9609  Corr: 0.9685  MAE: 0.2883 
2026-09-02 04:30:22,551 - MMSA [INFO] - VAL-(DLF) >>  acc_7: 0.3974  acc_5: 0.4891  acc_2: 0.8565  F1_score: 0.8570  Corr: 0.7951  MAE: 0.7771  Loss: 0.7571 
2026-09-02 04:30:24,755 - MMSA [INFO] - TEST-(DLF) >>  acc_7: 0.4665  acc_5: 0.5466  acc_2: 0.8445  F1_score: 0.8433  Corr: 0.7737  MAE: 0.7568  Loss: 0.7563 
2026-09-02 04:30:40,452 - MMSA [INFO] - >> Epoch: 52 TRAIN -(DLF) [5/52/1] >> total_loss: 1.8773  acc_7: 0.7087  acc_5: 0.7702  acc_2: 0.9724  F1_score: 0.9724  Corr: 0.9686  MAE: 0.2845 
2026-09-02 04:30:41,267 - MMSA [INFO] - VAL-(DLF) >>  acc_7: 0.4279  acc_5: 0.5328  acc_2: 0.8472  F1_score: 0.8471  Corr: 0.8022  MAE: 0.7280  Loss: 0.7178 
2026-09-02 04:30:43,444 - MMSA [INFO] - TEST-(DLF) >>  acc_7: 0.4344  acc_5: 0.5131  acc_2: 0.8232  F1_score: 0.8237  Corr: 0.7740  MAE: 0.7728  Loss: 0.7723 
2026-09-02 04:30:59,718 - MMSA [INFO] - >> Epoch: 53 TRAIN -(DLF) [1/53/1] >> total_loss: 1.884  acc_7: 0.7204  acc_5: 0.7734  acc_2: 0.9708  F1_score: 0.9707  Corr: 0.9669  MAE: 0.2902 
2026-09-02 04:31:00,613 - MMSA [INFO] - VAL-(DLF) >>  acc_7: 0.4454  acc_5: 0.5371  acc_2: 0.8472  F1_score: 0.8471  Corr: 0.8007  MAE: 0.7330  Loss: 0.7188 
2026-09-02 04:31:02,848 - MMSA [INFO] - TEST-(DLF) >>  acc_7: 0.4417  acc_5: 0.5160  acc_2: 0.8232  F1_score: 0.8234  Corr: 0.7749  MAE: 0.7639  Loss: 0.7633 
2026-09-02 04:31:18,588 - MMSA [INFO] - >> Epoch: 54 TRAIN -(DLF) [2/54/1] >> total_loss: 1.8611  acc_7: 0.7360  acc_5: 0.7960  acc_2: 0.9691  F1_score: 0.9691  Corr: 0.9703  MAE: 0.2761 
2026-09-02 04:31:19,408 - MMSA [INFO] - VAL-(DLF) >>  acc_7: 0.4236  acc_5: 0.5197  acc_2: 0.8565  F1_score: 0.8568  Corr: 0.7971  MAE: 0.7515  Loss: 0.7346 
2026-09-02 04:31:21,752 - MMSA [INFO] - TEST-(DLF) >>  acc_7: 0.4475  acc_5: 0.5204  acc_2: 0.8354  F1_score: 0.8348  Corr: 0.7768  MAE: 0.7556  Loss: 0.7550 
2026-09-02 04:31:37,403 - MMSA [INFO] - >> Epoch: 55 TRAIN -(DLF) [3/55/1] >> total_loss: 1.8281  acc_7: 0.7484  acc_5: 0.8014  acc_2: 0.9724  F1_score: 0.9724  Corr: 0.9732  MAE: 0.2585 
2026-09-02 04:31:38,232 - MMSA [INFO] - VAL-(DLF) >>  acc_7: 0.3974  acc_5: 0.5109  acc_2: 0.8565  F1_score: 0.8568  Corr: 0.7984  MAE: 0.7383  Loss: 0.7255 
2026-09-02 04:31:40,351 - MMSA [INFO] - TEST-(DLF) >>  acc_7: 0.4461  acc_5: 0.5204  acc_2: 0.8232  F1_score: 0.8231  Corr: 0.7768  MAE: 0.7563  Loss: 0.7556 
2026-09-02 04:31:56,086 - MMSA [INFO] - >> Epoch: 56 TRAIN -(DLF) [4/56/1] >> total_loss: 1.8423  acc_7: 0.7625  acc_5: 0.8224  acc_2: 0.9675  F1_score: 0.9675  Corr: 0.9712  MAE: 0.2691 
2026-09-02 04:31:57,005 - MMSA [INFO] - VAL-(DLF) >>  acc_7: 0.4236  acc_5: 0.5328  acc_2: 0.8519  F1_score: 0.8520  Corr: 0.7998  MAE: 0.7378  Loss: 0.7268 
2026-09-02 04:31:59,130 - MMSA [INFO] - TEST-(DLF) >>  acc_7: 0.4329  acc_5: 0.5146  acc_2: 0.8201  F1_score: 0.8206  Corr: 0.7745  MAE: 0.7836  Loss: 0.7831 
2026-09-02 04:32:14,730 - MMSA [INFO] - >> Epoch: 57 TRAIN -(DLF) [5/57/1] >> total_loss: 1.8483  acc_7: 0.7220  acc_5: 0.7858  acc_2: 0.9675  F1_score: 0.9675  Corr: 0.9704  MAE: 0.2760 
2026-09-02 04:32:15,553 - MMSA [INFO] - VAL-(DLF) >>  acc_7: 0.4017  acc_5: 0.4978  acc_2: 0.8565  F1_score: 0.8570  Corr: 0.7975  MAE: 0.7653  Loss: 0.7454 
2026-09-02 04:32:17,691 - MMSA [INFO] - TEST-(DLF) >>  acc_7: 0.4577  acc_5: 0.5277  acc_2: 0.8445  F1_score: 0.8430  Corr: 0.7784  MAE: 0.7450  Loss: 0.7443 
2026-09-02 04:32:33,194 - MMSA [INFO] - >> Epoch: 58 TRAIN -(DLF) [6/58/1] >> total_loss: 1.8301  acc_7: 0.7414  acc_5: 0.7975  acc_2: 0.9675  F1_score: 0.9675  Corr: 0.9722  MAE: 0.2719 
2026-09-02 04:32:34,048 - MMSA [INFO] - VAL-(DLF) >>  acc_7: 0.4192  acc_5: 0.5328  acc_2: 0.8611  F1_score: 0.8613  Corr: 0.8015  MAE: 0.7312  Loss: 0.7201 
2026-09-02 04:32:36,260 - MMSA [INFO] - TEST-(DLF) >>  acc_7: 0.4388  acc_5: 0.5117  acc_2: 0.8262  F1_score: 0.8266  Corr: 0.7789  MAE: 0.7650  Loss: 0.7644 
2026-09-02 04:32:51,843 - MMSA [INFO] - >> Epoch: 59 TRAIN -(DLF) [7/59/1] >> total_loss: 1.8416  acc_7: 0.7259  acc_5: 0.7726  acc_2: 0.9724  F1_score: 0.9724  Corr: 0.9721  MAE: 0.2681 
2026-09-02 04:32:52,657 - MMSA [INFO] - VAL-(DLF) >>  acc_7: 0.3799  acc_5: 0.4978  acc_2: 0.8611  F1_score: 0.8615  Corr: 0.7991  MAE: 0.7478  Loss: 0.7334 
2026-09-02 04:32:54,779 - MMSA [INFO] - TEST-(DLF) >>  acc_7: 0.4519  acc_5: 0.5160  acc_2: 0.8308  F1_score: 0.8302  Corr: 0.7808  MAE: 0.7489  Loss: 0.7483 
2026-09-02 04:33:10,397 - MMSA [INFO] - >> Epoch: 60 TRAIN -(DLF) [8/60/1] >> total_loss: 1.7972  acc_7: 0.7414  acc_5: 0.8037  acc_2: 0.9740  F1_score: 0.9740  Corr: 0.9745  MAE: 0.2545 
2026-09-02 04:33:11,237 - MMSA [INFO] - VAL-(DLF) >>  acc_7: 0.4279  acc_5: 0.5284  acc_2: 0.8565  F1_score: 0.8568  Corr: 0.7990  MAE: 0.7508  Loss: 0.7378 
2026-09-02 04:33:13,593 - MMSA [INFO] - TEST-(DLF) >>  acc_7: 0.4344  acc_5: 0.5073  acc_2: 0.8216  F1_score: 0.8217  Corr: 0.7788  MAE: 0.7701  Loss: 0.7696 
2026-09-02 04:33:29,074 - MMSA [INFO] - >> Epoch: 61 TRAIN -(DLF) [9/61/1] >> total_loss: 1.7854  acc_7: 0.7539  acc_5: 0.8092  acc_2: 0.9748  F1_score: 0.9748  Corr: 0.9749  MAE: 0.2505 
2026-09-02 04:33:29,940 - MMSA [INFO] - VAL-(DLF) >>  acc_7: 0.4061  acc_5: 0.5022  acc_2: 0.8565  F1_score: 0.8568  Corr: 0.7998  MAE: 0.7478  Loss: 0.7350 
2026-09-02 04:33:32,073 - MMSA [INFO] - TEST-(DLF) >>  acc_7: 0.4373  acc_5: 0.5102  acc_2: 0.8293  F1_score: 0.8288  Corr: 0.7800  MAE: 0.7565  Loss: 0.7559 
2026-09-02 04:33:47,524 - MMSA [INFO] - >> Epoch: 62 TRAIN -(DLF) [10/62/1] >> total_loss: 1.7974  acc_7: 0.7484  acc_5: 0.8006  acc_2: 0.9756  F1_score: 0.9757  Corr: 0.9749  MAE: 0.2526 
2026-09-02 04:33:48,401 - MMSA [INFO] - VAL-(DLF) >>  acc_7: 0.3843  acc_5: 0.4847  acc_2: 0.8611  F1_score: 0.8615  Corr: 0.7996  MAE: 0.7495  Loss: 0.7364 
2026-09-02 04:33:50,535 - MMSA [INFO] - TEST-(DLF) >>  acc_7: 0.4446  acc_5: 0.5160  acc_2: 0.8308  F1_score: 0.8303  Corr: 0.7808  MAE: 0.7491  Loss: 0.7485 
2026-09-02 04:33:53,051 - MMSA [INFO] - TEST-(DLF) >>  acc_7: 0.4344  acc_5: 0.5131  acc_2: 0.8232  F1_score: 0.8237  Corr: 0.7740  MAE: 0.7728  Loss: 0.7723 
2026-09-02 04:33:54,237 - MMSA [INFO] - Results saved to result/normal/mosi_serial_ccdr_cf-route.csv.
2026-09-02 04:45:50,979 - MMSA [INFO] - Using device: cuda:0
2026-09-02 04:45:50,979 - MMSA [INFO] - Architecture: serial_ccdr, use_ccdr=True
2026-09-02 04:45:51,120 - MMSA [INFO] - train samples: (1284,)
2026-09-02 04:45:51,259 - MMSA [INFO] - valid samples: (229,)
2026-09-02 04:45:51,395 - MMSA [INFO] - test samples: (686,)
2026-09-02 04:45:54,386 - MMSA [INFO] - Optimizer: AdamW, bert_lr=2e-05, other_lr=0.0001, weight_decay=0.005
2026-09-02 04:46:08,890 - MMSA [INFO] - >> Epoch: 1 TRAIN -(DLF) [1/1/1] >> total_loss: 4.944 cf_weight: 0.0  acc_7: 0.1955  acc_5: 0.1955  acc_2: 0.5833  F1_score: 0.5393  Corr: 0.2042  MAE: 1.2951 
2026-09-02 04:46:09,665 - MMSA [INFO] - VAL-(DLF) >>  acc_7: 0.2358  acc_5: 0.2358  acc_2: 0.6157  F1_score: 0.5423  Corr: 0.4054  MAE: 1.3167  Loss: 1.3501 
2026-09-02 04:46:11,823 - MMSA [INFO] - TEST-(DLF) >>  acc_7: 0.1851  acc_5: 0.1851  acc_2: 0.5198  F1_score: 0.4542  Corr: 0.4390  MAE: 1.3825  Loss: 1.3815 
2026-09-02 04:46:26,153 - MMSA [INFO] - >> Epoch: 2 TRAIN -(DLF) [1/2/1] >> total_loss: 4.6163 cf_weight: 0.0  acc_7: 0.2181  acc_5: 0.2181  acc_2: 0.6344  F1_score: 0.5766  Corr: 0.4782  MAE: 1.1996 
2026-09-02 04:46:26,944 - MMSA [INFO] - VAL-(DLF) >>  acc_7: 0.2576  acc_5: 0.2576  acc_2: 0.7685  F1_score: 0.7645  Corr: 0.5515  MAE: 1.1797  Loss: 1.2047 
2026-09-02 04:46:29,036 - MMSA [INFO] - TEST-(DLF) >>  acc_7: 0.2172  acc_5: 0.2172  acc_2: 0.7027  F1_score: 0.7039  Corr: 0.5419  MAE: 1.2085  Loss: 1.2072 
2026-09-02 04:46:43,603 - MMSA [INFO] - >> Epoch: 3 TRAIN -(DLF) [1/3/1] >> total_loss: 4.1513 cf_weight: 0.0  acc_7: 0.2734  acc_5: 0.2749  acc_2: 0.7717  F1_score: 0.7695  Corr: 0.6587  MAE: 0.9891 
2026-09-02 04:46:44,380 - MMSA [INFO] - VAL-(DLF) >>  acc_7: 0.3013  acc_5: 0.3668  acc_2: 0.8380  F1_score: 0.8383  Corr: 0.6950  MAE: 0.9477  Loss: 0.9536 
2026-09-02 04:46:46,478 - MMSA [INFO] - TEST-(DLF) >>  acc_7: 0.3192  acc_5: 0.3367  acc_2: 0.8293  F1_score: 0.8291  Corr: 0.6861  MAE: 0.9821  Loss: 0.9809 
2026-09-02 04:47:01,076 - MMSA [INFO] - >> Epoch: 4 TRAIN -(DLF) [1/4/1] >> total_loss: 3.7146 cf_weight: 0.0  acc_7: 0.3777  acc_5: 0.3972  acc_2: 0.8400  F1_score: 0.8403  Corr: 0.7472  MAE: 0.7907 
2026-09-02 04:47:01,936 - MMSA [INFO] - VAL-(DLF) >>  acc_7: 0.2882  acc_5: 0.3537  acc_2: 0.7963  F1_score: 0.7968  Corr: 0.7054  MAE: 0.9679  Loss: 0.9529 
2026-09-02 04:47:04,006 - MMSA [INFO] - TEST-(DLF) >>  acc_7: 0.3484  acc_5: 0.3659  acc_2: 0.8232  F1_score: 0.8167  Corr: 0.7102  MAE: 0.8737  Loss: 0.8725 
2026-09-02 04:47:20,040 - MMSA [INFO] - >> Epoch: 5 TRAIN -(DLF) [1/5/1] >> total_loss: 3.5743 cf_weight: 0.003  acc_7: 0.3995  acc_5: 0.4198  acc_2: 0.8432  F1_score: 0.8436  Corr: 0.7637  MAE: 0.7538 
2026-09-02 04:47:20,872 - MMSA [INFO] - VAL-(DLF) >>  acc_7: 0.3362  acc_5: 0.4192  acc_2: 0.8380  F1_score: 0.8358  Corr: 0.7202  MAE: 0.9254  Loss: 0.9186 
2026-09-02 04:47:22,923 - MMSA [INFO] - TEST-(DLF) >>  acc_7: 0.3032  acc_5: 0.3309  acc_2: 0.7912  F1_score: 0.7919  Corr: 0.7238  MAE: 1.0555  Loss: 1.0549 
2026-09-02 04:47:38,878 - MMSA [INFO] - >> Epoch: 6 TRAIN -(DLF) [1/6/1] >> total_loss: 3.3587 cf_weight: 0.006  acc_7: 0.4354  acc_5: 0.4673  acc_2: 0.8790  F1_score: 0.8792  Corr: 0.8148  MAE: 0.6770 
2026-09-02 04:47:39,697 - MMSA [INFO] - VAL-(DLF) >>  acc_7: 0.3231  acc_5: 0.3974  acc_2: 0.8611  F1_score: 0.8618  Corr: 0.7387  MAE: 0.8629  Loss: 0.8462 
2026-09-02 04:47:41,737 - MMSA [INFO] - TEST-(DLF) >>  acc_7: 0.3542  acc_5: 0.3819  acc_2: 0.8399  F1_score: 0.8388  Corr: 0.7486  MAE: 0.8449  Loss: 0.8440 
2026-09-02 04:47:57,672 - MMSA [INFO] - >> Epoch: 7 TRAIN -(DLF) [1/7/1] >> total_loss: 3.1619 cf_weight: 0.009  acc_7: 0.4712  acc_5: 0.5047  acc_2: 0.9058  F1_score: 0.9059  Corr: 0.8513  MAE: 0.6132 
2026-09-02 04:47:58,525 - MMSA [INFO] - VAL-(DLF) >>  acc_7: 0.3144  acc_5: 0.3930  acc_2: 0.8472  F1_score: 0.8480  Corr: 0.7398  MAE: 0.8669  Loss: 0.8482 
2026-09-02 04:48:00,612 - MMSA [INFO] - TEST-(DLF) >>  acc_7: 0.3732  acc_5: 0.4155  acc_2: 0.8384  F1_score: 0.8367  Corr: 0.7454  MAE: 0.8400  Loss: 0.8392 
2026-09-02 04:48:16,223 - MMSA [INFO] - >> Epoch: 8 TRAIN -(DLF) [2/8/1] >> total_loss: 3.0229 cf_weight: 0.012  acc_7: 0.4953  acc_5: 0.5257  acc_2: 0.9058  F1_score: 0.9060  Corr: 0.8636  MAE: 0.5802 
2026-09-02 04:48:17,017 - MMSA [INFO] - VAL-(DLF) >>  acc_7: 0.3624  acc_5: 0.4454  acc_2: 0.8565  F1_score: 0.8546  Corr: 0.7646  MAE: 0.8566  Loss: 0.8498 
2026-09-02 04:48:19,129 - MMSA [INFO] - TEST-(DLF) >>  acc_7: 0.3338  acc_5: 0.3776  acc_2: 0.7896  F1_score: 0.7902  Corr: 0.7431  MAE: 0.9997  Loss: 0.9994 
2026-09-02 04:48:34,571 - MMSA [INFO] - >> Epoch: 9 TRAIN -(DLF) [3/9/1] >> total_loss: 2.9585 cf_weight: 0.015  acc_7: 0.4829  acc_5: 0.5226  acc_2: 0.9171  F1_score: 0.9172  Corr: 0.8681  MAE: 0.5855 
2026-09-02 04:48:35,372 - MMSA [INFO] - VAL-(DLF) >>  acc_7: 0.3668  acc_5: 0.4672  acc_2: 0.8565  F1_score: 0.8566  Corr: 0.7617  MAE: 0.8342  Loss: 0.8133 
2026-09-02 04:48:37,473 - MMSA [INFO] - TEST-(DLF) >>  acc_7: 0.3950  acc_5: 0.4738  acc_2: 0.8293  F1_score: 0.8292  Corr: 0.7489  MAE: 0.8419  Loss: 0.8411 
2026-09-02 04:48:53,487 - MMSA [INFO] - >> Epoch: 10 TRAIN -(DLF) [1/10/1] >> total_loss: 2.8286 cf_weight: 0.018  acc_7: 0.5156  acc_5: 0.5530  acc_2: 0.9277  F1_score: 0.9275  Corr: 0.8868  MAE: 0.5341 
2026-09-02 04:48:54,329 - MMSA [INFO] - VAL-(DLF) >>  acc_7: 0.3231  acc_5: 0.4236  acc_2: 0.8287  F1_score: 0.8296  Corr: 0.7427  MAE: 0.9499  Loss: 0.9252 
2026-09-02 04:48:56,458 - MMSA [INFO] - TEST-(DLF) >>  acc_7: 0.4023  acc_5: 0.4781  acc_2: 0.8399  F1_score: 0.8342  Corr: 0.7489  MAE: 0.8198  Loss: 0.8188 
2026-09-02 04:49:12,014 - MMSA [INFO] - >> Epoch: 11 TRAIN -(DLF) [2/11/1] >> total_loss: 2.9279 cf_weight: 0.021  acc_7: 0.4322  acc_5: 0.4712  acc_2: 0.8976  F1_score: 0.8979  Corr: 0.8680  MAE: 0.6137 
2026-09-02 04:49:12,827 - MMSA [INFO] - VAL-(DLF) >>  acc_7: 0.3974  acc_5: 0.5066  acc_2: 0.8519  F1_score: 0.8505  Corr: 0.7736  MAE: 0.8255  Loss: 0.8168 
2026-09-02 04:49:14,893 - MMSA [INFO] - TEST-(DLF) >>  acc_7: 0.3673  acc_5: 0.4344  acc_2: 0.8034  F1_score: 0.8044  Corr: 0.7463  MAE: 0.9297  Loss: 0.9296 
2026-09-02 04:49:30,236 - MMSA [INFO] - >> Epoch: 12 TRAIN -(DLF) [3/12/1] >> total_loss: 2.7341 cf_weight: 0.024  acc_7: 0.5132  acc_5: 0.5522  acc_2: 0.9180  F1_score: 0.9181  Corr: 0.8937  MAE: 0.5305 
2026-09-02 04:49:31,038 - MMSA [INFO] - VAL-(DLF) >>  acc_7: 0.4323  acc_5: 0.5459  acc_2: 0.8380  F1_score: 0.8363  Corr: 0.7671  MAE: 0.8041  Loss: 0.7942 
2026-09-02 04:49:33,074 - MMSA [INFO] - TEST-(DLF) >>  acc_7: 0.3776  acc_5: 0.4446  acc_2: 0.8049  F1_score: 0.8060  Corr: 0.7527  MAE: 0.9029  Loss: 0.9026 
2026-09-02 04:49:49,167 - MMSA [INFO] - >> Epoch: 13 TRAIN -(DLF) [1/13/1] >> total_loss: 2.7108 cf_weight: 0.027  acc_7: 0.5257  acc_5: 0.5646  acc_2: 0.9171  F1_score: 0.9169  Corr: 0.8991  MAE: 0.5235 
2026-09-02 04:49:49,956 - MMSA [INFO] - VAL-(DLF) >>  acc_7: 0.3493  acc_5: 0.4585  acc_2: 0.8426  F1_score: 0.8434  Corr: 0.7699  MAE: 0.8152  Loss: 0.7990 
2026-09-02 04:49:52,011 - MMSA [INFO] - TEST-(DLF) >>  acc_7: 0.4359  acc_5: 0.5044  acc_2: 0.8415  F1_score: 0.8387  Corr: 0.7702  MAE: 0.7618  Loss: 0.7611 
2026-09-02 04:50:07,648 - MMSA [INFO] - >> Epoch: 14 TRAIN -(DLF) [2/14/1] >> total_loss: 2.5966 cf_weight: 0.03  acc_7: 0.5553  acc_5: 0.5974  acc_2: 0.9277  F1_score: 0.9278  Corr: 0.9085  MAE: 0.4836 
2026-09-02 04:50:08,464 - MMSA [INFO] - VAL-(DLF) >>  acc_7: 0.4061  acc_5: 0.5153  acc_2: 0.8704  F1_score: 0.8707  Corr: 0.7774  MAE: 0.7843  Loss: 0.7735 
2026-09-02 04:50:10,523 - MMSA [INFO] - TEST-(DLF) >>  acc_7: 0.4096  acc_5: 0.4854  acc_2: 0.8216  F1_score: 0.8221  Corr: 0.7687  MAE: 0.8086  Loss: 0.8084 
2026-09-02 04:50:26,602 - MMSA [INFO] - >> Epoch: 15 TRAIN -(DLF) [1/15/1] >> total_loss: 2.4887 cf_weight: 0.03  acc_7: 0.5942  acc_5: 0.6441  acc_2: 0.9423  F1_score: 0.9424  Corr: 0.9217  MAE: 0.4424 
2026-09-02 04:50:27,497 - MMSA [INFO] - VAL-(DLF) >>  acc_7: 0.4367  acc_5: 0.5459  acc_2: 0.8426  F1_score: 0.8421  Corr: 0.7796  MAE: 0.7775  Loss: 0.7704 
2026-09-02 04:50:29,587 - MMSA [INFO] - TEST-(DLF) >>  acc_7: 0.3950  acc_5: 0.4694  acc_2: 0.8140  F1_score: 0.8151  Corr: 0.7578  MAE: 0.8488  Loss: 0.8489 
2026-09-02 04:50:45,660 - MMSA [INFO] - >> Epoch: 16 TRAIN -(DLF) [1/16/1] >> total_loss: 2.4467 cf_weight: 0.03  acc_7: 0.6083  acc_5: 0.6604  acc_2: 0.9342  F1_score: 0.9342  Corr: 0.9233  MAE: 0.4391 
2026-09-02 04:50:46,481 - MMSA [INFO] - VAL-(DLF) >>  acc_7: 0.3843  acc_5: 0.4891  acc_2: 0.8472  F1_score: 0.8480  Corr: 0.7773  MAE: 0.8014  Loss: 0.7843 
2026-09-02 04:50:48,553 - MMSA [INFO] - TEST-(DLF) >>  acc_7: 0.4388  acc_5: 0.5219  acc_2: 0.8262  F1_score: 0.8246  Corr: 0.7710  MAE: 0.7618  Loss: 0.7611 
2026-09-02 04:51:04,042 - MMSA [INFO] - >> Epoch: 17 TRAIN -(DLF) [2/17/1] >> total_loss: 2.3535 cf_weight: 0.03  acc_7: 0.6355  acc_5: 0.6838  acc_2: 0.9456  F1_score: 0.9456  Corr: 0.9294  MAE: 0.4119 
2026-09-02 04:51:04,857 - MMSA [INFO] - VAL-(DLF) >>  acc_7: 0.3886  acc_5: 0.4978  acc_2: 0.8565  F1_score: 0.8572  Corr: 0.7787  MAE: 0.8029  Loss: 0.7843 
2026-09-02 04:51:07,009 - MMSA [INFO] - TEST-(DLF) >>  acc_7: 0.4417  acc_5: 0.5233  acc_2: 0.8323  F1_score: 0.8311  Corr: 0.7724  MAE: 0.7643  Loss: 0.7637 
2026-09-02 04:51:22,543 - MMSA [INFO] - >> Epoch: 18 TRAIN -(DLF) [3/18/1] >> total_loss: 2.3226 cf_weight: 0.03  acc_7: 0.6207  acc_5: 0.6760  acc_2: 0.9383  F1_score: 0.9384  Corr: 0.9327  MAE: 0.4135 
2026-09-02 04:51:23,388 - MMSA [INFO] - VAL-(DLF) >>  acc_7: 0.4410  acc_5: 0.5459  acc_2: 0.8519  F1_score: 0.8511  Corr: 0.7888  MAE: 0.7602  Loss: 0.7537 
2026-09-02 04:51:25,516 - MMSA [INFO] - TEST-(DLF) >>  acc_7: 0.4009  acc_5: 0.4752  acc_2: 0.8171  F1_score: 0.8182  Corr: 0.7627  MAE: 0.8336  Loss: 0.8333 
2026-09-02 04:51:41,560 - MMSA [INFO] - >> Epoch: 19 TRAIN -(DLF) [1/19/1] >> total_loss: 2.2705 cf_weight: 0.03  acc_7: 0.6262  acc_5: 0.6760  acc_2: 0.9456  F1_score: 0.9456  Corr: 0.9351  MAE: 0.3932 
2026-09-02 04:51:42,402 - MMSA [INFO] - VAL-(DLF) >>  acc_7: 0.4192  acc_5: 0.5284  acc_2: 0.8750  F1_score: 0.8751  Corr: 0.7883  MAE: 0.7636  Loss: 0.7486 
2026-09-02 04:51:44,505 - MMSA [INFO] - TEST-(DLF) >>  acc_7: 0.4344  acc_5: 0.5131  acc_2: 0.8186  F1_score: 0.8193  Corr: 0.7651  MAE: 0.7964  Loss: 0.7960 
2026-09-02 04:52:00,468 - MMSA [INFO] - >> Epoch: 20 TRAIN -(DLF) [1/20/1] >> total_loss: 2.2285 cf_weight: 0.03  acc_7: 0.6371  acc_5: 0.6924  acc_2: 0.9586  F1_score: 0.9586  Corr: 0.9415  MAE: 0.3767 
2026-09-02 04:52:01,316 - MMSA [INFO] - VAL-(DLF) >>  acc_7: 0.4017  acc_5: 0.5109  acc_2: 0.8657  F1_score: 0.8663  Corr: 0.7885  MAE: 0.7775  Loss: 0.7609 
2026-09-02 04:52:03,482 - MMSA [INFO] - TEST-(DLF) >>  acc_7: 0.4461  acc_5: 0.5262  acc_2: 0.8308  F1_score: 0.8304  Corr: 0.7676  MAE: 0.7652  Loss: 0.7645 
2026-09-02 04:52:18,968 - MMSA [INFO] - >> Epoch: 21 TRAIN -(DLF) [2/21/1] >> total_loss: 2.189 cf_weight: 0.03  acc_7: 0.6433  acc_5: 0.6994  acc_2: 0.9553  F1_score: 0.9553  Corr: 0.9445  MAE: 0.3749 
2026-09-02 04:52:19,780 - MMSA [INFO] - VAL-(DLF) >>  acc_7: 0.3974  acc_5: 0.5022  acc_2: 0.8565  F1_score: 0.8571  Corr: 0.7860  MAE: 0.7640  Loss: 0.7520 
2026-09-02 04:52:21,823 - MMSA [INFO] - TEST-(DLF) >>  acc_7: 0.4388  acc_5: 0.5117  acc_2: 0.8232  F1_score: 0.8229  Corr: 0.7657  MAE: 0.7707  Loss: 0.7700 
2026-09-02 04:52:37,451 - MMSA [INFO] - >> Epoch: 22 TRAIN -(DLF) [3/22/1] >> total_loss: 2.1657 cf_weight: 0.03  acc_7: 0.6472  acc_5: 0.7009  acc_2: 0.9553  F1_score: 0.9553  Corr: 0.9478  MAE: 0.3636 
2026-09-02 04:52:38,318 - MMSA [INFO] - VAL-(DLF) >>  acc_7: 0.4017  acc_5: 0.5197  acc_2: 0.8565  F1_score: 0.8571  Corr: 0.7865  MAE: 0.7783  Loss: 0.7597 
2026-09-02 04:52:40,610 - MMSA [INFO] - TEST-(DLF) >>  acc_7: 0.4548  acc_5: 0.5306  acc_2: 0.8277  F1_score: 0.8270  Corr: 0.7663  MAE: 0.7705  Loss: 0.7698 
2026-09-02 04:52:56,225 - MMSA [INFO] - >> Epoch: 23 TRAIN -(DLF) [4/23/1] >> total_loss: 2.129 cf_weight: 0.03  acc_7: 0.6690  acc_5: 0.7282  acc_2: 0.9521  F1_score: 0.9521  Corr: 0.9499  MAE: 0.3454 
2026-09-02 04:52:57,057 - MMSA [INFO] - VAL-(DLF) >>  acc_7: 0.4279  acc_5: 0.5328  acc_2: 0.8472  F1_score: 0.8477  Corr: 0.7938  MAE: 0.7481  Loss: 0.7355 
2026-09-02 04:52:59,153 - MMSA [INFO] - TEST-(DLF) >>  acc_7: 0.4650  acc_5: 0.5394  acc_2: 0.8201  F1_score: 0.8207  Corr: 0.7677  MAE: 0.7687  Loss: 0.7679 
2026-09-02 04:53:15,302 - MMSA [INFO] - >> Epoch: 24 TRAIN -(DLF) [1/24/1] >> total_loss: 2.0764 cf_weight: 0.03  acc_7: 0.6752  acc_5: 0.7305  acc_2: 0.9569  F1_score: 0.9569  Corr: 0.9518  MAE: 0.3414 
2026-09-02 04:53:16,095 - MMSA [INFO] - VAL-(DLF) >>  acc_7: 0.4148  acc_5: 0.5284  acc_2: 0.8611  F1_score: 0.8617  Corr: 0.7906  MAE: 0.7598  Loss: 0.7462 
2026-09-02 04:53:18,159 - MMSA [INFO] - TEST-(DLF) >>  acc_7: 0.4636  acc_5: 0.5408  acc_2: 0.8232  F1_score: 0.8235  Corr: 0.7699  MAE: 0.7609  Loss: 0.7602 
2026-09-02 04:53:33,671 - MMSA [INFO] - >> Epoch: 25 TRAIN -(DLF) [2/25/1] >> total_loss: 2.0787 cf_weight: 0.03  acc_7: 0.6667  acc_5: 0.7235  acc_2: 0.9545  F1_score: 0.9546  Corr: 0.9502  MAE: 0.3485 
2026-09-02 04:53:34,549 - MMSA [INFO] - VAL-(DLF) >>  acc_7: 0.4105  acc_5: 0.5240  acc_2: 0.8565  F1_score: 0.8568  Corr: 0.7863  MAE: 0.7690  Loss: 0.7597 
2026-09-02 04:53:36,692 - MMSA [INFO] - TEST-(DLF) >>  acc_7: 0.4198  acc_5: 0.4927  acc_2: 0.8201  F1_score: 0.8209  Corr: 0.7682  MAE: 0.8055  Loss: 0.8051 
2026-09-02 04:53:52,488 - MMSA [INFO] - >> Epoch: 26 TRAIN -(DLF) [3/26/1] >> total_loss: 2.0985 cf_weight: 0.03  acc_7: 0.6737  acc_5: 0.7305  acc_2: 0.9513  F1_score: 0.9513  Corr: 0.9490  MAE: 0.3558 
2026-09-02 04:53:53,304 - MMSA [INFO] - VAL-(DLF) >>  acc_7: 0.4105  acc_5: 0.5197  acc_2: 0.8565  F1_score: 0.8559  Corr: 0.7860  MAE: 0.7618  Loss: 0.7554 
2026-09-02 04:53:55,430 - MMSA [INFO] - TEST-(DLF) >>  acc_7: 0.4286  acc_5: 0.4971  acc_2: 0.8186  F1_score: 0.8196  Corr: 0.7677  MAE: 0.8102  Loss: 0.8098 
2026-09-02 04:54:11,061 - MMSA [INFO] - >> Epoch: 27 TRAIN -(DLF) [4/27/1] >> total_loss: 2.1206 cf_weight: 0.03  acc_7: 0.6340  acc_5: 0.6924  acc_2: 0.9399  F1_score: 0.9398  Corr: 0.9472  MAE: 0.3762 
2026-09-02 04:54:11,878 - MMSA [INFO] - VAL-(DLF) >>  acc_7: 0.3755  acc_5: 0.4891  acc_2: 0.8657  F1_score: 0.8663  Corr: 0.7853  MAE: 0.7904  Loss: 0.7697 
2026-09-02 04:54:13,913 - MMSA [INFO] - TEST-(DLF) >>  acc_7: 0.4723  acc_5: 0.5539  acc_2: 0.8338  F1_score: 0.8326  Corr: 0.7743  MAE: 0.7396  Loss: 0.7387 
2026-09-02 04:54:29,583 - MMSA [INFO] - >> Epoch: 28 TRAIN -(DLF) [5/28/1] >> total_loss: 2.0632 cf_weight: 0.03  acc_7: 0.6659  acc_5: 0.7227  acc_2: 0.9488  F1_score: 0.9487  Corr: 0.9518  MAE: 0.3506 
2026-09-02 04:54:30,386 - MMSA [INFO] - VAL-(DLF) >>  acc_7: 0.4236  acc_5: 0.5240  acc_2: 0.8611  F1_score: 0.8615  Corr: 0.7898  MAE: 0.7696  Loss: 0.7500 
2026-09-02 04:54:32,417 - MMSA [INFO] - TEST-(DLF) >>  acc_7: 0.4592  acc_5: 0.5394  acc_2: 0.8262  F1_score: 0.8260  Corr: 0.7774  MAE: 0.7507  Loss: 0.7501 
2026-09-02 04:54:48,076 - MMSA [INFO] - >> Epoch: 29 TRAIN -(DLF) [6/29/1] >> total_loss: 1.98 cf_weight: 0.03  acc_7: 0.7072  acc_5: 0.7586  acc_2: 0.9561  F1_score: 0.9561  Corr: 0.9578  MAE: 0.3225 
2026-09-02 04:54:48,946 - MMSA [INFO] - VAL-(DLF) >>  acc_7: 0.4410  acc_5: 0.5415  acc_2: 0.8519  F1_score: 0.8516  Corr: 0.7900  MAE: 0.7427  Loss: 0.7242 
2026-09-02 04:54:51,055 - MMSA [INFO] - TEST-(DLF) >>  acc_7: 0.4504  acc_5: 0.5204  acc_2: 0.8232  F1_score: 0.8240  Corr: 0.7746  MAE: 0.7698  Loss: 0.7692 
2026-09-02 04:55:07,522 - MMSA [INFO] - >> Epoch: 30 TRAIN -(DLF) [1/30/1] >> total_loss: 1.9785 cf_weight: 0.03  acc_7: 0.7048  acc_5: 0.7586  acc_2: 0.9634  F1_score: 0.9634  Corr: 0.9587  MAE: 0.3196 
2026-09-02 04:55:08,359 - MMSA [INFO] - VAL-(DLF) >>  acc_7: 0.4017  acc_5: 0.5109  acc_2: 0.8657  F1_score: 0.8660  Corr: 0.7885  MAE: 0.7600  Loss: 0.7375 
2026-09-02 04:55:10,516 - MMSA [INFO] - TEST-(DLF) >>  acc_7: 0.4650  acc_5: 0.5408  acc_2: 0.8293  F1_score: 0.8296  Corr: 0.7791  MAE: 0.7441  Loss: 0.7434 
2026-09-02 04:55:26,202 - MMSA [INFO] - >> Epoch: 31 TRAIN -(DLF) [2/31/1] >> total_loss: 1.9566 cf_weight: 0.03  acc_7: 0.6893  acc_5: 0.7391  acc_2: 0.9602  F1_score: 0.9602  Corr: 0.9596  MAE: 0.3211 
2026-09-02 04:55:27,024 - MMSA [INFO] - VAL-(DLF) >>  acc_7: 0.4017  acc_5: 0.5109  acc_2: 0.8611  F1_score: 0.8611  Corr: 0.7925  MAE: 0.7289  Loss: 0.7131 
2026-09-02 04:55:29,184 - MMSA [INFO] - TEST-(DLF) >>  acc_7: 0.4563  acc_5: 0.5248  acc_2: 0.8293  F1_score: 0.8301  Corr: 0.7767  MAE: 0.7508  Loss: 0.7500 
2026-09-02 04:55:45,439 - MMSA [INFO] - >> Epoch: 32 TRAIN -(DLF) [1/32/1] >> total_loss: 2.0416 cf_weight: 0.03  acc_7: 0.6456  acc_5: 0.7002  acc_2: 0.9569  F1_score: 0.9570  Corr: 0.9554  MAE: 0.3670 
2026-09-02 04:55:46,253 - MMSA [INFO] - VAL-(DLF) >>  acc_7: 0.4279  acc_5: 0.5328  acc_2: 0.8472  F1_score: 0.8443  Corr: 0.7918  MAE: 0.7561  Loss: 0.7477 
2026-09-02 04:55:48,374 - MMSA [INFO] - TEST-(DLF) >>  acc_7: 0.3863  acc_5: 0.4621  acc_2: 0.8095  F1_score: 0.8103  Corr: 0.7642  MAE: 0.8652  Loss: 0.8647 
2026-09-02 04:56:04,064 - MMSA [INFO] - >> Epoch: 33 TRAIN -(DLF) [2/33/1] >> total_loss: 2.0067 cf_weight: 0.03  acc_7: 0.6589  acc_5: 0.7212  acc_2: 0.9545  F1_score: 0.9545  Corr: 0.9533  MAE: 0.3452 
2026-09-02 04:56:04,855 - MMSA [INFO] - VAL-(DLF) >>  acc_7: 0.4323  acc_5: 0.5415  acc_2: 0.8565  F1_score: 0.8566  Corr: 0.7886  MAE: 0.7436  Loss: 0.7331 
2026-09-02 04:56:07,024 - MMSA [INFO] - TEST-(DLF) >>  acc_7: 0.4563  acc_5: 0.5248  acc_2: 0.8247  F1_score: 0.8256  Corr: 0.7689  MAE: 0.7826  Loss: 0.7819 
2026-09-02 04:56:22,864 - MMSA [INFO] - >> Epoch: 34 TRAIN -(DLF) [3/34/1] >> total_loss: 2.0009 cf_weight: 0.03  acc_7: 0.6791  acc_5: 0.7438  acc_2: 0.9448  F1_score: 0.9447  Corr: 0.9549  MAE: 0.3434 
2026-09-02 04:56:23,755 - MMSA [INFO] - VAL-(DLF) >>  acc_7: 0.3886  acc_5: 0.4934  acc_2: 0.8565  F1_score: 0.8572  Corr: 0.7881  MAE: 0.7723  Loss: 0.7543 
2026-09-02 04:56:25,855 - MMSA [INFO] - TEST-(DLF) >>  acc_7: 0.4650  acc_5: 0.5379  acc_2: 0.8338  F1_score: 0.8330  Corr: 0.7717  MAE: 0.7542  Loss: 0.7536 
2026-09-02 04:56:41,545 - MMSA [INFO] - >> Epoch: 35 TRAIN -(DLF) [4/35/1] >> total_loss: 1.9669 cf_weight: 0.03  acc_7: 0.6628  acc_5: 0.7259  acc_2: 0.9545  F1_score: 0.9545  Corr: 0.9563  MAE: 0.3295 
2026-09-02 04:56:42,350 - MMSA [INFO] - VAL-(DLF) >>  acc_7: 0.4192  acc_5: 0.5240  acc_2: 0.8426  F1_score: 0.8431  Corr: 0.7917  MAE: 0.7493  Loss: 0.7323 
2026-09-02 04:56:44,448 - MMSA [INFO] - TEST-(DLF) >>  acc_7: 0.4548  acc_5: 0.5335  acc_2: 0.8354  F1_score: 0.8352  Corr: 0.7806  MAE: 0.7451  Loss: 0.7446 
2026-09-02 04:57:00,122 - MMSA [INFO] - >> Epoch: 36 TRAIN -(DLF) [5/36/1] >> total_loss: 1.9518 cf_weight: 0.03  acc_7: 0.6838  acc_5: 0.7453  acc_2: 0.9586  F1_score: 0.9586  Corr: 0.9602  MAE: 0.3206 
2026-09-02 04:57:01,000 - MMSA [INFO] - VAL-(DLF) >>  acc_7: 0.4454  acc_5: 0.5371  acc_2: 0.8611  F1_score: 0.8607  Corr: 0.7928  MAE: 0.7324  Loss: 0.7257 
2026-09-02 04:57:03,213 - MMSA [INFO] - TEST-(DLF) >>  acc_7: 0.4009  acc_5: 0.4708  acc_2: 0.8262  F1_score: 0.8273  Corr: 0.7837  MAE: 0.7827  Loss: 0.7822 
2026-09-02 04:57:18,902 - MMSA [INFO] - >> Epoch: 37 TRAIN -(DLF) [6/37/1] >> total_loss: 1.8925 cf_weight: 0.03  acc_7: 0.7227  acc_5: 0.7757  acc_2: 0.9569  F1_score: 0.9569  Corr: 0.9648  MAE: 0.2904 
2026-09-02 04:57:19,691 - MMSA [INFO] - VAL-(DLF) >>  acc_7: 0.4279  acc_5: 0.5328  acc_2: 0.8472  F1_score: 0.8479  Corr: 0.7875  MAE: 0.7556  Loss: 0.7371 
2026-09-02 04:57:21,745 - MMSA [INFO] - TEST-(DLF) >>  acc_7: 0.4636  acc_5: 0.5408  acc_2: 0.8399  F1_score: 0.8393  Corr: 0.7852  MAE: 0.7308  Loss: 0.7303 
2026-09-02 04:57:37,410 - MMSA [INFO] - >> Epoch: 38 TRAIN -(DLF) [7/38/1] >> total_loss: 1.8925 cf_weight: 0.03  acc_7: 0.7134  acc_5: 0.7734  acc_2: 0.9634  F1_score: 0.9635  Corr: 0.9633  MAE: 0.2993 
2026-09-02 04:57:38,211 - MMSA [INFO] - VAL-(DLF) >>  acc_7: 0.4454  acc_5: 0.5459  acc_2: 0.8611  F1_score: 0.8611  Corr: 0.7891  MAE: 0.7323  Loss: 0.7185 
2026-09-02 04:57:40,473 - MMSA [INFO] - TEST-(DLF) >>  acc_7: 0.4563  acc_5: 0.5277  acc_2: 0.8308  F1_score: 0.8314  Corr: 0.7847  MAE: 0.7474  Loss: 0.7469 
2026-09-02 04:57:56,182 - MMSA [INFO] - >> Epoch: 39 TRAIN -(DLF) [8/39/1] >> total_loss: 1.8832 cf_weight: 0.03  acc_7: 0.7165  acc_5: 0.7749  acc_2: 0.9594  F1_score: 0.9594  Corr: 0.9630  MAE: 0.3016 
2026-09-02 04:57:56,986 - MMSA [INFO] - VAL-(DLF) >>  acc_7: 0.4410  acc_5: 0.5459  acc_2: 0.8565  F1_score: 0.8568  Corr: 0.7894  MAE: 0.7446  Loss: 0.7279 
2026-09-02 04:57:59,180 - MMSA [INFO] - TEST-(DLF) >>  acc_7: 0.4519  acc_5: 0.5335  acc_2: 0.8323  F1_score: 0.8326  Corr: 0.7852  MAE: 0.7448  Loss: 0.7443 
2026-09-02 04:58:14,881 - MMSA [INFO] - >> Epoch: 40 TRAIN -(DLF) [9/40/1] >> total_loss: 1.8762 cf_weight: 0.03  acc_7: 0.7227  acc_5: 0.7819  acc_2: 0.9651  F1_score: 0.9651  Corr: 0.9659  MAE: 0.2903 
2026-09-02 04:58:15,738 - MMSA [INFO] - VAL-(DLF) >>  acc_7: 0.4279  acc_5: 0.5284  acc_2: 0.8565  F1_score: 0.8566  Corr: 0.7919  MAE: 0.7370  Loss: 0.7205 
2026-09-02 04:58:17,815 - MMSA [INFO] - TEST-(DLF) >>  acc_7: 0.4548  acc_5: 0.5350  acc_2: 0.8293  F1_score: 0.8297  Corr: 0.7856  MAE: 0.7439  Loss: 0.7434 
2026-09-02 04:58:33,395 - MMSA [INFO] - >> Epoch: 41 TRAIN -(DLF) [10/41/1] >> total_loss: 1.8394 cf_weight: 0.03  acc_7: 0.7399  acc_5: 0.7998  acc_2: 0.9740  F1_score: 0.9740  Corr: 0.9678  MAE: 0.2763 
2026-09-02 04:58:34,199 - MMSA [INFO] - VAL-(DLF) >>  acc_7: 0.4323  acc_5: 0.5328  acc_2: 0.8565  F1_score: 0.8568  Corr: 0.7940  MAE: 0.7282  Loss: 0.7143 
2026-09-02 04:58:36,324 - MMSA [INFO] - TEST-(DLF) >>  acc_7: 0.4665  acc_5: 0.5335  acc_2: 0.8293  F1_score: 0.8299  Corr: 0.7866  MAE: 0.7436  Loss: 0.7430 
2026-09-02 04:58:38,814 - MMSA [INFO] - TEST-(DLF) >>  acc_7: 0.4563  acc_5: 0.5248  acc_2: 0.8293  F1_score: 0.8301  Corr: 0.7767  MAE: 0.7508  Loss: 0.7500 
2026-09-02 04:58:39,983 - MMSA [INFO] - Results saved to result/normal/mosi_serial_ccdr_cf-route-v2.csv.
2026-09-02 05:30:39,166 - MMSA [INFO] - Using device: cuda:0
2026-09-02 05:30:39,175 - MMSA [INFO] - Architecture: serial_ccdr, use_ccdr=True
2026-09-02 05:30:39,347 - MMSA [INFO] - train samples: (1284,)
2026-09-02 05:30:39,529 - MMSA [INFO] - valid samples: (229,)
2026-09-02 05:30:39,705 - MMSA [INFO] - test samples: (686,)
2026-09-02 05:30:42,514 - MMSA [INFO] - Optimizer: AdamW, bert_lr=2e-05, other_lr=0.0001, weight_decay=0.005
2026-09-02 05:31:00,990 - MMSA [INFO] - >> Epoch: 1 TRAIN -(DLF) [1/1/1] >> total_loss: 4.944  acc_7: 0.1955  acc_5: 0.1955  acc_2: 0.5833  F1_score: 0.5393  Corr: 0.2042  MAE: 1.2951 
2026-09-02 05:31:02,036 - MMSA [INFO] - VAL-(DLF) >>  acc_7: 0.2358  acc_5: 0.2358  acc_2: 0.6157  F1_score: 0.5423  Corr: 0.4054  MAE: 1.3167  Loss: 1.3501 
2026-09-02 05:31:05,512 - MMSA [INFO] - TEST-(DLF) >>  acc_7: 0.1851  acc_5: 0.1851  acc_2: 0.5198  F1_score: 0.4542  Corr: 0.4390  MAE: 1.3825  Loss: 1.3815 
2026-09-02 05:31:31,103 - MMSA [INFO] - >> Epoch: 2 TRAIN -(DLF) [1/2/1] >> total_loss: 4.6163  acc_7: 0.2181  acc_5: 0.2181  acc_2: 0.6344  F1_score: 0.5766  Corr: 0.4782  MAE: 1.1996 
2026-09-02 05:31:32,400 - MMSA [INFO] - VAL-(DLF) >>  acc_7: 0.2576  acc_5: 0.2576  acc_2: 0.7685  F1_score: 0.7645  Corr: 0.5515  MAE: 1.1797  Loss: 1.2047 
2026-09-02 05:31:35,881 - MMSA [INFO] - TEST-(DLF) >>  acc_7: 0.2172  acc_5: 0.2172  acc_2: 0.7027  F1_score: 0.7039  Corr: 0.5419  MAE: 1.2085  Loss: 1.2072 
2026-09-02 05:31:56,888 - MMSA [INFO] - >> Epoch: 3 TRAIN -(DLF) [1/3/1] >> total_loss: 4.1513  acc_7: 0.2734  acc_5: 0.2749  acc_2: 0.7717  F1_score: 0.7695  Corr: 0.6587  MAE: 0.9891 
2026-09-02 05:31:58,086 - MMSA [INFO] - VAL-(DLF) >>  acc_7: 0.3013  acc_5: 0.3668  acc_2: 0.8380  F1_score: 0.8383  Corr: 0.6950  MAE: 0.9477  Loss: 0.9536 
2026-09-02 05:32:01,529 - MMSA [INFO] - TEST-(DLF) >>  acc_7: 0.3192  acc_5: 0.3367  acc_2: 0.8293  F1_score: 0.8291  Corr: 0.6861  MAE: 0.9821  Loss: 0.9809 
2026-09-02 05:32:22,444 - MMSA [INFO] - >> Epoch: 4 TRAIN -(DLF) [1/4/1] >> total_loss: 3.7146  acc_7: 0.3777  acc_5: 0.3972  acc_2: 0.8400  F1_score: 0.8403  Corr: 0.7472  MAE: 0.7907 
2026-09-02 05:32:23,730 - MMSA [INFO] - VAL-(DLF) >>  acc_7: 0.2882  acc_5: 0.3537  acc_2: 0.7963  F1_score: 0.7968  Corr: 0.7054  MAE: 0.9679  Loss: 0.9529 
2026-09-02 05:32:27,348 - MMSA [INFO] - TEST-(DLF) >>  acc_7: 0.3484  acc_5: 0.3659  acc_2: 0.8232  F1_score: 0.8167  Corr: 0.7102  MAE: 0.8737  Loss: 0.8725 
2026-09-02 05:32:48,726 - MMSA [INFO] - >> Epoch: 5 TRAIN -(DLF) [1/5/1] >> total_loss: 3.5722  acc_7: 0.3995  acc_5: 0.4198  acc_2: 0.8432  F1_score: 0.8436  Corr: 0.7637  MAE: 0.7538 
2026-09-02 05:32:49,998 - MMSA [INFO] - VAL-(DLF) >>  acc_7: 0.3406  acc_5: 0.4236  acc_2: 0.8380  F1_score: 0.8358  Corr: 0.7202  MAE: 0.9254  Loss: 0.9186 
2026-09-02 05:32:53,657 - MMSA [INFO] - TEST-(DLF) >>  acc_7: 0.3032  acc_5: 0.3309  acc_2: 0.7912  F1_score: 0.7919  Corr: 0.7238  MAE: 1.0555  Loss: 1.0549 
2026-09-02 05:33:14,355 - MMSA [INFO] - >> Epoch: 6 TRAIN -(DLF) [1/6/1] >> total_loss: 3.3546  acc_7: 0.4354  acc_5: 0.4673  acc_2: 0.8790  F1_score: 0.8792  Corr: 0.8148  MAE: 0.6769 
2026-09-02 05:33:15,759 - MMSA [INFO] - VAL-(DLF) >>  acc_7: 0.3231  acc_5: 0.3974  acc_2: 0.8611  F1_score: 0.8618  Corr: 0.7387  MAE: 0.8629  Loss: 0.8462 
2026-09-02 05:33:19,091 - MMSA [INFO] - TEST-(DLF) >>  acc_7: 0.3542  acc_5: 0.3819  acc_2: 0.8399  F1_score: 0.8388  Corr: 0.7486  MAE: 0.8449  Loss: 0.8440 
2026-09-02 05:33:39,897 - MMSA [INFO] - >> Epoch: 7 TRAIN -(DLF) [1/7/1] >> total_loss: 3.1558  acc_7: 0.4712  acc_5: 0.5047  acc_2: 0.9058  F1_score: 0.9059  Corr: 0.8513  MAE: 0.6132 
2026-09-02 05:33:41,147 - MMSA [INFO] - VAL-(DLF) >>  acc_7: 0.3144  acc_5: 0.3930  acc_2: 0.8472  F1_score: 0.8480  Corr: 0.7398  MAE: 0.8670  Loss: 0.8483 
2026-09-02 05:33:44,232 - MMSA [INFO] - TEST-(DLF) >>  acc_7: 0.3732  acc_5: 0.4155  acc_2: 0.8384  F1_score: 0.8367  Corr: 0.7454  MAE: 0.8400  Loss: 0.8391 
2026-09-02 05:34:04,704 - MMSA [INFO] - >> Epoch: 8 TRAIN -(DLF) [2/8/1] >> total_loss: 3.0145  acc_7: 0.4953  acc_5: 0.5257  acc_2: 0.9058  F1_score: 0.9060  Corr: 0.8636  MAE: 0.5800 
2026-09-02 05:34:05,986 - MMSA [INFO] - VAL-(DLF) >>  acc_7: 0.3624  acc_5: 0.4454  acc_2: 0.8565  F1_score: 0.8546  Corr: 0.7646  MAE: 0.8565  Loss: 0.8497 
2026-09-02 05:34:09,112 - MMSA [INFO] - TEST-(DLF) >>  acc_7: 0.3338  acc_5: 0.3776  acc_2: 0.7896  F1_score: 0.7902  Corr: 0.7429  MAE: 0.9998  Loss: 0.9994 
2026-09-02 05:34:32,458 - MMSA [INFO] - >> Epoch: 9 TRAIN -(DLF) [3/9/1] >> total_loss: 2.9483  acc_7: 0.4829  acc_5: 0.5226  acc_2: 0.9171  F1_score: 0.9172  Corr: 0.8681  MAE: 0.5855 
2026-09-02 05:34:33,696 - MMSA [INFO] - VAL-(DLF) >>  acc_7: 0.3712  acc_5: 0.4716  acc_2: 0.8565  F1_score: 0.8566  Corr: 0.7616  MAE: 0.8344  Loss: 0.8133 
2026-09-02 05:34:37,267 - MMSA [INFO] - TEST-(DLF) >>  acc_7: 0.3980  acc_5: 0.4767  acc_2: 0.8293  F1_score: 0.8292  Corr: 0.7489  MAE: 0.8411  Loss: 0.8403 
2026-09-02 05:34:57,965 - MMSA [INFO] - >> Epoch: 10 TRAIN -(DLF) [1/10/1] >> total_loss: 2.8156  acc_7: 0.5164  acc_5: 0.5537  acc_2: 0.9285  F1_score: 0.9283  Corr: 0.8872  MAE: 0.5333 
2026-09-02 05:34:59,294 - MMSA [INFO] - VAL-(DLF) >>  acc_7: 0.3231  acc_5: 0.4236  acc_2: 0.8241  F1_score: 0.8249  Corr: 0.7428  MAE: 0.9499  Loss: 0.9253 
2026-09-02 05:35:02,837 - MMSA [INFO] - TEST-(DLF) >>  acc_7: 0.4009  acc_5: 0.4767  acc_2: 0.8399  F1_score: 0.8342  Corr: 0.7492  MAE: 0.8196  Loss: 0.8186 
2026-09-02 05:35:23,723 - MMSA [INFO] - >> Epoch: 11 TRAIN -(DLF) [2/11/1] >> total_loss: 2.9144  acc_7: 0.4330  acc_5: 0.4704  acc_2: 0.8968  F1_score: 0.8971  Corr: 0.8676  MAE: 0.6138 
2026-09-02 05:35:24,948 - MMSA [INFO] - VAL-(DLF) >>  acc_7: 0.3974  acc_5: 0.5066  acc_2: 0.8519  F1_score: 0.8505  Corr: 0.7742  MAE: 0.8252  Loss: 0.8162 
2026-09-02 05:35:28,112 - MMSA [INFO] - TEST-(DLF) >>  acc_7: 0.3688  acc_5: 0.4373  acc_2: 0.8049  F1_score: 0.8059  Corr: 0.7466  MAE: 0.9293  Loss: 0.9293 
2026-09-02 05:35:48,251 - MMSA [INFO] - >> Epoch: 12 TRAIN -(DLF) [3/12/1] >> total_loss: 2.7197  acc_7: 0.5117  acc_5: 0.5506  acc_2: 0.9188  F1_score: 0.9189  Corr: 0.8935  MAE: 0.5317 
2026-09-02 05:35:49,924 - MMSA [INFO] - VAL-(DLF) >>  acc_7: 0.4192  acc_5: 0.5328  acc_2: 0.8426  F1_score: 0.8411  Corr: 0.7674  MAE: 0.8033  Loss: 0.7925 
2026-09-02 05:35:53,750 - MMSA [INFO] - TEST-(DLF) >>  acc_7: 0.3790  acc_5: 0.4461  acc_2: 0.8064  F1_score: 0.8075  Corr: 0.7529  MAE: 0.8997  Loss: 0.8994 
2026-09-02 05:36:15,080 - MMSA [INFO] - >> Epoch: 13 TRAIN -(DLF) [1/13/1] >> total_loss: 2.6877  acc_7: 0.5280  acc_5: 0.5678  acc_2: 0.9180  F1_score: 0.9177  Corr: 0.8997  MAE: 0.5205 
2026-09-02 05:36:16,330 - MMSA [INFO] - VAL-(DLF) >>  acc_7: 0.3537  acc_5: 0.4629  acc_2: 0.8426  F1_score: 0.8434  Corr: 0.7711  MAE: 0.8126  Loss: 0.7958 
2026-09-02 05:36:19,854 - MMSA [INFO] - TEST-(DLF) >>  acc_7: 0.4402  acc_5: 0.5087  acc_2: 0.8415  F1_score: 0.8388  Corr: 0.7710  MAE: 0.7602  Loss: 0.7595 
2026-09-02 05:36:41,151 - MMSA [INFO] - >> Epoch: 14 TRAIN -(DLF) [2/14/1] >> total_loss: 2.5734  acc_7: 0.5569  acc_5: 0.5989  acc_2: 0.9261  F1_score: 0.9262  Corr: 0.9092  MAE: 0.4817 
2026-09-02 05:36:42,371 - MMSA [INFO] - VAL-(DLF) >>  acc_7: 0.4105  acc_5: 0.5197  acc_2: 0.8750  F1_score: 0.8752  Corr: 0.7789  MAE: 0.7783  Loss: 0.7686 
2026-09-02 05:36:45,408 - MMSA [INFO] - TEST-(DLF) >>  acc_7: 0.4111  acc_5: 0.4854  acc_2: 0.8277  F1_score: 0.8284  Corr: 0.7693  MAE: 0.8153  Loss: 0.8152 
2026-09-02 05:37:06,585 - MMSA [INFO] - >> Epoch: 15 TRAIN -(DLF) [1/15/1] >> total_loss: 2.4628  acc_7: 0.6044  acc_5: 0.6542  acc_2: 0.9488  F1_score: 0.9489  Corr: 0.9221  MAE: 0.4377 
2026-09-02 05:37:07,763 - MMSA [INFO] - VAL-(DLF) >>  acc_7: 0.4148  acc_5: 0.5240  acc_2: 0.8565  F1_score: 0.8564  Corr: 0.7748  MAE: 0.7889  Loss: 0.7850 
2026-09-02 05:37:10,840 - MMSA [INFO] - TEST-(DLF) >>  acc_7: 0.4038  acc_5: 0.4781  acc_2: 0.8110  F1_score: 0.8121  Corr: 0.7563  MAE: 0.8397  Loss: 0.8397 
2026-09-02 05:37:30,628 - MMSA [INFO] - >> Epoch: 16 TRAIN -(DLF) [2/16/1] >> total_loss: 2.4286  acc_7: 0.6005  acc_5: 0.6519  acc_2: 0.9342  F1_score: 0.9342  Corr: 0.9229  MAE: 0.4394 
2026-09-02 05:37:31,879 - MMSA [INFO] - VAL-(DLF) >>  acc_7: 0.3755  acc_5: 0.4847  acc_2: 0.8565  F1_score: 0.8572  Corr: 0.7768  MAE: 0.8015  Loss: 0.7881 
2026-09-02 05:37:35,538 - MMSA [INFO] - TEST-(DLF) >>  acc_7: 0.4315  acc_5: 0.5102  acc_2: 0.8354  F1_score: 0.8345  Corr: 0.7698  MAE: 0.7711  Loss: 0.7705 
2026-09-02 05:37:56,244 - MMSA [INFO] - >> Epoch: 17 TRAIN -(DLF) [3/17/1] >> total_loss: 2.3253  acc_7: 0.6379  acc_5: 0.6869  acc_2: 0.9545  F1_score: 0.9545  Corr: 0.9305  MAE: 0.4064 
2026-09-02 05:37:57,456 - MMSA [INFO] - VAL-(DLF) >>  acc_7: 0.3886  acc_5: 0.4978  acc_2: 0.8611  F1_score: 0.8618  Corr: 0.7781  MAE: 0.8046  Loss: 0.7876 
2026-09-02 05:38:00,822 - MMSA [INFO] - TEST-(DLF) >>  acc_7: 0.4402  acc_5: 0.5190  acc_2: 0.8369  F1_score: 0.8359  Corr: 0.7726  MAE: 0.7632  Loss: 0.7626 
2026-09-02 05:38:20,568 - MMSA [INFO] - >> Epoch: 18 TRAIN -(DLF) [4/18/1] >> total_loss: 2.3052  acc_7: 0.6246  acc_5: 0.6807  acc_2: 0.9423  F1_score: 0.9424  Corr: 0.9325  MAE: 0.4133 
2026-09-02 05:38:21,817 - MMSA [INFO] - VAL-(DLF) >>  acc_7: 0.4410  acc_5: 0.5459  acc_2: 0.8565  F1_score: 0.8559  Corr: 0.7866  MAE: 0.7639  Loss: 0.7566 
2026-09-02 05:38:24,920 - MMSA [INFO] - TEST-(DLF) >>  acc_7: 0.4155  acc_5: 0.4898  acc_2: 0.8186  F1_score: 0.8196  Corr: 0.7643  MAE: 0.8208  Loss: 0.8205 
2026-09-02 05:38:46,299 - MMSA [INFO] - >> Epoch: 19 TRAIN -(DLF) [1/19/1] >> total_loss: 2.2413  acc_7: 0.6238  acc_5: 0.6760  acc_2: 0.9513  F1_score: 0.9513  Corr: 0.9357  MAE: 0.3889 
2026-09-02 05:38:47,663 - MMSA [INFO] - VAL-(DLF) >>  acc_7: 0.4105  acc_5: 0.5153  acc_2: 0.8796  F1_score: 0.8796  Corr: 0.7871  MAE: 0.7640  Loss: 0.7522 
2026-09-02 05:38:50,668 - MMSA [INFO] - TEST-(DLF) >>  acc_7: 0.4286  acc_5: 0.5073  acc_2: 0.8216  F1_score: 0.8224  Corr: 0.7660  MAE: 0.8004  Loss: 0.8001 
2026-09-02 05:39:11,163 - MMSA [INFO] - >> Epoch: 20 TRAIN -(DLF) [1/20/1] >> total_loss: 2.2052  acc_7: 0.6371  acc_5: 0.6931  acc_2: 0.9578  F1_score: 0.9578  Corr: 0.9425  MAE: 0.3733 
2026-09-02 05:39:12,353 - MMSA [INFO] - VAL-(DLF) >>  acc_7: 0.4017  acc_5: 0.5066  acc_2: 0.8704  F1_score: 0.8707  Corr: 0.7882  MAE: 0.7709  Loss: 0.7577 
2026-09-02 05:39:15,365 - MMSA [INFO] - TEST-(DLF) >>  acc_7: 0.4388  acc_5: 0.5160  acc_2: 0.8216  F1_score: 0.8219  Corr: 0.7655  MAE: 0.7812  Loss: 0.7806 
2026-09-02 05:39:35,285 - MMSA [INFO] - >> Epoch: 21 TRAIN -(DLF) [2/21/1] >> total_loss: 2.1692  acc_7: 0.6379  acc_5: 0.6931  acc_2: 0.9586  F1_score: 0.9586  Corr: 0.9446  MAE: 0.3745 
2026-09-02 05:39:36,514 - MMSA [INFO] - VAL-(DLF) >>  acc_7: 0.3886  acc_5: 0.4934  acc_2: 0.8611  F1_score: 0.8618  Corr: 0.7826  MAE: 0.7748  Loss: 0.7605 
2026-09-02 05:39:39,500 - MMSA [INFO] - TEST-(DLF) >>  acc_7: 0.4504  acc_5: 0.5233  acc_2: 0.8338  F1_score: 0.8328  Corr: 0.7670  MAE: 0.7604  Loss: 0.7595 
2026-09-02 05:39:59,381 - MMSA [INFO] - >> Epoch: 22 TRAIN -(DLF) [3/22/1] >> total_loss: 2.1548  acc_7: 0.6379  acc_5: 0.6916  acc_2: 0.9529  F1_score: 0.9529  Corr: 0.9462  MAE: 0.3703 
2026-09-02 05:40:00,565 - MMSA [INFO] - VAL-(DLF) >>  acc_7: 0.3886  acc_5: 0.5022  acc_2: 0.8565  F1_score: 0.8571  Corr: 0.7828  MAE: 0.7947  Loss: 0.7744 
2026-09-02 05:40:03,766 - MMSA [INFO] - TEST-(DLF) >>  acc_7: 0.4606  acc_5: 0.5408  acc_2: 0.8308  F1_score: 0.8291  Corr: 0.7670  MAE: 0.7617  Loss: 0.7609 
2026-09-02 05:40:24,752 - MMSA [INFO] - >> Epoch: 23 TRAIN -(DLF) [4/23/1] >> total_loss: 2.1252  acc_7: 0.6674  acc_5: 0.7251  acc_2: 0.9464  F1_score: 0.9465  Corr: 0.9483  MAE: 0.3522 
2026-09-02 05:40:26,108 - MMSA [INFO] - VAL-(DLF) >>  acc_7: 0.4105  acc_5: 0.5197  acc_2: 0.8519  F1_score: 0.8524  Corr: 0.7934  MAE: 0.7525  Loss: 0.7374 
2026-09-02 05:40:29,672 - MMSA [INFO] - TEST-(DLF) >>  acc_7: 0.4548  acc_5: 0.5292  acc_2: 0.8232  F1_score: 0.8236  Corr: 0.7685  MAE: 0.7629  Loss: 0.7621 
2026-09-02 05:41:08,162 - MMSA [INFO] - >> Epoch: 24 TRAIN -(DLF) [1/24/1] >> total_loss: 2.0546  acc_7: 0.6713  acc_5: 0.7290  acc_2: 0.9594  F1_score: 0.9594  Corr: 0.9518  MAE: 0.3425 
2026-09-02 05:41:10,612 - MMSA [INFO] - VAL-(DLF) >>  acc_7: 0.4192  acc_5: 0.5284  acc_2: 0.8472  F1_score: 0.8477  Corr: 0.7921  MAE: 0.7480  Loss: 0.7363 
2026-09-02 05:41:18,306 - MMSA [INFO] - TEST-(DLF) >>  acc_7: 0.4519  acc_5: 0.5277  acc_2: 0.8247  F1_score: 0.8253  Corr: 0.7709  MAE: 0.7668  Loss: 0.7661 
2026-09-02 05:41:58,060 - MMSA [INFO] - >> Epoch: 25 TRAIN -(DLF) [1/25/1] >> total_loss: 2.0767  acc_7: 0.6628  acc_5: 0.7173  acc_2: 0.9521  F1_score: 0.9521  Corr: 0.9496  MAE: 0.3576 
2026-09-02 05:42:01,962 - MMSA [INFO] - VAL-(DLF) >>  acc_7: 0.4236  acc_5: 0.5371  acc_2: 0.8611  F1_score: 0.8613  Corr: 0.7861  MAE: 0.7763  Loss: 0.7650 
2026-09-02 05:42:09,475 - MMSA [INFO] - TEST-(DLF) >>  acc_7: 0.4286  acc_5: 0.5058  acc_2: 0.8201  F1_score: 0.8209  Corr: 0.7675  MAE: 0.8121  Loss: 0.8118 
2026-09-02 05:42:44,431 - MMSA [INFO] - >> Epoch: 26 TRAIN -(DLF) [2/26/1] >> total_loss: 2.103  acc_7: 0.6698  acc_5: 0.7305  acc_2: 0.9496  F1_score: 0.9497  Corr: 0.9472  MAE: 0.3679 
2026-09-02 05:42:46,751 - MMSA [INFO] - VAL-(DLF) >>  acc_7: 0.3974  acc_5: 0.5066  acc_2: 0.8611  F1_score: 0.8615  Corr: 0.7844  MAE: 0.7638  Loss: 0.7526 
2026-09-02 05:42:51,975 - MMSA [INFO] - TEST-(DLF) >>  acc_7: 0.4431  acc_5: 0.5131  acc_2: 0.8186  F1_score: 0.8192  Corr: 0.7702  MAE: 0.7691  Loss: 0.7686 
2026-09-02 05:43:34,160 - MMSA [INFO] - >> Epoch: 27 TRAIN -(DLF) [3/27/1] >> total_loss: 2.0714  acc_7: 0.6643  acc_5: 0.7204  acc_2: 0.9423  F1_score: 0.9422  Corr: 0.9508  MAE: 0.3606 
2026-09-02 05:43:39,252 - MMSA [INFO] - VAL-(DLF) >>  acc_7: 0.3799  acc_5: 0.4934  acc_2: 0.8472  F1_score: 0.8479  Corr: 0.7842  MAE: 0.7886  Loss: 0.7683 
2026-09-02 05:43:47,994 - MMSA [INFO] - TEST-(DLF) >>  acc_7: 0.4665  acc_5: 0.5466  acc_2: 0.8293  F1_score: 0.8280  Corr: 0.7739  MAE: 0.7421  Loss: 0.7412 
2026-09-02 05:44:22,690 - MMSA [INFO] - >> Epoch: 28 TRAIN -(DLF) [4/28/1] >> total_loss: 2.0461  acc_7: 0.6597  acc_5: 0.7173  acc_2: 0.9561  F1_score: 0.9560  Corr: 0.9513  MAE: 0.3526 
2026-09-02 05:44:26,038 - MMSA [INFO] - VAL-(DLF) >>  acc_7: 0.4148  acc_5: 0.5197  acc_2: 0.8565  F1_score: 0.8568  Corr: 0.7922  MAE: 0.7587  Loss: 0.7418 
2026-09-02 05:44:32,648 - MMSA [INFO] - TEST-(DLF) >>  acc_7: 0.4490  acc_5: 0.5262  acc_2: 0.8262  F1_score: 0.8265  Corr: 0.7760  MAE: 0.7633  Loss: 0.7627 
2026-09-02 05:45:09,661 - MMSA [INFO] - >> Epoch: 29 TRAIN -(DLF) [5/29/1] >> total_loss: 1.95  acc_7: 0.7017  acc_5: 0.7539  acc_2: 0.9610  F1_score: 0.9610  Corr: 0.9591  MAE: 0.3172 
2026-09-02 05:45:12,559 - MMSA [INFO] - VAL-(DLF) >>  acc_7: 0.4498  acc_5: 0.5502  acc_2: 0.8519  F1_score: 0.8514  Corr: 0.7934  MAE: 0.7371  Loss: 0.7222 
2026-09-02 05:45:20,145 - MMSA [INFO] - TEST-(DLF) >>  acc_7: 0.4242  acc_5: 0.4971  acc_2: 0.8216  F1_score: 0.8227  Corr: 0.7712  MAE: 0.7893  Loss: 0.7888 
2026-09-02 05:45:59,739 - MMSA [INFO] - >> Epoch: 30 TRAIN -(DLF) [1/30/1] >> total_loss: 1.9507  acc_7: 0.6908  acc_5: 0.7453  acc_2: 0.9634  F1_score: 0.9634  Corr: 0.9599  MAE: 0.3156 
2026-09-02 05:46:02,866 - MMSA [INFO] - VAL-(DLF) >>  acc_7: 0.4105  acc_5: 0.5197  acc_2: 0.8657  F1_score: 0.8660  Corr: 0.7942  MAE: 0.7454  Loss: 0.7242 
2026-09-02 05:46:09,926 - MMSA [INFO] - TEST-(DLF) >>  acc_7: 0.4548  acc_5: 0.5306  acc_2: 0.8308  F1_score: 0.8310  Corr: 0.7780  MAE: 0.7481  Loss: 0.7473 
2026-09-02 05:46:48,344 - MMSA [INFO] - >> Epoch: 31 TRAIN -(DLF) [2/31/1] >> total_loss: 1.9178  acc_7: 0.7009  acc_5: 0.7516  acc_2: 0.9659  F1_score: 0.9658  Corr: 0.9618  MAE: 0.3112 
2026-09-02 05:46:51,096 - MMSA [INFO] - VAL-(DLF) >>  acc_7: 0.4367  acc_5: 0.5459  acc_2: 0.8611  F1_score: 0.8613  Corr: 0.7977  MAE: 0.7193  Loss: 0.7030 
2026-09-02 05:46:59,190 - MMSA [INFO] - TEST-(DLF) >>  acc_7: 0.4563  acc_5: 0.5306  acc_2: 0.8323  F1_score: 0.8330  Corr: 0.7763  MAE: 0.7496  Loss: 0.7488 
2026-09-02 05:47:35,123 - MMSA [INFO] - >> Epoch: 32 TRAIN -(DLF) [1/32/1] >> total_loss: 1.9534  acc_7: 0.6931  acc_5: 0.7500  acc_2: 0.9569  F1_score: 0.9569  Corr: 0.9590  MAE: 0.3268 
2026-09-02 05:47:37,583 - MMSA [INFO] - VAL-(DLF) >>  acc_7: 0.4760  acc_5: 0.5764  acc_2: 0.8472  F1_score: 0.8469  Corr: 0.7985  MAE: 0.7296  Loss: 0.7149 
2026-09-02 05:47:44,167 - MMSA [INFO] - TEST-(DLF) >>  acc_7: 0.4329  acc_5: 0.5087  acc_2: 0.8186  F1_score: 0.8196  Corr: 0.7743  MAE: 0.8008  Loss: 0.8001 
2026-09-02 05:48:21,223 - MMSA [INFO] - >> Epoch: 33 TRAIN -(DLF) [2/33/1] >> total_loss: 1.9509  acc_7: 0.6667  acc_5: 0.7336  acc_2: 0.9578  F1_score: 0.9578  Corr: 0.9588  MAE: 0.3295 
2026-09-02 05:48:23,906 - MMSA [INFO] - VAL-(DLF) >>  acc_7: 0.4367  acc_5: 0.5459  acc_2: 0.8565  F1_score: 0.8569  Corr: 0.7993  MAE: 0.7199  Loss: 0.7047 
2026-09-02 05:48:31,194 - MMSA [INFO] - TEST-(DLF) >>  acc_7: 0.4650  acc_5: 0.5321  acc_2: 0.8308  F1_score: 0.8313  Corr: 0.7804  MAE: 0.7457  Loss: 0.7449 
2026-09-02 05:49:07,264 - MMSA [INFO] - >> Epoch: 34 TRAIN -(DLF) [3/34/1] >> total_loss: 1.9196  acc_7: 0.7025  acc_5: 0.7593  acc_2: 0.9537  F1_score: 0.9537  Corr: 0.9594  MAE: 0.3150 
2026-09-02 05:49:10,331 - MMSA [INFO] - VAL-(DLF) >>  acc_7: 0.4585  acc_5: 0.5677  acc_2: 0.8519  F1_score: 0.8516  Corr: 0.8012  MAE: 0.7230  Loss: 0.7123 
2026-09-02 05:49:17,491 - MMSA [INFO] - TEST-(DLF) >>  acc_7: 0.4155  acc_5: 0.4869  acc_2: 0.8216  F1_score: 0.8227  Corr: 0.7816  MAE: 0.7894  Loss: 0.7889 
2026-09-02 05:49:51,216 - MMSA [INFO] - >> Epoch: 35 TRAIN -(DLF) [4/35/1] >> total_loss: 1.9178  acc_7: 0.7017  acc_5: 0.7625  acc_2: 0.9586  F1_score: 0.9586  Corr: 0.9604  MAE: 0.3153 
2026-09-02 05:49:54,140 - MMSA [INFO] - VAL-(DLF) >>  acc_7: 0.4454  acc_5: 0.5415  acc_2: 0.8565  F1_score: 0.8568  Corr: 0.7981  MAE: 0.7350  Loss: 0.7160 
2026-09-02 05:50:01,944 - MMSA [INFO] - TEST-(DLF) >>  acc_7: 0.4548  acc_5: 0.5248  acc_2: 0.8369  F1_score: 0.8373  Corr: 0.7879  MAE: 0.7411  Loss: 0.7404 
2026-09-02 05:50:40,436 - MMSA [INFO] - >> Epoch: 36 TRAIN -(DLF) [5/36/1] >> total_loss: 1.8697  acc_7: 0.7165  acc_5: 0.7765  acc_2: 0.9675  F1_score: 0.9675  Corr: 0.9651  MAE: 0.2928 
2026-09-02 05:50:43,301 - MMSA [INFO] - VAL-(DLF) >>  acc_7: 0.4672  acc_5: 0.5721  acc_2: 0.8426  F1_score: 0.8428  Corr: 0.7997  MAE: 0.7185  Loss: 0.7036 
2026-09-02 05:50:52,027 - MMSA [INFO] - TEST-(DLF) >>  acc_7: 0.4534  acc_5: 0.5204  acc_2: 0.8384  F1_score: 0.8391  Corr: 0.7912  MAE: 0.7416  Loss: 0.7411 
2026-09-02 05:51:29,513 - MMSA [INFO] - >> Epoch: 37 TRAIN -(DLF) [6/37/1] >> total_loss: 1.8606  acc_7: 0.7368  acc_5: 0.7936  acc_2: 0.9659  F1_score: 0.9659  Corr: 0.9657  MAE: 0.2882 
2026-09-02 05:51:32,275 - MMSA [INFO] - VAL-(DLF) >>  acc_7: 0.4760  acc_5: 0.5764  acc_2: 0.8380  F1_score: 0.8381  Corr: 0.7992  MAE: 0.7212  Loss: 0.7052 
2026-09-02 05:51:40,229 - MMSA [INFO] - TEST-(DLF) >>  acc_7: 0.4519  acc_5: 0.5219  acc_2: 0.8369  F1_score: 0.8375  Corr: 0.7925  MAE: 0.7376  Loss: 0.7371 
2026-09-02 05:52:19,201 - MMSA [INFO] - >> Epoch: 38 TRAIN -(DLF) [7/38/1] >> total_loss: 1.8669  acc_7: 0.7040  acc_5: 0.7625  acc_2: 0.9618  F1_score: 0.9617  Corr: 0.9644  MAE: 0.2964 
2026-09-02 05:52:22,158 - MMSA [INFO] - VAL-(DLF) >>  acc_7: 0.4672  acc_5: 0.5677  acc_2: 0.8380  F1_score: 0.8383  Corr: 0.7986  MAE: 0.7263  Loss: 0.7069 
2026-09-02 05:52:28,703 - MMSA [INFO] - TEST-(DLF) >>  acc_7: 0.4534  acc_5: 0.5277  acc_2: 0.8430  F1_score: 0.8434  Corr: 0.7909  MAE: 0.7310  Loss: 0.7304 
2026-09-02 05:53:02,640 - MMSA [INFO] - >> Epoch: 39 TRAIN -(DLF) [8/39/1] >> total_loss: 1.8495  acc_7: 0.7165  acc_5: 0.7780  acc_2: 0.9643  F1_score: 0.9642  Corr: 0.9637  MAE: 0.2964 
2026-09-02 05:53:05,605 - MMSA [INFO] - VAL-(DLF) >>  acc_7: 0.4672  acc_5: 0.5677  acc_2: 0.8472  F1_score: 0.8475  Corr: 0.7999  MAE: 0.7179  Loss: 0.6992 
2026-09-02 05:53:12,033 - MMSA [INFO] - TEST-(DLF) >>  acc_7: 0.4592  acc_5: 0.5321  acc_2: 0.8323  F1_score: 0.8329  Corr: 0.7845  MAE: 0.7387  Loss: 0.7379 
2026-09-02 05:53:49,759 - MMSA [INFO] - >> Epoch: 40 TRAIN -(DLF) [1/40/1] >> total_loss: 1.8685  acc_7: 0.7111  acc_5: 0.7648  acc_2: 0.9610  F1_score: 0.9610  Corr: 0.9643  MAE: 0.2981 
2026-09-02 05:53:53,581 - MMSA [INFO] - VAL-(DLF) >>  acc_7: 0.4760  acc_5: 0.5764  acc_2: 0.8472  F1_score: 0.8473  Corr: 0.7983  MAE: 0.7298  Loss: 0.7128 
2026-09-02 05:54:01,205 - MMSA [INFO] - TEST-(DLF) >>  acc_7: 0.4373  acc_5: 0.5131  acc_2: 0.8308  F1_score: 0.8315  Corr: 0.7830  MAE: 0.7629  Loss: 0.7622 
2026-09-02 05:54:38,998 - MMSA [INFO] - >> Epoch: 41 TRAIN -(DLF) [2/41/1] >> total_loss: 1.8141  acc_7: 0.7336  acc_5: 0.7983  acc_2: 0.9781  F1_score: 0.9781  Corr: 0.9689  MAE: 0.2751 
2026-09-02 05:54:41,567 - MMSA [INFO] - VAL-(DLF) >>  acc_7: 0.4541  acc_5: 0.5590  acc_2: 0.8426  F1_score: 0.8428  Corr: 0.7991  MAE: 0.7197  Loss: 0.7070 
2026-09-02 05:54:49,058 - MMSA [INFO] - TEST-(DLF) >>  acc_7: 0.4534  acc_5: 0.5190  acc_2: 0.8262  F1_score: 0.8269  Corr: 0.7864  MAE: 0.7486  Loss: 0.7479 
2026-09-02 05:55:25,217 - MMSA [INFO] - >> Epoch: 42 TRAIN -(DLF) [3/42/1] >> total_loss: 1.8193  acc_7: 0.7188  acc_5: 0.7788  acc_2: 0.9675  F1_score: 0.9675  Corr: 0.9673  MAE: 0.2836 
2026-09-02 05:55:28,201 - MMSA [INFO] - VAL-(DLF) >>  acc_7: 0.4716  acc_5: 0.5721  acc_2: 0.8565  F1_score: 0.8570  Corr: 0.7980  MAE: 0.7220  Loss: 0.7066 
2026-09-02 05:55:35,452 - MMSA [INFO] - TEST-(DLF) >>  acc_7: 0.4577  acc_5: 0.5248  acc_2: 0.8354  F1_score: 0.8360  Corr: 0.7894  MAE: 0.7380  Loss: 0.7374 
2026-09-02 05:56:13,594 - MMSA [INFO] - >> Epoch: 43 TRAIN -(DLF) [4/43/1] >> total_loss: 1.811  acc_7: 0.7336  acc_5: 0.7843  acc_2: 0.9716  F1_score: 0.9716  Corr: 0.9686  MAE: 0.2767 
2026-09-02 05:56:16,349 - MMSA [INFO] - VAL-(DLF) >>  acc_7: 0.4541  acc_5: 0.5677  acc_2: 0.8519  F1_score: 0.8519  Corr: 0.7989  MAE: 0.7195  Loss: 0.7065 
2026-09-02 05:56:24,522 - MMSA [INFO] - TEST-(DLF) >>  acc_7: 0.4373  acc_5: 0.5058  acc_2: 0.8323  F1_score: 0.8332  Corr: 0.7878  MAE: 0.7578  Loss: 0.7572 
2026-09-02 05:57:01,394 - MMSA [INFO] - >> Epoch: 44 TRAIN -(DLF) [5/44/1] >> total_loss: 1.7937  acc_7: 0.7336  acc_5: 0.7921  acc_2: 0.9659  F1_score: 0.9659  Corr: 0.9701  MAE: 0.2720 
2026-09-02 05:57:04,468 - MMSA [INFO] - VAL-(DLF) >>  acc_7: 0.4367  acc_5: 0.5546  acc_2: 0.8519  F1_score: 0.8525  Corr: 0.7975  MAE: 0.7247  Loss: 0.7095 
2026-09-02 05:57:11,836 - MMSA [INFO] - TEST-(DLF) >>  acc_7: 0.4723  acc_5: 0.5423  acc_2: 0.8460  F1_score: 0.8462  Corr: 0.7904  MAE: 0.7272  Loss: 0.7265 
2026-09-02 05:57:49,173 - MMSA [INFO] - >> Epoch: 45 TRAIN -(DLF) [6/45/1] >> total_loss: 1.8004  acc_7: 0.7344  acc_5: 0.7913  acc_2: 0.9773  F1_score: 0.9773  Corr: 0.9694  MAE: 0.2757 
2026-09-02 05:57:52,520 - MMSA [INFO] - VAL-(DLF) >>  acc_7: 0.4498  acc_5: 0.5502  acc_2: 0.8611  F1_score: 0.8613  Corr: 0.8027  MAE: 0.7095  Loss: 0.6956 
2026-09-02 05:58:01,004 - MMSA [INFO] - TEST-(DLF) >>  acc_7: 0.4490  acc_5: 0.5219  acc_2: 0.8323  F1_score: 0.8331  Corr: 0.7884  MAE: 0.7432  Loss: 0.7425 
2026-09-02 05:58:39,819 - MMSA [INFO] - >> Epoch: 46 TRAIN -(DLF) [1/46/1] >> total_loss: 1.7612  acc_7: 0.7492  acc_5: 0.8053  acc_2: 0.9708  F1_score: 0.9707  Corr: 0.9710  MAE: 0.2670 
2026-09-02 05:58:44,355 - MMSA [INFO] - VAL-(DLF) >>  acc_7: 0.4541  acc_5: 0.5502  acc_2: 0.8519  F1_score: 0.8525  Corr: 0.8031  MAE: 0.7223  Loss: 0.7042 
2026-09-02 05:58:51,102 - MMSA [INFO] - TEST-(DLF) >>  acc_7: 0.4781  acc_5: 0.5481  acc_2: 0.8415  F1_score: 0.8415  Corr: 0.7916  MAE: 0.7227  Loss: 0.7220 
2026-09-02 05:59:18,247 - MMSA [INFO] - >> Epoch: 47 TRAIN -(DLF) [2/47/1] >> total_loss: 1.7647  acc_7: 0.7578  acc_5: 0.8139  acc_2: 0.9724  F1_score: 0.9724  Corr: 0.9713  MAE: 0.2646 
2026-09-02 05:59:19,459 - MMSA [INFO] - VAL-(DLF) >>  acc_7: 0.4629  acc_5: 0.5633  acc_2: 0.8611  F1_score: 0.8613  Corr: 0.8032  MAE: 0.7118  Loss: 0.6981 
2026-09-02 05:59:23,110 - MMSA [INFO] - TEST-(DLF) >>  acc_7: 0.4534  acc_5: 0.5204  acc_2: 0.8338  F1_score: 0.8345  Corr: 0.7904  MAE: 0.7372  Loss: 0.7366 
2026-09-02 05:59:44,216 - MMSA [INFO] - >> Epoch: 48 TRAIN -(DLF) [3/48/1] >> total_loss: 1.8028  acc_7: 0.7298  acc_5: 0.7850  acc_2: 0.9708  F1_score: 0.9708  Corr: 0.9693  MAE: 0.2785 
2026-09-02 05:59:45,447 - MMSA [INFO] - VAL-(DLF) >>  acc_7: 0.4629  acc_5: 0.5721  acc_2: 0.8565  F1_score: 0.8566  Corr: 0.8006  MAE: 0.7252  Loss: 0.7077 
2026-09-02 05:59:48,545 - MMSA [INFO] - TEST-(DLF) >>  acc_7: 0.4519  acc_5: 0.5248  acc_2: 0.8338  F1_score: 0.8345  Corr: 0.7883  MAE: 0.7458  Loss: 0.7452 
2026-09-02 06:00:12,221 - MMSA [INFO] - >> Epoch: 49 TRAIN -(DLF) [4/49/1] >> total_loss: 1.7874  acc_7: 0.7321  acc_5: 0.7952  acc_2: 0.9773  F1_score: 0.9773  Corr: 0.9711  MAE: 0.2790 
2026-09-02 06:00:14,854 - MMSA [INFO] - VAL-(DLF) >>  acc_7: 0.4629  acc_5: 0.5633  acc_2: 0.8519  F1_score: 0.8520  Corr: 0.8020  MAE: 0.7158  Loss: 0.7028 
2026-09-02 06:00:20,587 - MMSA [INFO] - TEST-(DLF) >>  acc_7: 0.4665  acc_5: 0.5394  acc_2: 0.8354  F1_score: 0.8361  Corr: 0.7912  MAE: 0.7339  Loss: 0.7332 
2026-09-02 06:00:55,302 - MMSA [INFO] - >> Epoch: 50 TRAIN -(DLF) [5/50/1] >> total_loss: 1.7729  acc_7: 0.7438  acc_5: 0.8006  acc_2: 0.9691  F1_score: 0.9692  Corr: 0.9714  MAE: 0.2681 
2026-09-02 06:00:57,354 - MMSA [INFO] - VAL-(DLF) >>  acc_7: 0.4585  acc_5: 0.5677  acc_2: 0.8565  F1_score: 0.8564  Corr: 0.7997  MAE: 0.7379  Loss: 0.7272 
2026-09-02 06:01:03,409 - MMSA [INFO] - TEST-(DLF) >>  acc_7: 0.4315  acc_5: 0.5204  acc_2: 0.8338  F1_score: 0.8347  Corr: 0.7910  MAE: 0.7732  Loss: 0.7728 
2026-09-02 06:01:35,498 - MMSA [INFO] - >> Epoch: 51 TRAIN -(DLF) [6/51/1] >> total_loss: 1.7959  acc_7: 0.7095  acc_5: 0.7819  acc_2: 0.9659  F1_score: 0.9658  Corr: 0.9708  MAE: 0.2873 
2026-09-02 06:01:38,472 - MMSA [INFO] - VAL-(DLF) >>  acc_7: 0.4105  acc_5: 0.5022  acc_2: 0.8472  F1_score: 0.8480  Corr: 0.7983  MAE: 0.7404  Loss: 0.7233 
2026-09-02 06:01:43,885 - MMSA [INFO] - TEST-(DLF) >>  acc_7: 0.4825  acc_5: 0.5554  acc_2: 0.8476  F1_score: 0.8472  Corr: 0.7951  MAE: 0.7103  Loss: 0.7096 
2026-09-02 06:02:13,918 - MMSA [INFO] - >> Epoch: 52 TRAIN -(DLF) [7/52/1] >> total_loss: 1.7922  acc_7: 0.7243  acc_5: 0.7788  acc_2: 0.9724  F1_score: 0.9724  Corr: 0.9715  MAE: 0.2765 
2026-09-02 06:02:15,885 - MMSA [INFO] - VAL-(DLF) >>  acc_7: 0.4410  acc_5: 0.5502  acc_2: 0.8611  F1_score: 0.8609  Corr: 0.8014  MAE: 0.7174  Loss: 0.7096 
2026-09-02 06:02:22,404 - MMSA [INFO] - TEST-(DLF) >>  acc_7: 0.4490  acc_5: 0.5175  acc_2: 0.8323  F1_score: 0.8332  Corr: 0.7900  MAE: 0.7546  Loss: 0.7541 
2026-09-02 06:02:51,793 - MMSA [INFO] - >> Epoch: 53 TRAIN -(DLF) [8/53/1] >> total_loss: 1.7438  acc_7: 0.7500  acc_5: 0.8061  acc_2: 0.9708  F1_score: 0.9707  Corr: 0.9738  MAE: 0.2571 
2026-09-02 06:02:53,636 - MMSA [INFO] - VAL-(DLF) >>  acc_7: 0.4279  acc_5: 0.5371  acc_2: 0.8519  F1_score: 0.8524  Corr: 0.7996  MAE: 0.7307  Loss: 0.7157 
2026-09-02 06:02:59,651 - MMSA [INFO] - TEST-(DLF) >>  acc_7: 0.4592  acc_5: 0.5306  acc_2: 0.8445  F1_score: 0.8449  Corr: 0.7924  MAE: 0.7324  Loss: 0.7318 
2026-09-02 06:03:30,678 - MMSA [INFO] - >> Epoch: 54 TRAIN -(DLF) [9/54/1] >> total_loss: 1.7473  acc_7: 0.7399  acc_5: 0.7983  acc_2: 0.9756  F1_score: 0.9756  Corr: 0.9734  MAE: 0.2616 
2026-09-02 06:03:33,212 - MMSA [INFO] - VAL-(DLF) >>  acc_7: 0.4323  acc_5: 0.5371  acc_2: 0.8519  F1_score: 0.8524  Corr: 0.8002  MAE: 0.7238  Loss: 0.7108 
2026-09-02 06:03:38,725 - MMSA [INFO] - TEST-(DLF) >>  acc_7: 0.4636  acc_5: 0.5364  acc_2: 0.8323  F1_score: 0.8330  Corr: 0.7923  MAE: 0.7322  Loss: 0.7316 
2026-09-02 06:04:12,663 - MMSA [INFO] - >> Epoch: 55 TRAIN -(DLF) [10/55/1] >> total_loss: 1.7464  acc_7: 0.7664  acc_5: 0.8185  acc_2: 0.9667  F1_score: 0.9667  Corr: 0.9741  MAE: 0.2533 
2026-09-02 06:04:14,998 - MMSA [INFO] - VAL-(DLF) >>  acc_7: 0.4585  acc_5: 0.5546  acc_2: 0.8565  F1_score: 0.8569  Corr: 0.8011  MAE: 0.7177  Loss: 0.7072 
2026-09-02 06:04:21,674 - MMSA [INFO] - TEST-(DLF) >>  acc_7: 0.4563  acc_5: 0.5277  acc_2: 0.8369  F1_score: 0.8375  Corr: 0.7941  MAE: 0.7285  Loss: 0.7278 
2026-09-02 06:04:28,558 - MMSA [INFO] - TEST-(DLF) >>  acc_7: 0.4490  acc_5: 0.5219  acc_2: 0.8323  F1_score: 0.8331  Corr: 0.7884  MAE: 0.7432  Loss: 0.7425 
2026-09-02 06:04:30,137 - MMSA [INFO] - Results saved to result/normal/mosi_serial_ccdr.csv.
2026-09-02 06:05:46,236 - MMSA [INFO] - Using device: cuda:0
2026-09-02 06:05:46,236 - MMSA [INFO] - Architecture: serial_ccdr, use_ccdr=True
2026-09-02 06:05:47,025 - MMSA [INFO] - train samples: (1284,)
2026-09-02 06:05:47,410 - MMSA [INFO] - valid samples: (229,)
2026-09-02 06:05:47,730 - MMSA [INFO] - test samples: (686,)
2026-09-02 06:05:53,462 - MMSA [INFO] - Optimizer: AdamW, bert_lr=2e-05, other_lr=0.0001, weight_decay=0.005
2026-09-02 06:06:24,235 - MMSA [INFO] - >> Epoch: 1 TRAIN -(DLF) [1/1/1] >> total_loss: 4.944  acc_7: 0.1955  acc_5: 0.1955  acc_2: 0.5833  F1_score: 0.5393  Corr: 0.2042  MAE: 1.2951 
2026-09-02 06:06:26,825 - MMSA [INFO] - VAL-(DLF) >>  acc_7: 0.2358  acc_5: 0.2358  acc_2: 0.6157  F1_score: 0.5423  Corr: 0.4054  MAE: 1.3167  Loss: 1.3501 
2026-09-02 06:06:34,236 - MMSA [INFO] - TEST-(DLF) >>  acc_7: 0.1851  acc_5: 0.1851  acc_2: 0.5198  F1_score: 0.4542  Corr: 0.4390  MAE: 1.3825  Loss: 1.3815 
2026-09-02 06:07:07,202 - MMSA [INFO] - >> Epoch: 2 TRAIN -(DLF) [1/2/1] >> total_loss: 4.6163  acc_7: 0.2181  acc_5: 0.2181  acc_2: 0.6344  F1_score: 0.5766  Corr: 0.4782  MAE: 1.1996 
2026-09-02 06:07:09,314 - MMSA [INFO] - VAL-(DLF) >>  acc_7: 0.2576  acc_5: 0.2576  acc_2: 0.7685  F1_score: 0.7645  Corr: 0.5515  MAE: 1.1797  Loss: 1.2047 
2026-09-02 06:07:13,814 - MMSA [INFO] - TEST-(DLF) >>  acc_7: 0.2172  acc_5: 0.2172  acc_2: 0.7027  F1_score: 0.7039  Corr: 0.5419  MAE: 1.2085  Loss: 1.2072 
2026-09-02 06:07:44,632 - MMSA [INFO] - >> Epoch: 3 TRAIN -(DLF) [1/3/1] >> total_loss: 4.1513  acc_7: 0.2734  acc_5: 0.2749  acc_2: 0.7717  F1_score: 0.7695  Corr: 0.6587  MAE: 0.9891 
2026-09-02 06:07:47,245 - MMSA [INFO] - VAL-(DLF) >>  acc_7: 0.3013  acc_5: 0.3668  acc_2: 0.8380  F1_score: 0.8383  Corr: 0.6950  MAE: 0.9477  Loss: 0.9536 
2026-09-02 06:07:54,159 - MMSA [INFO] - TEST-(DLF) >>  acc_7: 0.3192  acc_5: 0.3367  acc_2: 0.8293  F1_score: 0.8291  Corr: 0.6861  MAE: 0.9821  Loss: 0.9809 
2026-09-02 06:08:40,369 - MMSA [INFO] - >> Epoch: 4 TRAIN -(DLF) [1/4/1] >> total_loss: 3.7146  acc_7: 0.3777  acc_5: 0.3972  acc_2: 0.8400  F1_score: 0.8403  Corr: 0.7472  MAE: 0.7907 
2026-09-02 06:08:44,351 - MMSA [INFO] - VAL-(DLF) >>  acc_7: 0.2882  acc_5: 0.3537  acc_2: 0.7963  F1_score: 0.7968  Corr: 0.7054  MAE: 0.9679  Loss: 0.9529 
2026-09-02 06:08:56,103 - MMSA [INFO] - TEST-(DLF) >>  acc_7: 0.3484  acc_5: 0.3659  acc_2: 0.8232  F1_score: 0.8167  Corr: 0.7102  MAE: 0.8737  Loss: 0.8725 
2026-09-02 06:09:39,883 - MMSA [INFO] - >> Epoch: 5 TRAIN -(DLF) [1/5/1] >> total_loss: 3.5722  acc_7: 0.3995  acc_5: 0.4198  acc_2: 0.8432  F1_score: 0.8436  Corr: 0.7637  MAE: 0.7538 
2026-09-02 06:09:43,355 - MMSA [INFO] - VAL-(DLF) >>  acc_7: 0.3406  acc_5: 0.4236  acc_2: 0.8380  F1_score: 0.8358  Corr: 0.7202  MAE: 0.9254  Loss: 0.9186 
2026-09-02 06:09:53,283 - MMSA [INFO] - TEST-(DLF) >>  acc_7: 0.3032  acc_5: 0.3309  acc_2: 0.7912  F1_score: 0.7919  Corr: 0.7238  MAE: 1.0555  Loss: 1.0549 
2026-09-02 06:10:36,725 - MMSA [INFO] - >> Epoch: 6 TRAIN -(DLF) [1/6/1] >> total_loss: 3.3546  acc_7: 0.4354  acc_5: 0.4673  acc_2: 0.8790  F1_score: 0.8792  Corr: 0.8148  MAE: 0.6769 
2026-09-02 06:10:39,644 - MMSA [INFO] - VAL-(DLF) >>  acc_7: 0.3231  acc_5: 0.3974  acc_2: 0.8611  F1_score: 0.8618  Corr: 0.7387  MAE: 0.8629  Loss: 0.8462 
2026-09-02 06:10:49,679 - MMSA [INFO] - TEST-(DLF) >>  acc_7: 0.3542  acc_5: 0.3819  acc_2: 0.8399  F1_score: 0.8388  Corr: 0.7486  MAE: 0.8449  Loss: 0.8440 
2026-09-02 06:11:32,806 - MMSA [INFO] - >> Epoch: 7 TRAIN -(DLF) [1/7/1] >> total_loss: 3.1558  acc_7: 0.4712  acc_5: 0.5047  acc_2: 0.9058  F1_score: 0.9059  Corr: 0.8513  MAE: 0.6132 
2026-09-02 06:11:36,668 - MMSA [INFO] - VAL-(DLF) >>  acc_7: 0.3144  acc_5: 0.3930  acc_2: 0.8472  F1_score: 0.8480  Corr: 0.7398  MAE: 0.8670  Loss: 0.8483 
2026-09-02 06:11:44,348 - MMSA [INFO] - TEST-(DLF) >>  acc_7: 0.3732  acc_5: 0.4155  acc_2: 0.8384  F1_score: 0.8367  Corr: 0.7454  MAE: 0.8400  Loss: 0.8391 
2026-09-02 06:12:25,444 - MMSA [INFO] - >> Epoch: 8 TRAIN -(DLF) [2/8/1] >> total_loss: 3.0145  acc_7: 0.4953  acc_5: 0.5257  acc_2: 0.9058  F1_score: 0.9060  Corr: 0.8636  MAE: 0.5800 
2026-09-02 06:12:29,279 - MMSA [INFO] - VAL-(DLF) >>  acc_7: 0.3624  acc_5: 0.4454  acc_2: 0.8565  F1_score: 0.8546  Corr: 0.7646  MAE: 0.8565  Loss: 0.8497 
2026-09-02 06:12:39,341 - MMSA [INFO] - TEST-(DLF) >>  acc_7: 0.3338  acc_5: 0.3776  acc_2: 0.7896  F1_score: 0.7902  Corr: 0.7429  MAE: 0.9998  Loss: 0.9994 
2026-09-02 06:13:20,643 - MMSA [INFO] - >> Epoch: 9 TRAIN -(DLF) [3/9/1] >> total_loss: 2.9483  acc_7: 0.4829  acc_5: 0.5226  acc_2: 0.9171  F1_score: 0.9172  Corr: 0.8681  MAE: 0.5855 
2026-09-02 06:13:23,836 - MMSA [INFO] - VAL-(DLF) >>  acc_7: 0.3712  acc_5: 0.4716  acc_2: 0.8565  F1_score: 0.8566  Corr: 0.7616  MAE: 0.8344  Loss: 0.8133 
2026-09-02 06:13:32,106 - MMSA [INFO] - TEST-(DLF) >>  acc_7: 0.3980  acc_5: 0.4767  acc_2: 0.8293  F1_score: 0.8292  Corr: 0.7489  MAE: 0.8411  Loss: 0.8403 
2026-09-02 06:14:14,078 - MMSA [INFO] - >> Epoch: 10 TRAIN -(DLF) [1/10/1] >> total_loss: 2.8156  acc_7: 0.5164  acc_5: 0.5537  acc_2: 0.9285  F1_score: 0.9283  Corr: 0.8872  MAE: 0.5333 
2026-09-02 06:14:17,834 - MMSA [INFO] - VAL-(DLF) >>  acc_7: 0.3231  acc_5: 0.4236  acc_2: 0.8241  F1_score: 0.8249  Corr: 0.7428  MAE: 0.9499  Loss: 0.9253 
2026-09-02 06:14:27,134 - MMSA [INFO] - TEST-(DLF) >>  acc_7: 0.4009  acc_5: 0.4767  acc_2: 0.8399  F1_score: 0.8342  Corr: 0.7492  MAE: 0.8196  Loss: 0.8186 
2026-09-02 06:15:09,262 - MMSA [INFO] - >> Epoch: 11 TRAIN -(DLF) [2/11/1] >> total_loss: 2.9144  acc_7: 0.4330  acc_5: 0.4704  acc_2: 0.8968  F1_score: 0.8971  Corr: 0.8676  MAE: 0.6138 
2026-09-02 06:15:13,738 - MMSA [INFO] - VAL-(DLF) >>  acc_7: 0.3974  acc_5: 0.5066  acc_2: 0.8519  F1_score: 0.8505  Corr: 0.7742  MAE: 0.8252  Loss: 0.8162 
2026-09-02 06:15:22,181 - MMSA [INFO] - TEST-(DLF) >>  acc_7: 0.3688  acc_5: 0.4373  acc_2: 0.8049  F1_score: 0.8059  Corr: 0.7466  MAE: 0.9293  Loss: 0.9293 
2026-09-02 06:16:05,174 - MMSA [INFO] - >> Epoch: 12 TRAIN -(DLF) [3/12/1] >> total_loss: 2.7197  acc_7: 0.5117  acc_5: 0.5506  acc_2: 0.9188  F1_score: 0.9189  Corr: 0.8935  MAE: 0.5317 
2026-09-02 06:16:08,532 - MMSA [INFO] - VAL-(DLF) >>  acc_7: 0.4192  acc_5: 0.5328  acc_2: 0.8426  F1_score: 0.8411  Corr: 0.7674  MAE: 0.8033  Loss: 0.7925 
2026-09-02 06:16:18,913 - MMSA [INFO] - TEST-(DLF) >>  acc_7: 0.3790  acc_5: 0.4461  acc_2: 0.8064  F1_score: 0.8075  Corr: 0.7529  MAE: 0.8997  Loss: 0.8994 
2026-09-02 06:17:01,483 - MMSA [INFO] - >> Epoch: 13 TRAIN -(DLF) [1/13/1] >> total_loss: 2.6877  acc_7: 0.5280  acc_5: 0.5678  acc_2: 0.9180  F1_score: 0.9177  Corr: 0.8997  MAE: 0.5205 
2026-09-02 06:17:05,649 - MMSA [INFO] - VAL-(DLF) >>  acc_7: 0.3537  acc_5: 0.4629  acc_2: 0.8426  F1_score: 0.8434  Corr: 0.7711  MAE: 0.8126  Loss: 0.7958 
2026-09-02 06:17:13,864 - MMSA [INFO] - TEST-(DLF) >>  acc_7: 0.4402  acc_5: 0.5087  acc_2: 0.8415  F1_score: 0.8388  Corr: 0.7710  MAE: 0.7602  Loss: 0.7595 
2026-09-02 06:17:58,611 - MMSA [INFO] - >> Epoch: 14 TRAIN -(DLF) [2/14/1] >> total_loss: 2.5734  acc_7: 0.5569  acc_5: 0.5989  acc_2: 0.9261  F1_score: 0.9262  Corr: 0.9092  MAE: 0.4817 
2026-09-02 06:18:02,988 - MMSA [INFO] - VAL-(DLF) >>  acc_7: 0.4105  acc_5: 0.5197  acc_2: 0.8750  F1_score: 0.8752  Corr: 0.7789  MAE: 0.7783  Loss: 0.7686 
2026-09-02 06:18:12,265 - MMSA [INFO] - TEST-(DLF) >>  acc_7: 0.4111  acc_5: 0.4854  acc_2: 0.8277  F1_score: 0.8284  Corr: 0.7693  MAE: 0.8153  Loss: 0.8152 
2026-09-02 06:18:53,369 - MMSA [INFO] - >> Epoch: 15 TRAIN -(DLF) [1/15/1] >> total_loss: 2.4628  acc_7: 0.6044  acc_5: 0.6542  acc_2: 0.9488  F1_score: 0.9489  Corr: 0.9221  MAE: 0.4377 
2026-09-02 06:18:57,237 - MMSA [INFO] - VAL-(DLF) >>  acc_7: 0.4148  acc_5: 0.5240  acc_2: 0.8565  F1_score: 0.8564  Corr: 0.7748  MAE: 0.7889  Loss: 0.7850 
2026-09-02 06:19:05,581 - MMSA [INFO] - TEST-(DLF) >>  acc_7: 0.4038  acc_5: 0.4781  acc_2: 0.8110  F1_score: 0.8121  Corr: 0.7563  MAE: 0.8397  Loss: 0.8397 
2026-09-02 06:19:44,640 - MMSA [INFO] - >> Epoch: 16 TRAIN -(DLF) [2/16/1] >> total_loss: 2.4286  acc_7: 0.6005  acc_5: 0.6519  acc_2: 0.9342  F1_score: 0.9342  Corr: 0.9229  MAE: 0.4394 
2026-09-02 06:19:49,191 - MMSA [INFO] - VAL-(DLF) >>  acc_7: 0.3755  acc_5: 0.4847  acc_2: 0.8565  F1_score: 0.8572  Corr: 0.7768  MAE: 0.8015  Loss: 0.7881 
2026-09-02 06:19:57,029 - MMSA [INFO] - TEST-(DLF) >>  acc_7: 0.4315  acc_5: 0.5102  acc_2: 0.8354  F1_score: 0.8345  Corr: 0.7698  MAE: 0.7711  Loss: 0.7705 
2026-09-02 06:20:42,784 - MMSA [INFO] - >> Epoch: 17 TRAIN -(DLF) [3/17/1] >> total_loss: 2.3253  acc_7: 0.6379  acc_5: 0.6869  acc_2: 0.9545  F1_score: 0.9545  Corr: 0.9305  MAE: 0.4064 
2026-09-02 06:20:47,254 - MMSA [INFO] - VAL-(DLF) >>  acc_7: 0.3886  acc_5: 0.4978  acc_2: 0.8611  F1_score: 0.8618  Corr: 0.7781  MAE: 0.8046  Loss: 0.7876 
2026-09-02 06:20:58,254 - MMSA [INFO] - TEST-(DLF) >>  acc_7: 0.4402  acc_5: 0.5190  acc_2: 0.8369  F1_score: 0.8359  Corr: 0.7726  MAE: 0.7632  Loss: 0.7626 
2026-09-02 06:21:38,346 - MMSA [INFO] - >> Epoch: 18 TRAIN -(DLF) [4/18/1] >> total_loss: 2.3052  acc_7: 0.6246  acc_5: 0.6807  acc_2: 0.9423  F1_score: 0.9424  Corr: 0.9325  MAE: 0.4133 
2026-09-02 06:21:41,406 - MMSA [INFO] - VAL-(DLF) >>  acc_7: 0.4410  acc_5: 0.5459  acc_2: 0.8565  F1_score: 0.8559  Corr: 0.7866  MAE: 0.7639  Loss: 0.7566 
2026-09-02 06:21:49,166 - MMSA [INFO] - TEST-(DLF) >>  acc_7: 0.4155  acc_5: 0.4898  acc_2: 0.8186  F1_score: 0.8196  Corr: 0.7643  MAE: 0.8208  Loss: 0.8205 
2026-09-02 06:22:29,140 - MMSA [INFO] - >> Epoch: 19 TRAIN -(DLF) [1/19/1] >> total_loss: 2.2413  acc_7: 0.6238  acc_5: 0.6760  acc_2: 0.9513  F1_score: 0.9513  Corr: 0.9357  MAE: 0.3889 
2026-09-02 06:22:32,329 - MMSA [INFO] - VAL-(DLF) >>  acc_7: 0.4105  acc_5: 0.5153  acc_2: 0.8796  F1_score: 0.8796  Corr: 0.7871  MAE: 0.7640  Loss: 0.7522 
2026-09-02 06:22:41,189 - MMSA [INFO] - TEST-(DLF) >>  acc_7: 0.4286  acc_5: 0.5073  acc_2: 0.8216  F1_score: 0.8224  Corr: 0.7660  MAE: 0.8004  Loss: 0.8001 
2026-09-02 06:23:23,149 - MMSA [INFO] - >> Epoch: 20 TRAIN -(DLF) [1/20/1] >> total_loss: 2.2052  acc_7: 0.6371  acc_5: 0.6931  acc_2: 0.9578  F1_score: 0.9578  Corr: 0.9425  MAE: 0.3733 
2026-09-02 06:23:26,793 - MMSA [INFO] - VAL-(DLF) >>  acc_7: 0.4017  acc_5: 0.5066  acc_2: 0.8704  F1_score: 0.8707  Corr: 0.7882  MAE: 0.7709  Loss: 0.7577 
2026-09-02 06:23:35,158 - MMSA [INFO] - TEST-(DLF) >>  acc_7: 0.4388  acc_5: 0.5160  acc_2: 0.8216  F1_score: 0.8219  Corr: 0.7655  MAE: 0.7812  Loss: 0.7806 
2026-09-02 06:24:16,532 - MMSA [INFO] - >> Epoch: 21 TRAIN -(DLF) [2/21/1] >> total_loss: 2.1692  acc_7: 0.6379  acc_5: 0.6931  acc_2: 0.9586  F1_score: 0.9586  Corr: 0.9446  MAE: 0.3745 
2026-09-02 06:24:20,846 - MMSA [INFO] - VAL-(DLF) >>  acc_7: 0.3886  acc_5: 0.4934  acc_2: 0.8611  F1_score: 0.8618  Corr: 0.7826  MAE: 0.7748  Loss: 0.7605 
2026-09-02 06:24:30,181 - MMSA [INFO] - TEST-(DLF) >>  acc_7: 0.4504  acc_5: 0.5233  acc_2: 0.8338  F1_score: 0.8328  Corr: 0.7670  MAE: 0.7604  Loss: 0.7595 
2026-09-02 06:25:10,419 - MMSA [INFO] - >> Epoch: 22 TRAIN -(DLF) [3/22/1] >> total_loss: 2.1548  acc_7: 0.6379  acc_5: 0.6916  acc_2: 0.9529  F1_score: 0.9529  Corr: 0.9462  MAE: 0.3703 
2026-09-02 06:25:14,193 - MMSA [INFO] - VAL-(DLF) >>  acc_7: 0.3886  acc_5: 0.5022  acc_2: 0.8565  F1_score: 0.8571  Corr: 0.7828  MAE: 0.7947  Loss: 0.7744 
2026-09-02 06:25:21,617 - MMSA [INFO] - TEST-(DLF) >>  acc_7: 0.4606  acc_5: 0.5408  acc_2: 0.8308  F1_score: 0.8291  Corr: 0.7670  MAE: 0.7617  Loss: 0.7609 
2026-09-02 06:26:02,139 - MMSA [INFO] - >> Epoch: 23 TRAIN -(DLF) [4/23/1] >> total_loss: 2.1252  acc_7: 0.6674  acc_5: 0.7251  acc_2: 0.9464  F1_score: 0.9465  Corr: 0.9483  MAE: 0.3522 
2026-09-02 06:26:06,476 - MMSA [INFO] - VAL-(DLF) >>  acc_7: 0.4105  acc_5: 0.5197  acc_2: 0.8519  F1_score: 0.8524  Corr: 0.7934  MAE: 0.7525  Loss: 0.7374 
2026-09-02 06:26:15,608 - MMSA [INFO] - TEST-(DLF) >>  acc_7: 0.4548  acc_5: 0.5292  acc_2: 0.8232  F1_score: 0.8236  Corr: 0.7685  MAE: 0.7629  Loss: 0.7621 
2026-09-02 06:26:56,452 - MMSA [INFO] - >> Epoch: 24 TRAIN -(DLF) [1/24/1] >> total_loss: 2.0546  acc_7: 0.6713  acc_5: 0.7290  acc_2: 0.9594  F1_score: 0.9594  Corr: 0.9518  MAE: 0.3425 
2026-09-02 06:26:59,323 - MMSA [INFO] - VAL-(DLF) >>  acc_7: 0.4192  acc_5: 0.5284  acc_2: 0.8472  F1_score: 0.8477  Corr: 0.7921  MAE: 0.7480  Loss: 0.7363 
2026-09-02 06:27:07,995 - MMSA [INFO] - TEST-(DLF) >>  acc_7: 0.4519  acc_5: 0.5277  acc_2: 0.8247  F1_score: 0.8253  Corr: 0.7709  MAE: 0.7668  Loss: 0.7661 
2026-09-02 06:27:50,999 - MMSA [INFO] - >> Epoch: 25 TRAIN -(DLF) [1/25/1] >> total_loss: 2.0767  acc_7: 0.6628  acc_5: 0.7173  acc_2: 0.9521  F1_score: 0.9521  Corr: 0.9496  MAE: 0.3576 
2026-09-02 06:27:53,669 - MMSA [INFO] - VAL-(DLF) >>  acc_7: 0.4236  acc_5: 0.5371  acc_2: 0.8611  F1_score: 0.8613  Corr: 0.7861  MAE: 0.7763  Loss: 0.7650 
2026-09-02 06:28:02,323 - MMSA [INFO] - TEST-(DLF) >>  acc_7: 0.4286  acc_5: 0.5058  acc_2: 0.8201  F1_score: 0.8209  Corr: 0.7675  MAE: 0.8121  Loss: 0.8118 
2026-09-02 06:28:44,615 - MMSA [INFO] - >> Epoch: 26 TRAIN -(DLF) [2/26/1] >> total_loss: 2.103  acc_7: 0.6698  acc_5: 0.7305  acc_2: 0.9496  F1_score: 0.9497  Corr: 0.9472  MAE: 0.3679 
2026-09-02 06:28:47,807 - MMSA [INFO] - VAL-(DLF) >>  acc_7: 0.3974  acc_5: 0.5066  acc_2: 0.8611  F1_score: 0.8615  Corr: 0.7844  MAE: 0.7638  Loss: 0.7526 
2026-09-02 06:28:57,428 - MMSA [INFO] - TEST-(DLF) >>  acc_7: 0.4431  acc_5: 0.5131  acc_2: 0.8186  F1_score: 0.8192  Corr: 0.7702  MAE: 0.7691  Loss: 0.7686 
2026-09-02 06:29:38,585 - MMSA [INFO] - >> Epoch: 27 TRAIN -(DLF) [3/27/1] >> total_loss: 2.0714  acc_7: 0.6643  acc_5: 0.7204  acc_2: 0.9423  F1_score: 0.9422  Corr: 0.9508  MAE: 0.3606 
2026-09-02 06:29:41,760 - MMSA [INFO] - VAL-(DLF) >>  acc_7: 0.3799  acc_5: 0.4934  acc_2: 0.8472  F1_score: 0.8479  Corr: 0.7842  MAE: 0.7886  Loss: 0.7683 
2026-09-02 06:29:49,710 - MMSA [INFO] - TEST-(DLF) >>  acc_7: 0.4665  acc_5: 0.5466  acc_2: 0.8293  F1_score: 0.8280  Corr: 0.7739  MAE: 0.7421  Loss: 0.7412 
2026-09-02 06:30:30,087 - MMSA [INFO] - >> Epoch: 28 TRAIN -(DLF) [4/28/1] >> total_loss: 2.0461  acc_7: 0.6597  acc_5: 0.7173  acc_2: 0.9561  F1_score: 0.9560  Corr: 0.9513  MAE: 0.3526 
2026-09-02 06:30:32,899 - MMSA [INFO] - VAL-(DLF) >>  acc_7: 0.4148  acc_5: 0.5197  acc_2: 0.8565  F1_score: 0.8568  Corr: 0.7922  MAE: 0.7587  Loss: 0.7418 
2026-09-02 06:30:40,463 - MMSA [INFO] - TEST-(DLF) >>  acc_7: 0.4490  acc_5: 0.5262  acc_2: 0.8262  F1_score: 0.8265  Corr: 0.7760  MAE: 0.7633  Loss: 0.7627 
2026-09-02 06:31:20,130 - MMSA [INFO] - >> Epoch: 29 TRAIN -(DLF) [5/29/1] >> total_loss: 1.95  acc_7: 0.7017  acc_5: 0.7539  acc_2: 0.9610  F1_score: 0.9610  Corr: 0.9591  MAE: 0.3172 
2026-09-02 06:31:24,444 - MMSA [INFO] - VAL-(DLF) >>  acc_7: 0.4498  acc_5: 0.5502  acc_2: 0.8519  F1_score: 0.8514  Corr: 0.7934  MAE: 0.7371  Loss: 0.7222 
2026-09-02 06:31:31,917 - MMSA [INFO] - TEST-(DLF) >>  acc_7: 0.4242  acc_5: 0.4971  acc_2: 0.8216  F1_score: 0.8227  Corr: 0.7712  MAE: 0.7893  Loss: 0.7888 
2026-09-02 06:32:10,691 - MMSA [INFO] - >> Epoch: 30 TRAIN -(DLF) [1/30/1] >> total_loss: 1.9507  acc_7: 0.6908  acc_5: 0.7453  acc_2: 0.9634  F1_score: 0.9634  Corr: 0.9599  MAE: 0.3156 
2026-09-02 06:32:15,105 - MMSA [INFO] - VAL-(DLF) >>  acc_7: 0.4105  acc_5: 0.5197  acc_2: 0.8657  F1_score: 0.8660  Corr: 0.7942  MAE: 0.7454  Loss: 0.7242 
2026-09-02 06:32:25,960 - MMSA [INFO] - TEST-(DLF) >>  acc_7: 0.4548  acc_5: 0.5306  acc_2: 0.8308  F1_score: 0.8310  Corr: 0.7780  MAE: 0.7481  Loss: 0.7473 
2026-09-02 06:33:09,180 - MMSA [INFO] - >> Epoch: 31 TRAIN -(DLF) [2/31/1] >> total_loss: 1.9178  acc_7: 0.7009  acc_5: 0.7516  acc_2: 0.9659  F1_score: 0.9658  Corr: 0.9618  MAE: 0.3112 
2026-09-02 06:33:12,471 - MMSA [INFO] - VAL-(DLF) >>  acc_7: 0.4367  acc_5: 0.5459  acc_2: 0.8611  F1_score: 0.8613  Corr: 0.7977  MAE: 0.7193  Loss: 0.7030 
2026-09-02 06:33:20,016 - MMSA [INFO] - TEST-(DLF) >>  acc_7: 0.4563  acc_5: 0.5306  acc_2: 0.8323  F1_score: 0.8330  Corr: 0.7763  MAE: 0.7496  Loss: 0.7488 
2026-09-02 06:33:58,088 - MMSA [INFO] - >> Epoch: 32 TRAIN -(DLF) [1/32/1] >> total_loss: 1.9534  acc_7: 0.6931  acc_5: 0.7500  acc_2: 0.9569  F1_score: 0.9569  Corr: 0.9590  MAE: 0.3268 
2026-09-02 06:34:00,787 - MMSA [INFO] - VAL-(DLF) >>  acc_7: 0.4760  acc_5: 0.5764  acc_2: 0.8472  F1_score: 0.8469  Corr: 0.7985  MAE: 0.7296  Loss: 0.7149 
2026-09-02 06:34:08,776 - MMSA [INFO] - TEST-(DLF) >>  acc_7: 0.4329  acc_5: 0.5087  acc_2: 0.8186  F1_score: 0.8196  Corr: 0.7743  MAE: 0.8008  Loss: 0.8001 
2026-09-02 06:34:47,480 - MMSA [INFO] - >> Epoch: 33 TRAIN -(DLF) [2/33/1] >> total_loss: 1.9509  acc_7: 0.6667  acc_5: 0.7336  acc_2: 0.9578  F1_score: 0.9578  Corr: 0.9588  MAE: 0.3295 
2026-09-02 06:34:50,536 - MMSA [INFO] - VAL-(DLF) >>  acc_7: 0.4367  acc_5: 0.5459  acc_2: 0.8565  F1_score: 0.8569  Corr: 0.7993  MAE: 0.7199  Loss: 0.7047 
2026-09-02 06:34:59,065 - MMSA [INFO] - TEST-(DLF) >>  acc_7: 0.4650  acc_5: 0.5321  acc_2: 0.8308  F1_score: 0.8313  Corr: 0.7804  MAE: 0.7457  Loss: 0.7449 
2026-09-02 06:35:37,290 - MMSA [INFO] - >> Epoch: 34 TRAIN -(DLF) [3/34/1] >> total_loss: 1.9196  acc_7: 0.7025  acc_5: 0.7593  acc_2: 0.9537  F1_score: 0.9537  Corr: 0.9594  MAE: 0.3150 
2026-09-02 06:35:40,364 - MMSA [INFO] - VAL-(DLF) >>  acc_7: 0.4585  acc_5: 0.5677  acc_2: 0.8519  F1_score: 0.8516  Corr: 0.8012  MAE: 0.7230  Loss: 0.7123 
2026-09-02 06:35:48,480 - MMSA [INFO] - TEST-(DLF) >>  acc_7: 0.4155  acc_5: 0.4869  acc_2: 0.8216  F1_score: 0.8227  Corr: 0.7816  MAE: 0.7894  Loss: 0.7889 
2026-09-02 06:36:26,382 - MMSA [INFO] - >> Epoch: 35 TRAIN -(DLF) [4/35/1] >> total_loss: 1.9178  acc_7: 0.7017  acc_5: 0.7625  acc_2: 0.9586  F1_score: 0.9586  Corr: 0.9604  MAE: 0.3153 
2026-09-02 06:36:29,475 - MMSA [INFO] - VAL-(DLF) >>  acc_7: 0.4454  acc_5: 0.5415  acc_2: 0.8565  F1_score: 0.8568  Corr: 0.7981  MAE: 0.7350  Loss: 0.7160 
2026-09-02 06:36:36,610 - MMSA [INFO] - TEST-(DLF) >>  acc_7: 0.4548  acc_5: 0.5248  acc_2: 0.8369  F1_score: 0.8373  Corr: 0.7879  MAE: 0.7411  Loss: 0.7404 
2026-09-02 06:37:16,069 - MMSA [INFO] - >> Epoch: 36 TRAIN -(DLF) [5/36/1] >> total_loss: 1.8697  acc_7: 0.7165  acc_5: 0.7765  acc_2: 0.9675  F1_score: 0.9675  Corr: 0.9651  MAE: 0.2928 
2026-09-02 06:37:19,007 - MMSA [INFO] - VAL-(DLF) >>  acc_7: 0.4672  acc_5: 0.5721  acc_2: 0.8426  F1_score: 0.8428  Corr: 0.7997  MAE: 0.7185  Loss: 0.7036 
2026-09-02 06:37:25,112 - MMSA [INFO] - TEST-(DLF) >>  acc_7: 0.4534  acc_5: 0.5204  acc_2: 0.8384  F1_score: 0.8391  Corr: 0.7912  MAE: 0.7416  Loss: 0.7411 
2026-09-02 06:38:01,838 - MMSA [INFO] - >> Epoch: 37 TRAIN -(DLF) [6/37/1] >> total_loss: 1.8606  acc_7: 0.7368  acc_5: 0.7936  acc_2: 0.9659  F1_score: 0.9659  Corr: 0.9657  MAE: 0.2882 
2026-09-02 06:38:04,604 - MMSA [INFO] - VAL-(DLF) >>  acc_7: 0.4760  acc_5: 0.5764  acc_2: 0.8380  F1_score: 0.8381  Corr: 0.7992  MAE: 0.7212  Loss: 0.7052 
2026-09-02 06:38:12,644 - MMSA [INFO] - TEST-(DLF) >>  acc_7: 0.4519  acc_5: 0.5219  acc_2: 0.8369  F1_score: 0.8375  Corr: 0.7925  MAE: 0.7376  Loss: 0.7371 
2026-09-02 06:38:59,038 - MMSA [INFO] - >> Epoch: 38 TRAIN -(DLF) [7/38/1] >> total_loss: 1.8669  acc_7: 0.7040  acc_5: 0.7625  acc_2: 0.9618  F1_score: 0.9617  Corr: 0.9644  MAE: 0.2964 
2026-09-02 06:39:03,464 - MMSA [INFO] - VAL-(DLF) >>  acc_7: 0.4672  acc_5: 0.5677  acc_2: 0.8380  F1_score: 0.8383  Corr: 0.7986  MAE: 0.7263  Loss: 0.7069 
2026-09-02 06:39:15,165 - MMSA [INFO] - TEST-(DLF) >>  acc_7: 0.4534  acc_5: 0.5277  acc_2: 0.8430  F1_score: 0.8434  Corr: 0.7909  MAE: 0.7310  Loss: 0.7304 
2026-09-02 06:40:00,614 - MMSA [INFO] - >> Epoch: 39 TRAIN -(DLF) [8/39/1] >> total_loss: 1.8495  acc_7: 0.7165  acc_5: 0.7780  acc_2: 0.9643  F1_score: 0.9642  Corr: 0.9637  MAE: 0.2964 
2026-09-02 06:40:05,195 - MMSA [INFO] - VAL-(DLF) >>  acc_7: 0.4672  acc_5: 0.5677  acc_2: 0.8472  F1_score: 0.8475  Corr: 0.7999  MAE: 0.7179  Loss: 0.6992 
2026-09-02 06:40:16,885 - MMSA [INFO] - TEST-(DLF) >>  acc_7: 0.4592  acc_5: 0.5321  acc_2: 0.8323  F1_score: 0.8329  Corr: 0.7845  MAE: 0.7387  Loss: 0.7379 
2026-09-02 06:41:03,846 - MMSA [INFO] - >> Epoch: 40 TRAIN -(DLF) [1/40/1] >> total_loss: 1.8685  acc_7: 0.7111  acc_5: 0.7648  acc_2: 0.9610  F1_score: 0.9610  Corr: 0.9643  MAE: 0.2981 
2026-09-02 06:41:07,954 - MMSA [INFO] - VAL-(DLF) >>  acc_7: 0.4760  acc_5: 0.5764  acc_2: 0.8472  F1_score: 0.8473  Corr: 0.7983  MAE: 0.7298  Loss: 0.7128 
2026-09-02 06:41:19,856 - MMSA [INFO] - TEST-(DLF) >>  acc_7: 0.4373  acc_5: 0.5131  acc_2: 0.8308  F1_score: 0.8315  Corr: 0.7830  MAE: 0.7629  Loss: 0.7622 
2026-09-02 06:42:04,698 - MMSA [INFO] - >> Epoch: 41 TRAIN -(DLF) [2/41/1] >> total_loss: 1.8141  acc_7: 0.7336  acc_5: 0.7983  acc_2: 0.9781  F1_score: 0.9781  Corr: 0.9689  MAE: 0.2751 
2026-09-02 06:42:08,631 - MMSA [INFO] - VAL-(DLF) >>  acc_7: 0.4541  acc_5: 0.5590  acc_2: 0.8426  F1_score: 0.8428  Corr: 0.7991  MAE: 0.7197  Loss: 0.7070 
2026-09-02 06:42:19,649 - MMSA [INFO] - TEST-(DLF) >>  acc_7: 0.4534  acc_5: 0.5190  acc_2: 0.8262  F1_score: 0.8269  Corr: 0.7864  MAE: 0.7486  Loss: 0.7479 
2026-09-02 06:43:06,187 - MMSA [INFO] - >> Epoch: 42 TRAIN -(DLF) [3/42/1] >> total_loss: 1.8193  acc_7: 0.7188  acc_5: 0.7788  acc_2: 0.9675  F1_score: 0.9675  Corr: 0.9673  MAE: 0.2836 
2026-09-02 06:43:10,946 - MMSA [INFO] - VAL-(DLF) >>  acc_7: 0.4716  acc_5: 0.5721  acc_2: 0.8565  F1_score: 0.8570  Corr: 0.7980  MAE: 0.7220  Loss: 0.7066 
2026-09-02 06:43:22,304 - MMSA [INFO] - TEST-(DLF) >>  acc_7: 0.4577  acc_5: 0.5248  acc_2: 0.8354  F1_score: 0.8360  Corr: 0.7894  MAE: 0.7380  Loss: 0.7374 
2026-09-02 06:44:07,208 - MMSA [INFO] - >> Epoch: 43 TRAIN -(DLF) [4/43/1] >> total_loss: 1.811  acc_7: 0.7336  acc_5: 0.7843  acc_2: 0.9716  F1_score: 0.9716  Corr: 0.9686  MAE: 0.2767 
2026-09-02 06:44:11,479 - MMSA [INFO] - VAL-(DLF) >>  acc_7: 0.4541  acc_5: 0.5677  acc_2: 0.8519  F1_score: 0.8519  Corr: 0.7989  MAE: 0.7195  Loss: 0.7065 
2026-09-02 06:44:23,058 - MMSA [INFO] - TEST-(DLF) >>  acc_7: 0.4373  acc_5: 0.5058  acc_2: 0.8323  F1_score: 0.8332  Corr: 0.7878  MAE: 0.7578  Loss: 0.7572 
2026-09-02 06:45:07,286 - MMSA [INFO] - >> Epoch: 44 TRAIN -(DLF) [5/44/1] >> total_loss: 1.7937  acc_7: 0.7336  acc_5: 0.7921  acc_2: 0.9659  F1_score: 0.9659  Corr: 0.9701  MAE: 0.2720 
2026-09-02 06:45:11,415 - MMSA [INFO] - VAL-(DLF) >>  acc_7: 0.4367  acc_5: 0.5546  acc_2: 0.8519  F1_score: 0.8525  Corr: 0.7975  MAE: 0.7247  Loss: 0.7095 
2026-09-02 06:45:22,552 - MMSA [INFO] - TEST-(DLF) >>  acc_7: 0.4723  acc_5: 0.5423  acc_2: 0.8460  F1_score: 0.8462  Corr: 0.7904  MAE: 0.7272  Loss: 0.7265 
2026-09-02 06:46:10,339 - MMSA [INFO] - >> Epoch: 45 TRAIN -(DLF) [6/45/1] >> total_loss: 1.8004  acc_7: 0.7344  acc_5: 0.7913  acc_2: 0.9773  F1_score: 0.9773  Corr: 0.9694  MAE: 0.2757 
2026-09-02 06:46:14,760 - MMSA [INFO] - VAL-(DLF) >>  acc_7: 0.4498  acc_5: 0.5502  acc_2: 0.8611  F1_score: 0.8613  Corr: 0.8027  MAE: 0.7095  Loss: 0.6956 
2026-09-02 06:46:26,059 - MMSA [INFO] - TEST-(DLF) >>  acc_7: 0.4490  acc_5: 0.5219  acc_2: 0.8323  F1_score: 0.8331  Corr: 0.7884  MAE: 0.7432  Loss: 0.7425 
2026-09-02 06:47:12,850 - MMSA [INFO] - >> Epoch: 46 TRAIN -(DLF) [1/46/1] >> total_loss: 1.7612  acc_7: 0.7492  acc_5: 0.8053  acc_2: 0.9708  F1_score: 0.9707  Corr: 0.9710  MAE: 0.2670 
2026-09-02 06:47:16,963 - MMSA [INFO] - VAL-(DLF) >>  acc_7: 0.4541  acc_5: 0.5502  acc_2: 0.8519  F1_score: 0.8525  Corr: 0.8031  MAE: 0.7223  Loss: 0.7042 
2026-09-02 06:47:27,478 - MMSA [INFO] - TEST-(DLF) >>  acc_7: 0.4781  acc_5: 0.5481  acc_2: 0.8415  F1_score: 0.8415  Corr: 0.7916  MAE: 0.7227  Loss: 0.7220 
2026-09-02 06:48:13,013 - MMSA [INFO] - >> Epoch: 47 TRAIN -(DLF) [2/47/1] >> total_loss: 1.7647  acc_7: 0.7578  acc_5: 0.8139  acc_2: 0.9724  F1_score: 0.9724  Corr: 0.9713  MAE: 0.2646 
2026-09-02 06:48:17,374 - MMSA [INFO] - VAL-(DLF) >>  acc_7: 0.4629  acc_5: 0.5633  acc_2: 0.8611  F1_score: 0.8613  Corr: 0.8032  MAE: 0.7118  Loss: 0.6981 
2026-09-02 06:48:28,004 - MMSA [INFO] - TEST-(DLF) >>  acc_7: 0.4534  acc_5: 0.5204  acc_2: 0.8338  F1_score: 0.8345  Corr: 0.7904  MAE: 0.7372  Loss: 0.7366 
2026-09-02 06:49:10,174 - MMSA [INFO] - >> Epoch: 48 TRAIN -(DLF) [3/48/1] >> total_loss: 1.8028  acc_7: 0.7298  acc_5: 0.7850  acc_2: 0.9708  F1_score: 0.9708  Corr: 0.9693  MAE: 0.2785 
2026-09-02 06:49:13,898 - MMSA [INFO] - VAL-(DLF) >>  acc_7: 0.4629  acc_5: 0.5721  acc_2: 0.8565  F1_score: 0.8566  Corr: 0.8006  MAE: 0.7252  Loss: 0.7077 
2026-09-02 06:49:24,636 - MMSA [INFO] - TEST-(DLF) >>  acc_7: 0.4519  acc_5: 0.5248  acc_2: 0.8338  F1_score: 0.8345  Corr: 0.7883  MAE: 0.7458  Loss: 0.7452 
2026-09-02 06:50:05,948 - MMSA [INFO] - >> Epoch: 49 TRAIN -(DLF) [4/49/1] >> total_loss: 1.7874  acc_7: 0.7321  acc_5: 0.7952  acc_2: 0.9773  F1_score: 0.9773  Corr: 0.9711  MAE: 0.2790 
2026-09-02 06:50:10,344 - MMSA [INFO] - VAL-(DLF) >>  acc_7: 0.4629  acc_5: 0.5633  acc_2: 0.8519  F1_score: 0.8520  Corr: 0.8020  MAE: 0.7158  Loss: 0.7028 
2026-09-02 06:50:21,339 - MMSA [INFO] - TEST-(DLF) >>  acc_7: 0.4665  acc_5: 0.5394  acc_2: 0.8354  F1_score: 0.8361  Corr: 0.7912  MAE: 0.7339  Loss: 0.7332 
2026-09-02 06:51:03,666 - MMSA [INFO] - >> Epoch: 50 TRAIN -(DLF) [5/50/1] >> total_loss: 1.7729  acc_7: 0.7438  acc_5: 0.8006  acc_2: 0.9691  F1_score: 0.9692  Corr: 0.9714  MAE: 0.2681 
2026-09-02 06:51:07,583 - MMSA [INFO] - VAL-(DLF) >>  acc_7: 0.4585  acc_5: 0.5677  acc_2: 0.8565  F1_score: 0.8564  Corr: 0.7997  MAE: 0.7379  Loss: 0.7272 
2026-09-02 06:51:18,009 - MMSA [INFO] - TEST-(DLF) >>  acc_7: 0.4315  acc_5: 0.5204  acc_2: 0.8338  F1_score: 0.8347  Corr: 0.7910  MAE: 0.7732  Loss: 0.7728 
2026-09-02 06:52:01,672 - MMSA [INFO] - >> Epoch: 51 TRAIN -(DLF) [6/51/1] >> total_loss: 1.7959  acc_7: 0.7095  acc_5: 0.7819  acc_2: 0.9659  F1_score: 0.9658  Corr: 0.9708  MAE: 0.2873 
2026-09-02 06:52:05,811 - MMSA [INFO] - VAL-(DLF) >>  acc_7: 0.4105  acc_5: 0.5022  acc_2: 0.8472  F1_score: 0.8480  Corr: 0.7983  MAE: 0.7404  Loss: 0.7233 
2026-09-02 06:52:17,606 - MMSA [INFO] - TEST-(DLF) >>  acc_7: 0.4825  acc_5: 0.5554  acc_2: 0.8476  F1_score: 0.8472  Corr: 0.7951  MAE: 0.7103  Loss: 0.7096 
2026-09-02 06:53:04,034 - MMSA [INFO] - >> Epoch: 52 TRAIN -(DLF) [7/52/1] >> total_loss: 1.7922  acc_7: 0.7243  acc_5: 0.7788  acc_2: 0.9724  F1_score: 0.9724  Corr: 0.9715  MAE: 0.2765 
2026-09-02 06:53:08,268 - MMSA [INFO] - VAL-(DLF) >>  acc_7: 0.4410  acc_5: 0.5502  acc_2: 0.8611  F1_score: 0.8609  Corr: 0.8014  MAE: 0.7174  Loss: 0.7096 
2026-09-02 06:53:18,620 - MMSA [INFO] - TEST-(DLF) >>  acc_7: 0.4490  acc_5: 0.5175  acc_2: 0.8323  F1_score: 0.8332  Corr: 0.7900  MAE: 0.7546  Loss: 0.7541 
2026-09-02 06:53:53,989 - MMSA [INFO] - >> Epoch: 53 TRAIN -(DLF) [8/53/1] >> total_loss: 1.7438  acc_7: 0.7500  acc_5: 0.8061  acc_2: 0.9708  F1_score: 0.9707  Corr: 0.9738  MAE: 0.2571 
2026-09-02 06:53:56,744 - MMSA [INFO] - VAL-(DLF) >>  acc_7: 0.4279  acc_5: 0.5371  acc_2: 0.8519  F1_score: 0.8524  Corr: 0.7996  MAE: 0.7307  Loss: 0.7157 
2026-09-02 06:54:03,826 - MMSA [INFO] - TEST-(DLF) >>  acc_7: 0.4592  acc_5: 0.5306  acc_2: 0.8445  F1_score: 0.8449  Corr: 0.7924  MAE: 0.7324  Loss: 0.7318 
2026-09-02 06:54:38,185 - MMSA [INFO] - >> Epoch: 54 TRAIN -(DLF) [9/54/1] >> total_loss: 1.7473  acc_7: 0.7399  acc_5: 0.7983  acc_2: 0.9756  F1_score: 0.9756  Corr: 0.9734  MAE: 0.2616 
2026-09-02 06:54:40,768 - MMSA [INFO] - VAL-(DLF) >>  acc_7: 0.4323  acc_5: 0.5371  acc_2: 0.8519  F1_score: 0.8524  Corr: 0.8002  MAE: 0.7238  Loss: 0.7108 
2026-09-02 06:54:47,605 - MMSA [INFO] - TEST-(DLF) >>  acc_7: 0.4636  acc_5: 0.5364  acc_2: 0.8323  F1_score: 0.8330  Corr: 0.7923  MAE: 0.7322  Loss: 0.7316 
2026-09-02 06:55:21,359 - MMSA [INFO] - >> Epoch: 55 TRAIN -(DLF) [10/55/1] >> total_loss: 1.7464  acc_7: 0.7664  acc_5: 0.8185  acc_2: 0.9667  F1_score: 0.9667  Corr: 0.9741  MAE: 0.2533 
2026-09-02 06:55:23,794 - MMSA [INFO] - VAL-(DLF) >>  acc_7: 0.4585  acc_5: 0.5546  acc_2: 0.8565  F1_score: 0.8569  Corr: 0.8011  MAE: 0.7177  Loss: 0.7072 
2026-09-02 06:55:30,695 - MMSA [INFO] - TEST-(DLF) >>  acc_7: 0.4563  acc_5: 0.5277  acc_2: 0.8369  F1_score: 0.8375  Corr: 0.7941  MAE: 0.7285  Loss: 0.7278 
2026-09-02 06:56:03,682 - MMSA [INFO] - >> Epoch: 56 TRAIN -(DLF) [11/56/1] >> total_loss: 1.7359  acc_7: 0.7500  acc_5: 0.8131  acc_2: 0.9748  F1_score: 0.9748  Corr: 0.9739  MAE: 0.2531 
2026-09-02 06:56:06,398 - MMSA [INFO] - VAL-(DLF) >>  acc_7: 0.4323  acc_5: 0.5459  acc_2: 0.8519  F1_score: 0.8524  Corr: 0.7998  MAE: 0.7351  Loss: 0.7217 
2026-09-02 06:56:13,392 - MMSA [INFO] - TEST-(DLF) >>  acc_7: 0.4563  acc_5: 0.5306  acc_2: 0.8399  F1_score: 0.8405  Corr: 0.7936  MAE: 0.7442  Loss: 0.7436 
2026-09-02 06:56:49,579 - MMSA [INFO] - >> Epoch: 57 TRAIN -(DLF) [12/57/1] >> total_loss: 1.7518  acc_7: 0.7430  acc_5: 0.8061  acc_2: 0.9805  F1_score: 0.9805  Corr: 0.9734  MAE: 0.2646 
2026-09-02 06:56:52,361 - MMSA [INFO] - VAL-(DLF) >>  acc_7: 0.4541  acc_5: 0.5546  acc_2: 0.8565  F1_score: 0.8569  Corr: 0.8008  MAE: 0.7213  Loss: 0.7098 
2026-09-02 06:56:58,783 - MMSA [INFO] - TEST-(DLF) >>  acc_7: 0.4636  acc_5: 0.5364  acc_2: 0.8415  F1_score: 0.8420  Corr: 0.7941  MAE: 0.7332  Loss: 0.7325 
2026-09-02 06:57:37,493 - MMSA [INFO] - >> Epoch: 58 TRAIN -(DLF) [13/58/1] >> total_loss: 1.7228  acc_7: 0.7702  acc_5: 0.8185  acc_2: 0.9740  F1_score: 0.9740  Corr: 0.9754  MAE: 0.2461 
2026-09-02 06:57:40,436 - MMSA [INFO] - VAL-(DLF) >>  acc_7: 0.4410  acc_5: 0.5415  acc_2: 0.8519  F1_score: 0.8524  Corr: 0.7996  MAE: 0.7286  Loss: 0.7146 
2026-09-02 06:57:48,018 - MMSA [INFO] - TEST-(DLF) >>  acc_7: 0.4665  acc_5: 0.5335  acc_2: 0.8445  F1_score: 0.8447  Corr: 0.7945  MAE: 0.7254  Loss: 0.7247 
2026-09-02 06:58:24,414 - MMSA [INFO] - >> Epoch: 59 TRAIN -(DLF) [14/59/1] >> total_loss: 1.7343  acc_7: 0.7453  acc_5: 0.8030  acc_2: 0.9756  F1_score: 0.9756  Corr: 0.9748  MAE: 0.2510 
2026-09-02 06:58:27,705 - MMSA [INFO] - VAL-(DLF) >>  acc_7: 0.4672  acc_5: 0.5633  acc_2: 0.8519  F1_score: 0.8522  Corr: 0.8002  MAE: 0.7231  Loss: 0.7104 
2026-09-02 06:58:35,435 - MMSA [INFO] - TEST-(DLF) >>  acc_7: 0.4708  acc_5: 0.5394  acc_2: 0.8384  F1_score: 0.8390  Corr: 0.7932  MAE: 0.7333  Loss: 0.7326 
2026-09-02 06:59:10,519 - MMSA [INFO] - >> Epoch: 60 TRAIN -(DLF) [15/60/1] >> total_loss: 1.7238  acc_7: 0.7523  acc_5: 0.8076  acc_2: 0.9740  F1_score: 0.9740  Corr: 0.9757  MAE: 0.2475 
2026-09-02 06:59:13,597 - MMSA [INFO] - VAL-(DLF) >>  acc_7: 0.4585  acc_5: 0.5546  acc_2: 0.8519  F1_score: 0.8522  Corr: 0.8001  MAE: 0.7208  Loss: 0.7086 
2026-09-02 06:59:20,485 - MMSA [INFO] - TEST-(DLF) >>  acc_7: 0.4679  acc_5: 0.5379  acc_2: 0.8384  F1_score: 0.8390  Corr: 0.7924  MAE: 0.7329  Loss: 0.7322 
2026-09-02 06:59:56,201 - MMSA [INFO] - >> Epoch: 61 TRAIN -(DLF) [16/61/1] >> total_loss: 1.7128  acc_7: 0.7523  acc_5: 0.8162  acc_2: 0.9748  F1_score: 0.9748  Corr: 0.9738  MAE: 0.2518 
2026-09-02 06:59:59,138 - MMSA [INFO] - VAL-(DLF) >>  acc_7: 0.4541  acc_5: 0.5502  acc_2: 0.8519  F1_score: 0.8524  Corr: 0.7987  MAE: 0.7301  Loss: 0.7161 
2026-09-02 07:00:06,565 - MMSA [INFO] - TEST-(DLF) >>  acc_7: 0.4621  acc_5: 0.5350  acc_2: 0.8415  F1_score: 0.8419  Corr: 0.7928  MAE: 0.7336  Loss: 0.7330 
2026-09-02 07:00:50,475 - MMSA [INFO] - >> Epoch: 62 TRAIN -(DLF) [17/62/1] >> total_loss: 1.7021  acc_7: 0.7632  acc_5: 0.8178  acc_2: 0.9699  F1_score: 0.9699  Corr: 0.9755  MAE: 0.2431 
2026-09-02 07:00:54,842 - MMSA [INFO] - VAL-(DLF) >>  acc_7: 0.4541  acc_5: 0.5590  acc_2: 0.8565  F1_score: 0.8568  Corr: 0.7992  MAE: 0.7255  Loss: 0.7137 
2026-09-02 07:01:04,286 - MMSA [INFO] - TEST-(DLF) >>  acc_7: 0.4606  acc_5: 0.5350  acc_2: 0.8384  F1_score: 0.8390  Corr: 0.7916  MAE: 0.7411  Loss: 0.7405 
2026-09-02 07:01:41,313 - MMSA [INFO] - >> Epoch: 63 TRAIN -(DLF) [18/63/1] >> total_loss: 1.7105  acc_7: 0.7578  acc_5: 0.8224  acc_2: 0.9732  F1_score: 0.9732  Corr: 0.9759  MAE: 0.2469 
2026-09-02 07:01:44,001 - MMSA [INFO] - VAL-(DLF) >>  acc_7: 0.4454  acc_5: 0.5459  acc_2: 0.8472  F1_score: 0.8478  Corr: 0.7986  MAE: 0.7308  Loss: 0.7170 
2026-09-02 07:01:50,899 - MMSA [INFO] - TEST-(DLF) >>  acc_7: 0.4636  acc_5: 0.5379  acc_2: 0.8384  F1_score: 0.8388  Corr: 0.7924  MAE: 0.7325  Loss: 0.7318 
2026-09-02 07:02:28,192 - MMSA [INFO] - >> Epoch: 64 TRAIN -(DLF) [19/64/1] >> total_loss: 1.7013  acc_7: 0.7702  acc_5: 0.8271  acc_2: 0.9748  F1_score: 0.9748  Corr: 0.9757  MAE: 0.2417 
2026-09-02 07:02:32,032 - MMSA [INFO] - VAL-(DLF) >>  acc_7: 0.4454  acc_5: 0.5415  acc_2: 0.8519  F1_score: 0.8524  Corr: 0.7990  MAE: 0.7278  Loss: 0.7146 
2026-09-02 07:02:43,489 - MMSA [INFO] - TEST-(DLF) >>  acc_7: 0.4665  acc_5: 0.5394  acc_2: 0.8384  F1_score: 0.8388  Corr: 0.7922  MAE: 0.7315  Loss: 0.7308 
2026-09-02 07:03:26,263 - MMSA [INFO] - >> Epoch: 65 TRAIN -(DLF) [20/65/1] >> total_loss: 1.7157  acc_7: 0.7399  acc_5: 0.7998  acc_2: 0.9764  F1_score: 0.9765  Corr: 0.9742  MAE: 0.2549 
2026-09-02 07:03:28,746 - MMSA [INFO] - VAL-(DLF) >>  acc_7: 0.4410  acc_5: 0.5415  acc_2: 0.8519  F1_score: 0.8524  Corr: 0.7996  MAE: 0.7239  Loss: 0.7111 
2026-09-02 07:03:35,703 - MMSA [INFO] - TEST-(DLF) >>  acc_7: 0.4621  acc_5: 0.5350  acc_2: 0.8399  F1_score: 0.8404  Corr: 0.7915  MAE: 0.7333  Loss: 0.7326 
2026-09-02 07:03:44,522 - MMSA [INFO] - TEST-(DLF) >>  acc_7: 0.4490  acc_5: 0.5219  acc_2: 0.8323  F1_score: 0.8331  Corr: 0.7884  MAE: 0.7432  Loss: 0.7425 
2026-09-02 07:03:46,156 - MMSA [INFO] - Results saved to result/normal/mosi_serial_ccdr.csv.
2026-09-02 09:08:18,317 - MMSA [INFO] - Using device: cuda:0
2026-09-02 09:08:18,327 - MMSA [INFO] - Architecture: serial_ccdr, use_ccdr=True
2026-09-02 09:08:18,622 - MMSA [INFO] - train samples: (1284,)
2026-09-02 09:08:18,927 - MMSA [INFO] - valid samples: (229,)
2026-09-02 09:08:19,218 - MMSA [INFO] - test samples: (686,)
2026-09-02 09:08:23,795 - MMSA [INFO] - Optimizer: AdamW, bert_lr=2e-05, other_lr=0.0001, weight_decay=0.005
2026-09-02 09:08:57,016 - MMSA [INFO] - >> Epoch: 1 TRAIN -(DLF) [1/1/1] >> total_loss: 4.9987  acc_7: 0.1955  acc_5: 0.1955  acc_2: 0.5556  F1_score: 0.4788  Corr: 0.2201  MAE: 1.2947 
2026-09-02 09:08:59,385 - MMSA [INFO] - VAL-(DLF) >>  acc_7: 0.2445  acc_5: 0.2445  acc_2: 0.5741  F1_score: 0.4420  Corr: 0.4473  MAE: 1.3231  Loss: 1.3582 
2026-09-02 09:09:07,323 - MMSA [INFO] - TEST-(DLF) >>  acc_7: 0.1880  acc_5: 0.1880  acc_2: 0.4710  F1_score: 0.3536  Corr: 0.4902  MAE: 1.4184  Loss: 1.4174 
2026-09-02 09:09:41,035 - MMSA [INFO] - >> Epoch: 2 TRAIN -(DLF) [1/2/1] >> total_loss: 4.6321  acc_7: 0.2227  acc_5: 0.2227  acc_2: 0.6401  F1_score: 0.5894  Corr: 0.5555  MAE: 1.1718 
2026-09-02 09:09:44,659 - MMSA [INFO] - VAL-(DLF) >>  acc_7: 0.2838  acc_5: 0.2838  acc_2: 0.8148  F1_score: 0.8156  Corr: 0.6433  MAE: 1.1238  Loss: 1.1381 
2026-09-02 09:09:51,404 - MMSA [INFO] - TEST-(DLF) >>  acc_7: 0.2580  acc_5: 0.2580  acc_2: 0.8125  F1_score: 0.8115  Corr: 0.6267  MAE: 1.0986  Loss: 1.0972 
2026-09-02 09:10:24,294 - MMSA [INFO] - >> Epoch: 3 TRAIN -(DLF) [1/3/1] >> total_loss: 4.1787  acc_7: 0.2632  acc_5: 0.2632  acc_2: 0.8132  F1_score: 0.8137  Corr: 0.6863  MAE: 0.9700 
2026-09-02 09:10:26,802 - MMSA [INFO] - VAL-(DLF) >>  acc_7: 0.2533  acc_5: 0.2576  acc_2: 0.8426  F1_score: 0.8418  Corr: 0.6877  MAE: 0.9613  Loss: 0.9702 
2026-09-02 09:10:33,996 - MMSA [INFO] - TEST-(DLF) >>  acc_7: 0.3047  acc_5: 0.3090  acc_2: 0.8034  F1_score: 0.8045  Corr: 0.6863  MAE: 0.9867  Loss: 0.9858 
2026-09-02 09:11:08,170 - MMSA [INFO] - >> Epoch: 4 TRAIN -(DLF) [1/4/1] >> total_loss: 3.7734  acc_7: 0.3263  acc_5: 0.3349  acc_2: 0.8513  F1_score: 0.8515  Corr: 0.7505  MAE: 0.7896 
2026-09-02 09:11:12,114 - MMSA [INFO] - VAL-(DLF) >>  acc_7: 0.3581  acc_5: 0.4323  acc_2: 0.8565  F1_score: 0.8569  Corr: 0.7168  MAE: 0.8964  Loss: 0.8815 
2026-09-02 09:11:18,997 - MMSA [INFO] - TEST-(DLF) >>  acc_7: 0.3367  acc_5: 0.3615  acc_2: 0.8247  F1_score: 0.8242  Corr: 0.7122  MAE: 0.8792  Loss: 0.8782 
2026-09-02 09:11:51,841 - MMSA [INFO] - >> Epoch: 5 TRAIN -(DLF) [1/5/1] >> total_loss: 3.4769  acc_7: 0.4291  acc_5: 0.4533  acc_2: 0.8790  F1_score: 0.8790  Corr: 0.8130  MAE: 0.6776 
2026-09-02 09:11:54,489 - MMSA [INFO] - VAL-(DLF) >>  acc_7: 0.3799  acc_5: 0.4716  acc_2: 0.8565  F1_score: 0.8570  Corr: 0.7374  MAE: 0.8667  Loss: 0.8479 
2026-09-02 09:12:02,557 - MMSA [INFO] - TEST-(DLF) >>  acc_7: 0.3761  acc_5: 0.4286  acc_2: 0.8323  F1_score: 0.8316  Corr: 0.7373  MAE: 0.8378  Loss: 0.8371 
2026-09-02 09:12:36,376 - MMSA [INFO] - >> Epoch: 6 TRAIN -(DLF) [1/6/1] >> total_loss: 3.2935  acc_7: 0.4712  acc_5: 0.5023  acc_2: 0.9050  F1_score: 0.9051  Corr: 0.8396  MAE: 0.6246 
2026-09-02 09:12:38,914 - MMSA [INFO] - VAL-(DLF) >>  acc_7: 0.3493  acc_5: 0.4541  acc_2: 0.8380  F1_score: 0.8389  Corr: 0.7375  MAE: 0.8950  Loss: 0.8692 
2026-09-02 09:12:45,059 - MMSA [INFO] - TEST-(DLF) >>  acc_7: 0.3878  acc_5: 0.4650  acc_2: 0.8338  F1_score: 0.8297  Corr: 0.7420  MAE: 0.8260  Loss: 0.8251 
2026-09-02 09:13:17,896 - MMSA [INFO] - >> Epoch: 7 TRAIN -(DLF) [2/7/1] >> total_loss: 3.254  acc_7: 0.4564  acc_5: 0.4914  acc_2: 0.8830  F1_score: 0.8833  Corr: 0.8398  MAE: 0.6408 
2026-09-02 09:13:20,839 - MMSA [INFO] - VAL-(DLF) >>  acc_7: 0.4236  acc_5: 0.5328  acc_2: 0.8657  F1_score: 0.8661  Corr: 0.7643  MAE: 0.8217  Loss: 0.7998 
2026-09-02 09:13:28,498 - MMSA [INFO] - TEST-(DLF) >>  acc_7: 0.4023  acc_5: 0.4738  acc_2: 0.8216  F1_score: 0.8221  Corr: 0.7555  MAE: 0.8340  Loss: 0.8333 
2026-09-02 09:14:05,524 - MMSA [INFO] - >> Epoch: 8 TRAIN -(DLF) [1/8/1] >> total_loss: 3.0332  acc_7: 0.5000  acc_5: 0.5421  acc_2: 0.9261  F1_score: 0.9262  Corr: 0.8742  MAE: 0.5625 
2026-09-02 09:14:09,304 - MMSA [INFO] - VAL-(DLF) >>  acc_7: 0.4017  acc_5: 0.5153  acc_2: 0.8519  F1_score: 0.8511  Corr: 0.7696  MAE: 0.8390  Loss: 0.8187 
2026-09-02 09:14:16,434 - MMSA [INFO] - TEST-(DLF) >>  acc_7: 0.3907  acc_5: 0.4606  acc_2: 0.8003  F1_score: 0.8015  Corr: 0.7493  MAE: 0.9173  Loss: 0.9171 
2026-09-02 09:14:49,345 - MMSA [INFO] - >> Epoch: 9 TRAIN -(DLF) [2/9/1] >> total_loss: 2.9474  acc_7: 0.5312  acc_5: 0.5717  acc_2: 0.9269  F1_score: 0.9270  Corr: 0.8799  MAE: 0.5438 
2026-09-02 09:14:52,666 - MMSA [INFO] - VAL-(DLF) >>  acc_7: 0.4148  acc_5: 0.5328  acc_2: 0.8657  F1_score: 0.8661  Corr: 0.7746  MAE: 0.7947  Loss: 0.7689 
2026-09-02 09:14:59,181 - MMSA [INFO] - TEST-(DLF) >>  acc_7: 0.4198  acc_5: 0.5000  acc_2: 0.8323  F1_score: 0.8322  Corr: 0.7626  MAE: 0.8046  Loss: 0.8044 
2026-09-02 09:15:33,237 - MMSA [INFO] - >> Epoch: 10 TRAIN -(DLF) [1/10/1] >> total_loss: 2.8069  acc_7: 0.5670  acc_5: 0.6098  acc_2: 0.9318  F1_score: 0.9318  Corr: 0.8977  MAE: 0.4950 
2026-09-02 09:15:35,881 - MMSA [INFO] - VAL-(DLF) >>  acc_7: 0.3974  acc_5: 0.5066  acc_2: 0.8472  F1_score: 0.8477  Corr: 0.7787  MAE: 0.7903  Loss: 0.7670 
2026-09-02 09:15:42,824 - MMSA [INFO] - TEST-(DLF) >>  acc_7: 0.4213  acc_5: 0.4971  acc_2: 0.8415  F1_score: 0.8407  Corr: 0.7694  MAE: 0.7724  Loss: 0.7721 
2026-09-02 09:16:18,819 - MMSA [INFO] - >> Epoch: 11 TRAIN -(DLF) [1/11/1] >> total_loss: 2.7474  acc_7: 0.5576  acc_5: 0.5997  acc_2: 0.9374  F1_score: 0.9374  Corr: 0.9007  MAE: 0.4929 
2026-09-02 09:16:21,487 - MMSA [INFO] - VAL-(DLF) >>  acc_7: 0.3668  acc_5: 0.4847  acc_2: 0.8380  F1_score: 0.8388  Corr: 0.7760  MAE: 0.8319  Loss: 0.8079 
2026-09-02 09:16:27,131 - MMSA [INFO] - TEST-(DLF) >>  acc_7: 0.3980  acc_5: 0.4796  acc_2: 0.8506  F1_score: 0.8489  Corr: 0.7707  MAE: 0.7986  Loss: 0.7981 
2026-09-02 09:16:59,940 - MMSA [INFO] - >> Epoch: 12 TRAIN -(DLF) [2/12/1] >> total_loss: 2.6362  acc_7: 0.5911  acc_5: 0.6441  acc_2: 0.9423  F1_score: 0.9424  Corr: 0.9141  MAE: 0.4679 
2026-09-02 09:17:02,318 - MMSA [INFO] - VAL-(DLF) >>  acc_7: 0.3974  acc_5: 0.5153  acc_2: 0.8472  F1_score: 0.8480  Corr: 0.7848  MAE: 0.7889  Loss: 0.7646 
2026-09-02 09:17:10,427 - MMSA [INFO] - TEST-(DLF) >>  acc_7: 0.4155  acc_5: 0.4956  acc_2: 0.8491  F1_score: 0.8471  Corr: 0.7764  MAE: 0.7651  Loss: 0.7645 
2026-09-02 09:17:44,929 - MMSA [INFO] - >> Epoch: 13 TRAIN -(DLF) [1/13/1] >> total_loss: 2.6074  acc_7: 0.5927  acc_5: 0.6433  acc_2: 0.9326  F1_score: 0.9327  Corr: 0.9149  MAE: 0.4561 
2026-09-02 09:17:47,947 - MMSA [INFO] - VAL-(DLF) >>  acc_7: 0.4454  acc_5: 0.5633  acc_2: 0.8611  F1_score: 0.8607  Corr: 0.7958  MAE: 0.7642  Loss: 0.7435 
2026-09-02 09:17:55,850 - MMSA [INFO] - TEST-(DLF) >>  acc_7: 0.4125  acc_5: 0.4898  acc_2: 0.8201  F1_score: 0.8210  Corr: 0.7651  MAE: 0.8325  Loss: 0.8327 
2026-09-02 09:18:31,599 - MMSA [INFO] - >> Epoch: 14 TRAIN -(DLF) [1/14/1] >> total_loss: 2.4881  acc_7: 0.6114  acc_5: 0.6620  acc_2: 0.9504  F1_score: 0.9504  Corr: 0.9278  MAE: 0.4230 
2026-09-02 09:18:34,345 - MMSA [INFO] - VAL-(DLF) >>  acc_7: 0.4105  acc_5: 0.5284  acc_2: 0.8657  F1_score: 0.8660  Corr: 0.7958  MAE: 0.7473  Loss: 0.7214 
2026-09-02 09:18:42,501 - MMSA [INFO] - TEST-(DLF) >>  acc_7: 0.4271  acc_5: 0.5044  acc_2: 0.8430  F1_score: 0.8420  Corr: 0.7773  MAE: 0.7587  Loss: 0.7585 
2026-09-02 09:19:24,539 - MMSA [INFO] - >> Epoch: 15 TRAIN -(DLF) [1/15/1] >> total_loss: 2.4635  acc_7: 0.6238  acc_5: 0.6721  acc_2: 0.9431  F1_score: 0.9431  Corr: 0.9278  MAE: 0.4130 
2026-09-02 09:19:28,411 - MMSA [INFO] - VAL-(DLF) >>  acc_7: 0.3537  acc_5: 0.4716  acc_2: 0.8472  F1_score: 0.8481  Corr: 0.7817  MAE: 0.8590  Loss: 0.8354 
2026-09-02 09:19:36,192 - MMSA [INFO] - TEST-(DLF) >>  acc_7: 0.4431  acc_5: 0.5306  acc_2: 0.8506  F1_score: 0.8477  Corr: 0.7817  MAE: 0.7847  Loss: 0.7841 
2026-09-02 09:20:13,394 - MMSA [INFO] - >> Epoch: 16 TRAIN -(DLF) [2/16/1] >> total_loss: 2.5322  acc_7: 0.5444  acc_5: 0.6067  acc_2: 0.9236  F1_score: 0.9238  Corr: 0.9180  MAE: 0.4824 
2026-09-02 09:20:16,536 - MMSA [INFO] - VAL-(DLF) >>  acc_7: 0.4585  acc_5: 0.5808  acc_2: 0.8796  F1_score: 0.8798  Corr: 0.7981  MAE: 0.7364  Loss: 0.7173 
2026-09-02 09:20:25,099 - MMSA [INFO] - TEST-(DLF) >>  acc_7: 0.4125  acc_5: 0.4883  acc_2: 0.8308  F1_score: 0.8309  Corr: 0.7763  MAE: 0.7855  Loss: 0.7855 
2026-09-02 09:21:00,521 - MMSA [INFO] - >> Epoch: 17 TRAIN -(DLF) [1/17/1] >> total_loss: 2.397  acc_7: 0.6129  acc_5: 0.6752  acc_2: 0.9374  F1_score: 0.9375  Corr: 0.9349  MAE: 0.4163 
2026-09-02 09:21:02,859 - MMSA [INFO] - VAL-(DLF) >>  acc_7: 0.4323  acc_5: 0.5546  acc_2: 0.8704  F1_score: 0.8702  Corr: 0.7941  MAE: 0.7647  Loss: 0.7422 
2026-09-02 09:21:09,230 - MMSA [INFO] - TEST-(DLF) >>  acc_7: 0.3994  acc_5: 0.4781  acc_2: 0.8262  F1_score: 0.8269  Corr: 0.7682  MAE: 0.8509  Loss: 0.8509 
2026-09-02 09:21:41,098 - MMSA [INFO] - >> Epoch: 18 TRAIN -(DLF) [2/18/1] >> total_loss: 2.3042  acc_7: 0.6238  acc_5: 0.6791  acc_2: 0.9480  F1_score: 0.9481  Corr: 0.9378  MAE: 0.3988 
2026-09-02 09:21:43,779 - MMSA [INFO] - VAL-(DLF) >>  acc_7: 0.4367  acc_5: 0.5502  acc_2: 0.8704  F1_score: 0.8700  Corr: 0.8063  MAE: 0.7158  Loss: 0.7041 
2026-09-02 09:21:50,297 - MMSA [INFO] - TEST-(DLF) >>  acc_7: 0.3980  acc_5: 0.4738  acc_2: 0.8293  F1_score: 0.8299  Corr: 0.7754  MAE: 0.8021  Loss: 0.8019 
2026-09-02 09:22:25,474 - MMSA [INFO] - >> Epoch: 19 TRAIN -(DLF) [1/19/1] >> total_loss: 2.2636  acc_7: 0.6464  acc_5: 0.6970  acc_2: 0.9480  F1_score: 0.9480  Corr: 0.9420  MAE: 0.3819 
2026-09-02 09:22:28,287 - MMSA [INFO] - VAL-(DLF) >>  acc_7: 0.4105  acc_5: 0.5371  acc_2: 0.8657  F1_score: 0.8663  Corr: 0.7995  MAE: 0.7637  Loss: 0.7434 
2026-09-02 09:22:34,826 - MMSA [INFO] - TEST-(DLF) >>  acc_7: 0.4213  acc_5: 0.5087  acc_2: 0.8338  F1_score: 0.8336  Corr: 0.7736  MAE: 0.8061  Loss: 0.8057 
2026-09-02 09:23:07,155 - MMSA [INFO] - >> Epoch: 20 TRAIN -(DLF) [2/20/1] >> total_loss: 2.2046  acc_7: 0.6558  acc_5: 0.7103  acc_2: 0.9602  F1_score: 0.9602  Corr: 0.9462  MAE: 0.3716 
2026-09-02 09:23:09,801 - MMSA [INFO] - VAL-(DLF) >>  acc_7: 0.4454  acc_5: 0.5590  acc_2: 0.8704  F1_score: 0.8709  Corr: 0.8037  MAE: 0.7283  Loss: 0.7077 
2026-09-02 09:23:16,159 - MMSA [INFO] - TEST-(DLF) >>  acc_7: 0.4373  acc_5: 0.5160  acc_2: 0.8460  F1_score: 0.8452  Corr: 0.7793  MAE: 0.7468  Loss: 0.7463 
2026-09-02 09:23:47,915 - MMSA [INFO] - >> Epoch: 21 TRAIN -(DLF) [3/21/1] >> total_loss: 2.193  acc_7: 0.6612  acc_5: 0.7165  acc_2: 0.9545  F1_score: 0.9545  Corr: 0.9495  MAE: 0.3571 
2026-09-02 09:23:50,585 - MMSA [INFO] - VAL-(DLF) >>  acc_7: 0.4672  acc_5: 0.5764  acc_2: 0.8704  F1_score: 0.8700  Corr: 0.8043  MAE: 0.7340  Loss: 0.7179 
2026-09-02 09:23:57,033 - MMSA [INFO] - TEST-(DLF) >>  acc_7: 0.4184  acc_5: 0.4956  acc_2: 0.8247  F1_score: 0.8252  Corr: 0.7747  MAE: 0.8098  Loss: 0.8095 
2026-09-02 09:24:28,665 - MMSA [INFO] - >> Epoch: 22 TRAIN -(DLF) [4/22/1] >> total_loss: 2.1763  acc_7: 0.6604  acc_5: 0.7157  acc_2: 0.9537  F1_score: 0.9537  Corr: 0.9497  MAE: 0.3564 
2026-09-02 09:24:31,044 - MMSA [INFO] - VAL-(DLF) >>  acc_7: 0.4236  acc_5: 0.5328  acc_2: 0.8704  F1_score: 0.8704  Corr: 0.8067  MAE: 0.7153  Loss: 0.7038 
2026-09-02 09:24:39,559 - MMSA [INFO] - TEST-(DLF) >>  acc_7: 0.4227  acc_5: 0.4971  acc_2: 0.8354  F1_score: 0.8354  Corr: 0.7826  MAE: 0.7701  Loss: 0.7698 
2026-09-02 09:25:22,259 - MMSA [INFO] - >> Epoch: 23 TRAIN -(DLF) [1/23/1] >> total_loss: 2.1813  acc_7: 0.6417  acc_5: 0.6994  acc_2: 0.9488  F1_score: 0.9488  Corr: 0.9481  MAE: 0.3747 
2026-09-02 09:25:24,799 - MMSA [INFO] - VAL-(DLF) >>  acc_7: 0.3886  acc_5: 0.5066  acc_2: 0.8657  F1_score: 0.8663  Corr: 0.7956  MAE: 0.7790  Loss: 0.7584 
2026-09-02 09:25:33,377 - MMSA [INFO] - TEST-(DLF) >>  acc_7: 0.4286  acc_5: 0.5131  acc_2: 0.8430  F1_score: 0.8417  Corr: 0.7822  MAE: 0.7840  Loss: 0.7835 
2026-09-02 09:26:14,429 - MMSA [INFO] - >> Epoch: 24 TRAIN -(DLF) [2/24/1] >> total_loss: 2.1386  acc_7: 0.6488  acc_5: 0.7212  acc_2: 0.9586  F1_score: 0.9586  Corr: 0.9507  MAE: 0.3665 
2026-09-02 09:26:17,875 - MMSA [INFO] - VAL-(DLF) >>  acc_7: 0.4192  acc_5: 0.5284  acc_2: 0.8657  F1_score: 0.8661  Corr: 0.7997  MAE: 0.7234  Loss: 0.7098 
2026-09-02 09:26:25,479 - MMSA [INFO] - TEST-(DLF) >>  acc_7: 0.4431  acc_5: 0.5131  acc_2: 0.8521  F1_score: 0.8513  Corr: 0.7849  MAE: 0.7377  Loss: 0.7371 
2026-09-02 09:27:05,586 - MMSA [INFO] - >> Epoch: 25 TRAIN -(DLF) [3/25/1] >> total_loss: 2.0974  acc_7: 0.6861  acc_5: 0.7399  acc_2: 0.9602  F1_score: 0.9602  Corr: 0.9540  MAE: 0.3392 
2026-09-02 09:27:08,394 - MMSA [INFO] - VAL-(DLF) >>  acc_7: 0.3843  acc_5: 0.4934  acc_2: 0.8657  F1_score: 0.8663  Corr: 0.7975  MAE: 0.7922  Loss: 0.7719 
2026-09-02 09:27:15,757 - MMSA [INFO] - TEST-(DLF) >>  acc_7: 0.4431  acc_5: 0.5321  acc_2: 0.8445  F1_score: 0.8436  Corr: 0.7730  MAE: 0.8031  Loss: 0.8028 
2026-09-02 09:27:58,295 - MMSA [INFO] - >> Epoch: 26 TRAIN -(DLF) [4/26/1] >> total_loss: 2.1254  acc_7: 0.6597  acc_5: 0.7204  acc_2: 0.9594  F1_score: 0.9594  Corr: 0.9503  MAE: 0.3666 
2026-09-02 09:28:01,473 - MMSA [INFO] - VAL-(DLF) >>  acc_7: 0.4367  acc_5: 0.5459  acc_2: 0.8611  F1_score: 0.8607  Corr: 0.8047  MAE: 0.7131  Loss: 0.7040 
2026-09-02 09:28:07,909 - MMSA [INFO] - TEST-(DLF) >>  acc_7: 0.4359  acc_5: 0.5073  acc_2: 0.8247  F1_score: 0.8253  Corr: 0.7737  MAE: 0.7851  Loss: 0.7849 
2026-09-02 09:28:47,528 - MMSA [INFO] - >> Epoch: 27 TRAIN -(DLF) [5/27/1] >> total_loss: 2.0363  acc_7: 0.7150  acc_5: 0.7726  acc_2: 0.9634  F1_score: 0.9634  Corr: 0.9576  MAE: 0.3234 
2026-09-02 09:28:51,117 - MMSA [INFO] - VAL-(DLF) >>  acc_7: 0.4454  acc_5: 0.5459  acc_2: 0.8472  F1_score: 0.8473  Corr: 0.8027  MAE: 0.7506  Loss: 0.7299 
2026-09-02 09:29:01,339 - MMSA [INFO] - TEST-(DLF) >>  acc_7: 0.4373  acc_5: 0.5146  acc_2: 0.8415  F1_score: 0.8409  Corr: 0.7784  MAE: 0.7768  Loss: 0.7765 
2026-09-02 09:29:43,906 - MMSA [INFO] - >> Epoch: 28 TRAIN -(DLF) [6/28/1] >> total_loss: 2.0106  acc_7: 0.7095  acc_5: 0.7609  acc_2: 0.9699  F1_score: 0.9699  Corr: 0.9581  MAE: 0.3185 
2026-09-02 09:29:46,762 - MMSA [INFO] - VAL-(DLF) >>  acc_7: 0.4236  acc_5: 0.5284  acc_2: 0.8565  F1_score: 0.8553  Corr: 0.8069  MAE: 0.7167  Loss: 0.7104 
2026-09-02 09:29:56,123 - MMSA [INFO] - TEST-(DLF) >>  acc_7: 0.4111  acc_5: 0.4840  acc_2: 0.8034  F1_score: 0.8045  Corr: 0.7720  MAE: 0.7955  Loss: 0.7951 
2026-09-02 09:30:40,717 - MMSA [INFO] - >> Epoch: 29 TRAIN -(DLF) [7/29/1] >> total_loss: 2.0239  acc_7: 0.6970  acc_5: 0.7492  acc_2: 0.9594  F1_score: 0.9594  Corr: 0.9571  MAE: 0.3229 
2026-09-02 09:30:43,436 - MMSA [INFO] - VAL-(DLF) >>  acc_7: 0.4367  acc_5: 0.5415  acc_2: 0.8426  F1_score: 0.8428  Corr: 0.8045  MAE: 0.7298  Loss: 0.7175 
2026-09-02 09:30:53,045 - MMSA [INFO] - TEST-(DLF) >>  acc_7: 0.4286  acc_5: 0.5087  acc_2: 0.8384  F1_score: 0.8383  Corr: 0.7803  MAE: 0.7645  Loss: 0.7641 
2026-09-02 09:31:38,126 - MMSA [INFO] - >> Epoch: 30 TRAIN -(DLF) [8/30/1] >> total_loss: 1.9753  acc_7: 0.7009  acc_5: 0.7609  acc_2: 0.9618  F1_score: 0.9618  Corr: 0.9617  MAE: 0.3076 
2026-09-02 09:31:40,956 - MMSA [INFO] - VAL-(DLF) >>  acc_7: 0.4323  acc_5: 0.5415  acc_2: 0.8426  F1_score: 0.8428  Corr: 0.8024  MAE: 0.7293  Loss: 0.7151 
2026-09-02 09:31:49,397 - MMSA [INFO] - TEST-(DLF) >>  acc_7: 0.4286  acc_5: 0.5044  acc_2: 0.8506  F1_score: 0.8501  Corr: 0.7829  MAE: 0.7558  Loss: 0.7556 
2026-09-02 09:32:29,841 - MMSA [INFO] - >> Epoch: 31 TRAIN -(DLF) [9/31/1] >> total_loss: 1.9783  acc_7: 0.6986  acc_5: 0.7617  acc_2: 0.9618  F1_score: 0.9618  Corr: 0.9628  MAE: 0.3104 
2026-09-02 09:32:32,496 - MMSA [INFO] - VAL-(DLF) >>  acc_7: 0.4148  acc_5: 0.5328  acc_2: 0.8519  F1_score: 0.8514  Corr: 0.8004  MAE: 0.7450  Loss: 0.7328 
2026-09-02 09:32:40,063 - MMSA [INFO] - TEST-(DLF) >>  acc_7: 0.4169  acc_5: 0.4956  acc_2: 0.8232  F1_score: 0.8236  Corr: 0.7739  MAE: 0.8041  Loss: 0.8041 
2026-09-02 09:33:17,361 - MMSA [INFO] - >> Epoch: 32 TRAIN -(DLF) [10/32/1] >> total_loss: 1.9791  acc_7: 0.6978  acc_5: 0.7547  acc_2: 0.9643  F1_score: 0.9642  Corr: 0.9625  MAE: 0.3102 
2026-09-02 09:33:20,348 - MMSA [INFO] - VAL-(DLF) >>  acc_7: 0.4323  acc_5: 0.5459  acc_2: 0.8472  F1_score: 0.8478  Corr: 0.8009  MAE: 0.7265  Loss: 0.7111 
2026-09-02 09:33:27,443 - MMSA [INFO] - TEST-(DLF) >>  acc_7: 0.4329  acc_5: 0.5073  acc_2: 0.8491  F1_score: 0.8481  Corr: 0.7798  MAE: 0.7456  Loss: 0.7452 
2026-09-02 09:34:06,419 - MMSA [INFO] - >> Epoch: 33 TRAIN -(DLF) [11/33/1] >> total_loss: 1.9481  acc_7: 0.7196  acc_5: 0.7827  acc_2: 0.9626  F1_score: 0.9627  Corr: 0.9645  MAE: 0.2991 
2026-09-02 09:34:08,933 - MMSA [INFO] - VAL-(DLF) >>  acc_7: 0.4498  acc_5: 0.5546  acc_2: 0.8565  F1_score: 0.8568  Corr: 0.8018  MAE: 0.7378  Loss: 0.7211 
2026-09-02 09:34:16,332 - MMSA [INFO] - TEST-(DLF) >>  acc_7: 0.4300  acc_5: 0.5073  acc_2: 0.8445  F1_score: 0.8442  Corr: 0.7793  MAE: 0.7681  Loss: 0.7679 
2026-09-02 09:34:54,471 - MMSA [INFO] - >> Epoch: 34 TRAIN -(DLF) [12/34/1] >> total_loss: 1.9113  acc_7: 0.7274  acc_5: 0.7788  acc_2: 0.9724  F1_score: 0.9724  Corr: 0.9675  MAE: 0.2822 
2026-09-02 09:34:57,107 - MMSA [INFO] - VAL-(DLF) >>  acc_7: 0.4236  acc_5: 0.5371  acc_2: 0.8472  F1_score: 0.8471  Corr: 0.8053  MAE: 0.7158  Loss: 0.7044 
2026-09-02 09:35:04,160 - MMSA [INFO] - TEST-(DLF) >>  acc_7: 0.4344  acc_5: 0.5073  acc_2: 0.8338  F1_score: 0.8340  Corr: 0.7797  MAE: 0.7677  Loss: 0.7674 
2026-09-02 09:35:41,813 - MMSA [INFO] - >> Epoch: 35 TRAIN -(DLF) [13/35/1] >> total_loss: 1.9022  acc_7: 0.7461  acc_5: 0.7975  acc_2: 0.9699  F1_score: 0.9699  Corr: 0.9669  MAE: 0.2842 
2026-09-02 09:35:44,910 - MMSA [INFO] - VAL-(DLF) >>  acc_7: 0.4541  acc_5: 0.5590  acc_2: 0.8472  F1_score: 0.8475  Corr: 0.8047  MAE: 0.7193  Loss: 0.7029 
2026-09-02 09:35:54,917 - MMSA [INFO] - TEST-(DLF) >>  acc_7: 0.4286  acc_5: 0.5029  acc_2: 0.8491  F1_score: 0.8485  Corr: 0.7841  MAE: 0.7422  Loss: 0.7417 
2026-09-02 09:36:35,935 - MMSA [INFO] - >> Epoch: 36 TRAIN -(DLF) [1/36/1] >> total_loss: 1.9138  acc_7: 0.7126  acc_5: 0.7679  acc_2: 0.9602  F1_score: 0.9603  Corr: 0.9673  MAE: 0.2901 
2026-09-02 09:36:38,968 - MMSA [INFO] - VAL-(DLF) >>  acc_7: 0.4454  acc_5: 0.5546  acc_2: 0.8472  F1_score: 0.8475  Corr: 0.8041  MAE: 0.7253  Loss: 0.7099 
2026-09-02 09:36:45,746 - MMSA [INFO] - TEST-(DLF) >>  acc_7: 0.4315  acc_5: 0.5087  acc_2: 0.8506  F1_score: 0.8501  Corr: 0.7837  MAE: 0.7520  Loss: 0.7516 
2026-09-02 09:37:22,432 - MMSA [INFO] - >> Epoch: 37 TRAIN -(DLF) [2/37/1] >> total_loss: 1.9048  acc_7: 0.7290  acc_5: 0.7850  acc_2: 0.9643  F1_score: 0.9642  Corr: 0.9664  MAE: 0.2850 
2026-09-02 09:37:24,979 - MMSA [INFO] - VAL-(DLF) >>  acc_7: 0.4454  acc_5: 0.5502  acc_2: 0.8519  F1_score: 0.8522  Corr: 0.8037  MAE: 0.7250  Loss: 0.7118 
2026-09-02 09:37:32,115 - MMSA [INFO] - TEST-(DLF) >>  acc_7: 0.4388  acc_5: 0.5146  acc_2: 0.8521  F1_score: 0.8517  Corr: 0.7838  MAE: 0.7536  Loss: 0.7532 
2026-09-02 09:38:10,338 - MMSA [INFO] - >> Epoch: 38 TRAIN -(DLF) [3/38/1] >> total_loss: 1.8947  acc_7: 0.7235  acc_5: 0.7835  acc_2: 0.9683  F1_score: 0.9683  Corr: 0.9676  MAE: 0.2824 
2026-09-02 09:38:12,814 - MMSA [INFO] - VAL-(DLF) >>  acc_7: 0.4410  acc_5: 0.5459  acc_2: 0.8519  F1_score: 0.8522  Corr: 0.8038  MAE: 0.7212  Loss: 0.7091 
2026-09-02 09:38:19,583 - MMSA [INFO] - TEST-(DLF) >>  acc_7: 0.4446  acc_5: 0.5219  acc_2: 0.8506  F1_score: 0.8503  Corr: 0.7841  MAE: 0.7516  Loss: 0.7512 
2026-09-02 09:38:57,585 - MMSA [INFO] - >> Epoch: 39 TRAIN -(DLF) [4/39/1] >> total_loss: 1.8736  acc_7: 0.7196  acc_5: 0.7827  acc_2: 0.9724  F1_score: 0.9724  Corr: 0.9689  MAE: 0.2742 
2026-09-02 09:39:00,545 - MMSA [INFO] - VAL-(DLF) >>  acc_7: 0.4498  acc_5: 0.5502  acc_2: 0.8565  F1_score: 0.8566  Corr: 0.8045  MAE: 0.7171  Loss: 0.7057 
2026-09-02 09:39:07,849 - MMSA [INFO] - TEST-(DLF) >>  acc_7: 0.4388  acc_5: 0.5146  acc_2: 0.8415  F1_score: 0.8413  Corr: 0.7827  MAE: 0.7537  Loss: 0.7532 
2026-09-02 09:39:44,038 - MMSA [INFO] - >> Epoch: 40 TRAIN -(DLF) [5/40/1] >> total_loss: 1.8838  acc_7: 0.7430  acc_5: 0.8014  acc_2: 0.9748  F1_score: 0.9748  Corr: 0.9692  MAE: 0.2733 
2026-09-02 09:39:46,905 - MMSA [INFO] - VAL-(DLF) >>  acc_7: 0.4541  acc_5: 0.5546  acc_2: 0.8565  F1_score: 0.8564  Corr: 0.8048  MAE: 0.7196  Loss: 0.7097 
2026-09-02 09:39:54,207 - MMSA [INFO] - TEST-(DLF) >>  acc_7: 0.4388  acc_5: 0.5131  acc_2: 0.8323  F1_score: 0.8325  Corr: 0.7814  MAE: 0.7676  Loss: 0.7673 
2026-09-02 09:40:31,530 - MMSA [INFO] - >> Epoch: 41 TRAIN -(DLF) [6/41/1] >> total_loss: 1.8851  acc_7: 0.7477  acc_5: 0.8053  acc_2: 0.9756  F1_score: 0.9756  Corr: 0.9692  MAE: 0.2727 
2026-09-02 09:40:34,609 - MMSA [INFO] - VAL-(DLF) >>  acc_7: 0.4498  acc_5: 0.5546  acc_2: 0.8519  F1_score: 0.8520  Corr: 0.8059  MAE: 0.7172  Loss: 0.7042 
2026-09-02 09:40:41,854 - MMSA [INFO] - TEST-(DLF) >>  acc_7: 0.4402  acc_5: 0.5146  acc_2: 0.8460  F1_score: 0.8458  Corr: 0.7833  MAE: 0.7512  Loss: 0.7508 
2026-09-02 09:41:20,990 - MMSA [INFO] - >> Epoch: 42 TRAIN -(DLF) [7/42/1] >> total_loss: 1.8866  acc_7: 0.7227  acc_5: 0.7858  acc_2: 0.9789  F1_score: 0.9789  Corr: 0.9694  MAE: 0.2766 
2026-09-02 09:41:23,873 - MMSA [INFO] - VAL-(DLF) >>  acc_7: 0.4585  acc_5: 0.5502  acc_2: 0.8472  F1_score: 0.8473  Corr: 0.8068  MAE: 0.7100  Loss: 0.6985 
2026-09-02 09:41:30,562 - MMSA [INFO] - TEST-(DLF) >>  acc_7: 0.4446  acc_5: 0.5175  acc_2: 0.8369  F1_score: 0.8369  Corr: 0.7824  MAE: 0.7505  Loss: 0.7502 
2026-09-02 09:42:07,746 - MMSA [INFO] - >> Epoch: 43 TRAIN -(DLF) [1/43/1] >> total_loss: 1.8612  acc_7: 0.7259  acc_5: 0.7835  acc_2: 0.9683  F1_score: 0.9683  Corr: 0.9712  MAE: 0.2661 
2026-09-02 09:42:10,795 - MMSA [INFO] - VAL-(DLF) >>  acc_7: 0.4541  acc_5: 0.5502  acc_2: 0.8519  F1_score: 0.8516  Corr: 0.8067  MAE: 0.7104  Loss: 0.7005 
2026-09-02 09:42:17,341 - MMSA [INFO] - TEST-(DLF) >>  acc_7: 0.4402  acc_5: 0.5131  acc_2: 0.8354  F1_score: 0.8354  Corr: 0.7819  MAE: 0.7551  Loss: 0.7548 
2026-09-02 09:42:54,710 - MMSA [INFO] - >> Epoch: 44 TRAIN -(DLF) [2/44/1] >> total_loss: 1.8594  acc_7: 0.7282  acc_5: 0.7866  acc_2: 0.9748  F1_score: 0.9748  Corr: 0.9693  MAE: 0.2710 
2026-09-02 09:42:57,387 - MMSA [INFO] - VAL-(DLF) >>  acc_7: 0.4454  acc_5: 0.5502  acc_2: 0.8519  F1_score: 0.8520  Corr: 0.8054  MAE: 0.7193  Loss: 0.7066 
2026-09-02 09:43:04,910 - MMSA [INFO] - TEST-(DLF) >>  acc_7: 0.4417  acc_5: 0.5160  acc_2: 0.8445  F1_score: 0.8443  Corr: 0.7827  MAE: 0.7538  Loss: 0.7534 
2026-09-02 09:43:41,887 - MMSA [INFO] - >> Epoch: 45 TRAIN -(DLF) [3/45/1] >> total_loss: 1.8732  acc_7: 0.7453  acc_5: 0.8006  acc_2: 0.9748  F1_score: 0.9748  Corr: 0.9697  MAE: 0.2680 
2026-09-02 09:43:44,962 - MMSA [INFO] - VAL-(DLF) >>  acc_7: 0.4410  acc_5: 0.5546  acc_2: 0.8565  F1_score: 0.8568  Corr: 0.8044  MAE: 0.7245  Loss: 0.7112 
2026-09-02 09:43:52,290 - MMSA [INFO] - TEST-(DLF) >>  acc_7: 0.4490  acc_5: 0.5190  acc_2: 0.8476  F1_score: 0.8472  Corr: 0.7830  MAE: 0.7562  Loss: 0.7559 
2026-09-02 09:44:28,856 - MMSA [INFO] - >> Epoch: 46 TRAIN -(DLF) [4/46/1] >> total_loss: 1.8661  acc_7: 0.7344  acc_5: 0.7928  acc_2: 0.9667  F1_score: 0.9667  Corr: 0.9700  MAE: 0.2696 
2026-09-02 09:44:31,231 - MMSA [INFO] - VAL-(DLF) >>  acc_7: 0.4410  acc_5: 0.5502  acc_2: 0.8657  F1_score: 0.8658  Corr: 0.8052  MAE: 0.7196  Loss: 0.7081 
2026-09-02 09:44:37,348 - MMSA [INFO] - TEST-(DLF) >>  acc_7: 0.4548  acc_5: 0.5262  acc_2: 0.8460  F1_score: 0.8458  Corr: 0.7828  MAE: 0.7570  Loss: 0.7567 
2026-09-02 09:45:13,431 - MMSA [INFO] - >> Epoch: 47 TRAIN -(DLF) [5/47/1] >> total_loss: 1.8706  acc_7: 0.7484  acc_5: 0.8076  acc_2: 0.9756  F1_score: 0.9756  Corr: 0.9701  MAE: 0.2718 
2026-09-02 09:45:16,114 - MMSA [INFO] - VAL-(DLF) >>  acc_7: 0.4629  acc_5: 0.5633  acc_2: 0.8657  F1_score: 0.8658  Corr: 0.8057  MAE: 0.7183  Loss: 0.7065 
2026-09-02 09:45:23,353 - MMSA [INFO] - TEST-(DLF) >>  acc_7: 0.4519  acc_5: 0.5219  acc_2: 0.8491  F1_score: 0.8487  Corr: 0.7826  MAE: 0.7548  Loss: 0.7545 
2026-09-02 09:46:03,296 - MMSA [INFO] - >> Epoch: 48 TRAIN -(DLF) [6/48/1] >> total_loss: 1.8743  acc_7: 0.7368  acc_5: 0.7936  acc_2: 0.9659  F1_score: 0.9659  Corr: 0.9682  MAE: 0.2782 
2026-09-02 09:46:06,149 - MMSA [INFO] - VAL-(DLF) >>  acc_7: 0.4672  acc_5: 0.5633  acc_2: 0.8565  F1_score: 0.8564  Corr: 0.8062  MAE: 0.7180  Loss: 0.7062 
2026-09-02 09:46:13,419 - MMSA [INFO] - TEST-(DLF) >>  acc_7: 0.4519  acc_5: 0.5190  acc_2: 0.8430  F1_score: 0.8428  Corr: 0.7811  MAE: 0.7603  Loss: 0.7599 
2026-09-02 09:46:49,739 - MMSA [INFO] - >> Epoch: 49 TRAIN -(DLF) [7/49/1] >> total_loss: 1.8445  acc_7: 0.7383  acc_5: 0.7975  acc_2: 0.9716  F1_score: 0.9716  Corr: 0.9704  MAE: 0.2665 
2026-09-02 09:46:52,162 - MMSA [INFO] - VAL-(DLF) >>  acc_7: 0.4629  acc_5: 0.5590  acc_2: 0.8565  F1_score: 0.8564  Corr: 0.8062  MAE: 0.7168  Loss: 0.7053 
2026-09-02 09:46:58,859 - MMSA [INFO] - TEST-(DLF) >>  acc_7: 0.4490  acc_5: 0.5175  acc_2: 0.8384  F1_score: 0.8383  Corr: 0.7804  MAE: 0.7612  Loss: 0.7608 
2026-09-02 09:47:36,891 - MMSA [INFO] - >> Epoch: 50 TRAIN -(DLF) [8/50/1] >> total_loss: 1.8242  acc_7: 0.7578  acc_5: 0.8170  acc_2: 0.9805  F1_score: 0.9805  Corr: 0.9730  MAE: 0.2544 
2026-09-02 09:47:39,852 - MMSA [INFO] - VAL-(DLF) >>  acc_7: 0.4629  acc_5: 0.5633  acc_2: 0.8565  F1_score: 0.8564  Corr: 0.8062  MAE: 0.7178  Loss: 0.7064 
2026-09-02 09:47:46,862 - MMSA [INFO] - TEST-(DLF) >>  acc_7: 0.4475  acc_5: 0.5160  acc_2: 0.8369  F1_score: 0.8369  Corr: 0.7796  MAE: 0.7647  Loss: 0.7644 
2026-09-02 09:48:24,762 - MMSA [INFO] - >> Epoch: 51 TRAIN -(DLF) [9/51/1] >> total_loss: 1.8473  acc_7: 0.7562  acc_5: 0.8115  acc_2: 0.9740  F1_score: 0.9740  Corr: 0.9718  MAE: 0.2627 
2026-09-02 09:48:27,314 - MMSA [INFO] - VAL-(DLF) >>  acc_7: 0.4716  acc_5: 0.5677  acc_2: 0.8565  F1_score: 0.8564  Corr: 0.8061  MAE: 0.7183  Loss: 0.7066 
2026-09-02 09:48:34,105 - MMSA [INFO] - TEST-(DLF) >>  acc_7: 0.4446  acc_5: 0.5117  acc_2: 0.8338  F1_score: 0.8339  Corr: 0.7793  MAE: 0.7659  Loss: 0.7655 
2026-09-02 09:49:10,087 - MMSA [INFO] - >> Epoch: 52 TRAIN -(DLF) [10/52/1] >> total_loss: 1.8309  acc_7: 0.7492  acc_5: 0.8053  acc_2: 0.9756  F1_score: 0.9756  Corr: 0.9731  MAE: 0.2619 
2026-09-02 09:49:12,935 - MMSA [INFO] - VAL-(DLF) >>  acc_7: 0.4716  acc_5: 0.5721  acc_2: 0.8565  F1_score: 0.8564  Corr: 0.8058  MAE: 0.7198  Loss: 0.7084 
2026-09-02 09:49:19,335 - MMSA [INFO] - TEST-(DLF) >>  acc_7: 0.4402  acc_5: 0.5087  acc_2: 0.8354  F1_score: 0.8354  Corr: 0.7783  MAE: 0.7707  Loss: 0.7704 
2026-09-02 09:49:56,303 - MMSA [INFO] - >> Epoch: 53 TRAIN -(DLF) [11/53/1] >> total_loss: 1.8478  acc_7: 0.7438  acc_5: 0.8069  acc_2: 0.9732  F1_score: 0.9732  Corr: 0.9707  MAE: 0.2667 
2026-09-02 09:49:59,637 - MMSA [INFO] - VAL-(DLF) >>  acc_7: 0.4585  acc_5: 0.5546  acc_2: 0.8565  F1_score: 0.8566  Corr: 0.8058  MAE: 0.7178  Loss: 0.7049 
2026-09-02 09:50:06,558 - MMSA [INFO] - TEST-(DLF) >>  acc_7: 0.4431  acc_5: 0.5131  acc_2: 0.8430  F1_score: 0.8426  Corr: 0.7799  MAE: 0.7550  Loss: 0.7546 
2026-09-02 09:50:45,926 - MMSA [INFO] - >> Epoch: 54 TRAIN -(DLF) [12/54/1] >> total_loss: 1.8473  acc_7: 0.7282  acc_5: 0.7812  acc_2: 0.9756  F1_score: 0.9756  Corr: 0.9700  MAE: 0.2680 
2026-09-02 09:50:50,040 - MMSA [INFO] - VAL-(DLF) >>  acc_7: 0.4672  acc_5: 0.5633  acc_2: 0.8565  F1_score: 0.8564  Corr: 0.8061  MAE: 0.7150  Loss: 0.7039 
2026-09-02 09:50:57,468 - MMSA [INFO] - TEST-(DLF) >>  acc_7: 0.4417  acc_5: 0.5117  acc_2: 0.8354  F1_score: 0.8354  Corr: 0.7786  MAE: 0.7634  Loss: 0.7630 
2026-09-02 09:51:36,009 - MMSA [INFO] - >> Epoch: 55 TRAIN -(DLF) [13/55/1] >> total_loss: 1.839  acc_7: 0.7539  acc_5: 0.8100  acc_2: 0.9773  F1_score: 0.9772  Corr: 0.9715  MAE: 0.2641 
2026-09-02 09:51:38,876 - MMSA [INFO] - VAL-(DLF) >>  acc_7: 0.4629  acc_5: 0.5633  acc_2: 0.8565  F1_score: 0.8564  Corr: 0.8058  MAE: 0.7173  Loss: 0.7058 
2026-09-02 09:51:45,595 - MMSA [INFO] - TEST-(DLF) >>  acc_7: 0.4417  acc_5: 0.5117  acc_2: 0.8354  F1_score: 0.8354  Corr: 0.7788  MAE: 0.7640  Loss: 0.7637 
2026-09-02 09:52:22,108 - MMSA [INFO] - >> Epoch: 56 TRAIN -(DLF) [14/56/1] >> total_loss: 1.8524  acc_7: 0.7461  acc_5: 0.8069  acc_2: 0.9740  F1_score: 0.9740  Corr: 0.9708  MAE: 0.2673 
2026-09-02 09:52:24,640 - MMSA [INFO] - VAL-(DLF) >>  acc_7: 0.4672  acc_5: 0.5633  acc_2: 0.8565  F1_score: 0.8564  Corr: 0.8057  MAE: 0.7190  Loss: 0.7074 
2026-09-02 09:52:31,828 - MMSA [INFO] - TEST-(DLF) >>  acc_7: 0.4417  acc_5: 0.5117  acc_2: 0.8369  F1_score: 0.8369  Corr: 0.7793  MAE: 0.7640  Loss: 0.7637 
2026-09-02 09:53:05,849 - MMSA [INFO] - >> Epoch: 57 TRAIN -(DLF) [15/57/1] >> total_loss: 1.8334  acc_7: 0.7562  acc_5: 0.8193  acc_2: 0.9756  F1_score: 0.9756  Corr: 0.9721  MAE: 0.2591 
2026-09-02 09:53:08,420 - MMSA [INFO] - VAL-(DLF) >>  acc_7: 0.4629  acc_5: 0.5590  acc_2: 0.8565  F1_score: 0.8566  Corr: 0.8055  MAE: 0.7199  Loss: 0.7074 
2026-09-02 09:53:14,528 - MMSA [INFO] - TEST-(DLF) >>  acc_7: 0.4388  acc_5: 0.5087  acc_2: 0.8460  F1_score: 0.8457  Corr: 0.7807  MAE: 0.7562  Loss: 0.7558 
2026-09-02 09:53:47,834 - MMSA [INFO] - >> Epoch: 58 TRAIN -(DLF) [16/58/1] >> total_loss: 1.8371  acc_7: 0.7414  acc_5: 0.7975  acc_2: 0.9732  F1_score: 0.9732  Corr: 0.9719  MAE: 0.2678 
2026-09-02 09:53:50,308 - MMSA [INFO] - VAL-(DLF) >>  acc_7: 0.4541  acc_5: 0.5502  acc_2: 0.8611  F1_score: 0.8615  Corr: 0.8047  MAE: 0.7257  Loss: 0.7115 
2026-09-02 09:53:56,421 - MMSA [INFO] - TEST-(DLF) >>  acc_7: 0.4504  acc_5: 0.5190  acc_2: 0.8460  F1_score: 0.8455  Corr: 0.7821  MAE: 0.7513  Loss: 0.7508 
2026-09-02 09:54:29,153 - MMSA [INFO] - >> Epoch: 59 TRAIN -(DLF) [17/59/1] >> total_loss: 1.8274  acc_7: 0.7578  acc_5: 0.8185  acc_2: 0.9764  F1_score: 0.9765  Corr: 0.9740  MAE: 0.2549 
2026-09-02 09:54:31,679 - MMSA [INFO] - VAL-(DLF) >>  acc_7: 0.4541  acc_5: 0.5502  acc_2: 0.8611  F1_score: 0.8615  Corr: 0.8049  MAE: 0.7233  Loss: 0.7097 
2026-09-02 09:54:37,995 - MMSA [INFO] - TEST-(DLF) >>  acc_7: 0.4475  acc_5: 0.5160  acc_2: 0.8460  F1_score: 0.8455  Corr: 0.7819  MAE: 0.7513  Loss: 0.7508 
2026-09-02 09:55:10,712 - MMSA [INFO] - >> Epoch: 60 TRAIN -(DLF) [18/60/1] >> total_loss: 1.8166  acc_7: 0.7492  acc_5: 0.8084  acc_2: 0.9716  F1_score: 0.9716  Corr: 0.9734  MAE: 0.2549 
2026-09-02 09:55:13,195 - MMSA [INFO] - VAL-(DLF) >>  acc_7: 0.4541  acc_5: 0.5546  acc_2: 0.8519  F1_score: 0.8519  Corr: 0.8056  MAE: 0.7187  Loss: 0.7072 
2026-09-02 09:55:19,369 - MMSA [INFO] - TEST-(DLF) >>  acc_7: 0.4431  acc_5: 0.5131  acc_2: 0.8445  F1_score: 0.8443  Corr: 0.7806  MAE: 0.7584  Loss: 0.7580 
2026-09-02 09:55:52,671 - MMSA [INFO] - >> Epoch: 61 TRAIN -(DLF) [19/61/1] >> total_loss: 1.8403  acc_7: 0.7516  acc_5: 0.8139  acc_2: 0.9691  F1_score: 0.9691  Corr: 0.9711  MAE: 0.2627 
2026-09-02 09:55:55,435 - MMSA [INFO] - VAL-(DLF) >>  acc_7: 0.4541  acc_5: 0.5546  acc_2: 0.8519  F1_score: 0.8519  Corr: 0.8057  MAE: 0.7191  Loss: 0.7078 
2026-09-02 09:56:02,595 - MMSA [INFO] - TEST-(DLF) >>  acc_7: 0.4446  acc_5: 0.5146  acc_2: 0.8384  F1_score: 0.8383  Corr: 0.7802  MAE: 0.7615  Loss: 0.7612 
2026-09-02 09:56:36,501 - MMSA [INFO] - >> Epoch: 62 TRAIN -(DLF) [20/62/1] >> total_loss: 1.827  acc_7: 0.7609  acc_5: 0.8154  acc_2: 0.9781  F1_score: 0.9781  Corr: 0.9731  MAE: 0.2566 
2026-09-02 09:56:39,385 - MMSA [INFO] - VAL-(DLF) >>  acc_7: 0.4672  acc_5: 0.5633  acc_2: 0.8519  F1_score: 0.8519  Corr: 0.8056  MAE: 0.7205  Loss: 0.7086 
2026-09-02 09:56:46,618 - MMSA [INFO] - TEST-(DLF) >>  acc_7: 0.4446  acc_5: 0.5131  acc_2: 0.8445  F1_score: 0.8443  Corr: 0.7805  MAE: 0.7601  Loss: 0.7597 
2026-09-02 09:56:54,286 - MMSA [INFO] - TEST-(DLF) >>  acc_7: 0.4446  acc_5: 0.5175  acc_2: 0.8369  F1_score: 0.8369  Corr: 0.7824  MAE: 0.7505  Loss: 0.7502 
2026-09-02 09:56:55,928 - MMSA [INFO] - Results saved to result/normal/mosi_serial_ccdr_crar.csv.
2026-09-02 10:15:29,790 - MMSA [INFO] - Using device: cuda:0
2026-09-02 10:15:29,791 - MMSA [INFO] - Architecture: serial_ccdr, use_ccdr=True
2026-09-02 10:15:30,066 - MMSA [INFO] - train samples: (1284,)
2026-09-02 10:15:30,350 - MMSA [INFO] - valid samples: (229,)
2026-09-02 10:15:30,623 - MMSA [INFO] - test samples: (686,)
2026-09-02 10:15:34,332 - MMSA [INFO] - Optimizer: AdamW, bert_lr=2e-05, other_lr=0.0001, weight_decay=0.005
2026-09-02 10:16:05,066 - MMSA [INFO] - >> Epoch: 1 TRAIN -(DLF) [1/1/1] >> total_loss: 5.0118  acc_7: 0.1931  acc_5: 0.1931  acc_2: 0.5816  F1_score: 0.5348  Corr: 0.2159  MAE: 1.2911 
2026-09-02 10:16:07,452 - MMSA [INFO] - VAL-(DLF) >>  acc_7: 0.2533  acc_5: 0.2533  acc_2: 0.5787  F1_score: 0.4516  Corr: 0.5632  MAE: 1.3102  Loss: 1.3429 
2026-09-02 10:16:13,235 - MMSA [INFO] - TEST-(DLF) >>  acc_7: 0.1968  acc_5: 0.1968  acc_2: 0.4558  F1_score: 0.3202  Corr: 0.5299  MAE: 1.3981  Loss: 1.3971 
2026-09-02 10:16:43,288 - MMSA [INFO] - >> Epoch: 2 TRAIN -(DLF) [1/2/1] >> total_loss: 4.6098  acc_7: 0.2305  acc_5: 0.2305  acc_2: 0.6483  F1_score: 0.5992  Corr: 0.5933  MAE: 1.1703 
2026-09-02 10:16:45,628 - MMSA [INFO] - VAL-(DLF) >>  acc_7: 0.2576  acc_5: 0.2576  acc_2: 0.8380  F1_score: 0.8378  Corr: 0.6890  MAE: 1.0663  Loss: 1.0841 
2026-09-02 10:16:51,701 - MMSA [INFO] - TEST-(DLF) >>  acc_7: 0.2551  acc_5: 0.2551  acc_2: 0.7866  F1_score: 0.7876  Corr: 0.6534  MAE: 1.1100  Loss: 1.1087 
2026-09-02 10:17:23,275 - MMSA [INFO] - >> Epoch: 3 TRAIN -(DLF) [1/3/1] >> total_loss: 4.0727  acc_7: 0.2913  acc_5: 0.2913  acc_2: 0.8383  F1_score: 0.8384  Corr: 0.7278  MAE: 0.9095 
2026-09-02 10:17:25,810 - MMSA [INFO] - VAL-(DLF) >>  acc_7: 0.3100  acc_5: 0.3275  acc_2: 0.8426  F1_score: 0.8434  Corr: 0.7282  MAE: 0.9086  Loss: 0.9064 
2026-09-02 10:17:32,432 - MMSA [INFO] - TEST-(DLF) >>  acc_7: 0.3163  acc_5: 0.3178  acc_2: 0.8399  F1_score: 0.8378  Corr: 0.7122  MAE: 0.8913  Loss: 0.8901 
2026-09-02 10:18:02,596 - MMSA [INFO] - >> Epoch: 4 TRAIN -(DLF) [1/4/1] >> total_loss: 3.7005  acc_7: 0.3879  acc_5: 0.3933  acc_2: 0.8668  F1_score: 0.8671  Corr: 0.7886  MAE: 0.7323 
2026-09-02 10:18:05,217 - MMSA [INFO] - VAL-(DLF) >>  acc_7: 0.3581  acc_5: 0.4367  acc_2: 0.8565  F1_score: 0.8566  Corr: 0.7427  MAE: 0.8520  Loss: 0.8445 
2026-09-02 10:18:11,658 - MMSA [INFO] - TEST-(DLF) >>  acc_7: 0.3440  acc_5: 0.3630  acc_2: 0.8430  F1_score: 0.8429  Corr: 0.7399  MAE: 0.8479  Loss: 0.8472 
2026-09-02 10:18:43,342 - MMSA [INFO] - >> Epoch: 5 TRAIN -(DLF) [1/5/1] >> total_loss: 3.441  acc_7: 0.4377  acc_5: 0.4681  acc_2: 0.8985  F1_score: 0.8986  Corr: 0.8341  MAE: 0.6408 
2026-09-02 10:18:45,543 - MMSA [INFO] - VAL-(DLF) >>  acc_7: 0.3450  acc_5: 0.4323  acc_2: 0.8657  F1_score: 0.8660  Corr: 0.7437  MAE: 0.8463  Loss: 0.8326 
2026-09-02 10:18:51,678 - MMSA [INFO] - TEST-(DLF) >>  acc_7: 0.3732  acc_5: 0.4125  acc_2: 0.8323  F1_score: 0.8321  Corr: 0.7409  MAE: 0.8395  Loss: 0.8388 
2026-09-02 10:19:22,006 - MMSA [INFO] - >> Epoch: 6 TRAIN -(DLF) [1/6/1] >> total_loss: 3.2826  acc_7: 0.4579  acc_5: 0.4899  acc_2: 0.8993  F1_score: 0.8993  Corr: 0.8508  MAE: 0.6127 
2026-09-02 10:19:24,266 - MMSA [INFO] - VAL-(DLF) >>  acc_7: 0.3537  acc_5: 0.4498  acc_2: 0.8472  F1_score: 0.8478  Corr: 0.7476  MAE: 0.8422  Loss: 0.8268 
2026-09-02 10:19:30,623 - MMSA [INFO] - TEST-(DLF) >>  acc_7: 0.3848  acc_5: 0.4373  acc_2: 0.8369  F1_score: 0.8363  Corr: 0.7537  MAE: 0.8200  Loss: 0.8195 
2026-09-02 10:20:03,024 - MMSA [INFO] - >> Epoch: 7 TRAIN -(DLF) [1/7/1] >> total_loss: 3.1372  acc_7: 0.4891  acc_5: 0.5249  acc_2: 0.9123  F1_score: 0.9122  Corr: 0.8703  MAE: 0.5782 
2026-09-02 10:20:05,295 - MMSA [INFO] - VAL-(DLF) >>  acc_7: 0.3799  acc_5: 0.4847  acc_2: 0.8380  F1_score: 0.8388  Corr: 0.7496  MAE: 0.8439  Loss: 0.8248 
2026-09-02 10:20:11,482 - MMSA [INFO] - TEST-(DLF) >>  acc_7: 0.4052  acc_5: 0.4679  acc_2: 0.8430  F1_score: 0.8413  Corr: 0.7552  MAE: 0.8079  Loss: 0.8073 
2026-09-02 10:20:46,561 - MMSA [INFO] - >> Epoch: 8 TRAIN -(DLF) [1/8/1] >> total_loss: 3.0027  acc_7: 0.5265  acc_5: 0.5631  acc_2: 0.9269  F1_score: 0.9270  Corr: 0.8843  MAE: 0.5350 
2026-09-02 10:20:50,633 - MMSA [INFO] - VAL-(DLF) >>  acc_7: 0.3974  acc_5: 0.5109  acc_2: 0.8333  F1_score: 0.8341  Corr: 0.7546  MAE: 0.8420  Loss: 0.8197 
2026-09-02 10:20:58,222 - MMSA [INFO] - TEST-(DLF) >>  acc_7: 0.4140  acc_5: 0.4825  acc_2: 0.8399  F1_score: 0.8375  Corr: 0.7565  MAE: 0.8048  Loss: 0.8040 
2026-09-02 10:21:30,296 - MMSA [INFO] - >> Epoch: 9 TRAIN -(DLF) [1/9/1] >> total_loss: 2.9089  acc_7: 0.5374  acc_5: 0.5833  acc_2: 0.9358  F1_score: 0.9359  Corr: 0.8918  MAE: 0.5202 
2026-09-02 10:21:32,841 - MMSA [INFO] - VAL-(DLF) >>  acc_7: 0.4148  acc_5: 0.5284  acc_2: 0.8519  F1_score: 0.8520  Corr: 0.7626  MAE: 0.8218  Loss: 0.8018 
2026-09-02 10:21:39,155 - MMSA [INFO] - TEST-(DLF) >>  acc_7: 0.4111  acc_5: 0.4825  acc_2: 0.8354  F1_score: 0.8349  Corr: 0.7587  MAE: 0.8238  Loss: 0.8235 
2026-09-02 10:22:10,897 - MMSA [INFO] - >> Epoch: 10 TRAIN -(DLF) [1/10/1] >> total_loss: 2.799  acc_7: 0.5537  acc_5: 0.5989  acc_2: 0.9448  F1_score: 0.9448  Corr: 0.9052  MAE: 0.4889 
2026-09-02 10:22:13,406 - MMSA [INFO] - VAL-(DLF) >>  acc_7: 0.3930  acc_5: 0.5066  acc_2: 0.8426  F1_score: 0.8430  Corr: 0.7599  MAE: 0.8214  Loss: 0.8017 
2026-09-02 10:22:19,585 - MMSA [INFO] - TEST-(DLF) >>  acc_7: 0.4052  acc_5: 0.4708  acc_2: 0.8384  F1_score: 0.8379  Corr: 0.7643  MAE: 0.8142  Loss: 0.8140 
2026-09-02 10:22:50,955 - MMSA [INFO] - >> Epoch: 11 TRAIN -(DLF) [1/11/1] >> total_loss: 2.7151  acc_7: 0.5615  acc_5: 0.6075  acc_2: 0.9439  F1_score: 0.9440  Corr: 0.9108  MAE: 0.4669 
2026-09-02 10:22:53,208 - MMSA [INFO] - VAL-(DLF) >>  acc_7: 0.3930  acc_5: 0.5066  acc_2: 0.8565  F1_score: 0.8568  Corr: 0.7657  MAE: 0.8026  Loss: 0.7827 
2026-09-02 10:22:59,669 - MMSA [INFO] - TEST-(DLF) >>  acc_7: 0.4155  acc_5: 0.4840  acc_2: 0.8354  F1_score: 0.8347  Corr: 0.7695  MAE: 0.7925  Loss: 0.7921 
2026-09-02 10:23:32,404 - MMSA [INFO] - >> Epoch: 12 TRAIN -(DLF) [1/12/1] >> total_loss: 2.6275  acc_7: 0.5911  acc_5: 0.6386  acc_2: 0.9504  F1_score: 0.9505  Corr: 0.9186  MAE: 0.4452 
2026-09-02 10:23:34,981 - MMSA [INFO] - VAL-(DLF) >>  acc_7: 0.3930  acc_5: 0.5066  acc_2: 0.8472  F1_score: 0.8477  Corr: 0.7638  MAE: 0.7937  Loss: 0.7786 
2026-09-02 10:23:40,984 - MMSA [INFO] - TEST-(DLF) >>  acc_7: 0.4213  acc_5: 0.4869  acc_2: 0.8293  F1_score: 0.8285  Corr: 0.7720  MAE: 0.7857  Loss: 0.7853 
2026-09-02 10:24:12,731 - MMSA [INFO] - >> Epoch: 13 TRAIN -(DLF) [1/13/1] >> total_loss: 2.6429  acc_7: 0.5794  acc_5: 0.6215  acc_2: 0.9423  F1_score: 0.9423  Corr: 0.9183  MAE: 0.4573 
2026-09-02 10:24:15,134 - MMSA [INFO] - VAL-(DLF) >>  acc_7: 0.3668  acc_5: 0.4847  acc_2: 0.8611  F1_score: 0.8611  Corr: 0.7753  MAE: 0.8071  Loss: 0.7884 
2026-09-02 10:24:21,495 - MMSA [INFO] - TEST-(DLF) >>  acc_7: 0.3994  acc_5: 0.4781  acc_2: 0.8293  F1_score: 0.8292  Corr: 0.7691  MAE: 0.8200  Loss: 0.8198 
2026-09-02 10:24:53,685 - MMSA [INFO] - >> Epoch: 14 TRAIN -(DLF) [2/14/1] >> total_loss: 2.4857  acc_7: 0.6207  acc_5: 0.6752  acc_2: 0.9513  F1_score: 0.9513  Corr: 0.9310  MAE: 0.4200 
2026-09-02 10:24:56,017 - MMSA [INFO] - VAL-(DLF) >>  acc_7: 0.4061  acc_5: 0.5109  acc_2: 0.8611  F1_score: 0.8598  Corr: 0.7798  MAE: 0.8059  Loss: 0.7935 
2026-09-02 10:25:02,296 - MMSA [INFO] - TEST-(DLF) >>  acc_7: 0.3863  acc_5: 0.4475  acc_2: 0.8140  F1_score: 0.8152  Corr: 0.7751  MAE: 0.8642  Loss: 0.8643 
2026-09-02 10:25:31,396 - MMSA [INFO] - >> Epoch: 15 TRAIN -(DLF) [3/15/1] >> total_loss: 2.4991  acc_7: 0.5911  acc_5: 0.6371  acc_2: 0.9358  F1_score: 0.9358  Corr: 0.9246  MAE: 0.4408 
2026-09-02 10:25:33,786 - MMSA [INFO] - VAL-(DLF) >>  acc_7: 0.3843  acc_5: 0.4934  acc_2: 0.8241  F1_score: 0.8247  Corr: 0.7709  MAE: 0.8120  Loss: 0.7902 
2026-09-02 10:25:39,692 - MMSA [INFO] - TEST-(DLF) >>  acc_7: 0.4198  acc_5: 0.4971  acc_2: 0.8369  F1_score: 0.8358  Corr: 0.7782  MAE: 0.7862  Loss: 0.7858 
2026-09-02 10:26:09,922 - MMSA [INFO] - >> Epoch: 16 TRAIN -(DLF) [4/16/1] >> total_loss: 2.4278  acc_7: 0.5958  acc_5: 0.6573  acc_2: 0.9545  F1_score: 0.9546  Corr: 0.9316  MAE: 0.4289 
2026-09-02 10:26:12,209 - MMSA [INFO] - VAL-(DLF) >>  acc_7: 0.3974  acc_5: 0.5066  acc_2: 0.8611  F1_score: 0.8595  Corr: 0.7792  MAE: 0.7853  Loss: 0.7738 
2026-09-02 10:26:17,623 - MMSA [INFO] - TEST-(DLF) >>  acc_7: 0.3892  acc_5: 0.4548  acc_2: 0.8216  F1_score: 0.8227  Corr: 0.7714  MAE: 0.8518  Loss: 0.8520 
2026-09-02 10:26:48,652 - MMSA [INFO] - >> Epoch: 17 TRAIN -(DLF) [1/17/1] >> total_loss: 2.4654  acc_7: 0.5763  acc_5: 0.6324  acc_2: 0.9277  F1_score: 0.9276  Corr: 0.9254  MAE: 0.4444 
2026-09-02 10:26:51,150 - MMSA [INFO] - VAL-(DLF) >>  acc_7: 0.3755  acc_5: 0.4978  acc_2: 0.8611  F1_score: 0.8607  Corr: 0.7750  MAE: 0.8074  Loss: 0.7929 
2026-09-02 10:26:57,179 - MMSA [INFO] - TEST-(DLF) >>  acc_7: 0.3994  acc_5: 0.4883  acc_2: 0.8201  F1_score: 0.8210  Corr: 0.7632  MAE: 0.8572  Loss: 0.8574 
2026-09-02 10:27:26,767 - MMSA [INFO] - >> Epoch: 18 TRAIN -(DLF) [2/18/1] >> total_loss: 2.4409  acc_7: 0.5927  acc_5: 0.6542  acc_2: 0.9391  F1_score: 0.9389  Corr: 0.9275  MAE: 0.4488 
2026-09-02 10:27:29,259 - MMSA [INFO] - VAL-(DLF) >>  acc_7: 0.3755  acc_5: 0.4891  acc_2: 0.8194  F1_score: 0.8203  Corr: 0.7799  MAE: 0.7811  Loss: 0.7609 
2026-09-02 10:27:35,373 - MMSA [INFO] - TEST-(DLF) >>  acc_7: 0.4504  acc_5: 0.5248  acc_2: 0.8369  F1_score: 0.8353  Corr: 0.7786  MAE: 0.7477  Loss: 0.7469 
2026-09-02 10:28:07,352 - MMSA [INFO] - >> Epoch: 19 TRAIN -(DLF) [1/19/1] >> total_loss: 2.4193  acc_7: 0.5623  acc_5: 0.6083  acc_2: 0.9366  F1_score: 0.9366  Corr: 0.9240  MAE: 0.4534 
2026-09-02 10:28:09,779 - MMSA [INFO] - VAL-(DLF) >>  acc_7: 0.3930  acc_5: 0.5066  acc_2: 0.8426  F1_score: 0.8430  Corr: 0.7815  MAE: 0.7737  Loss: 0.7518 
2026-09-02 10:28:15,450 - MMSA [INFO] - TEST-(DLF) >>  acc_7: 0.4402  acc_5: 0.5219  acc_2: 0.8460  F1_score: 0.8455  Corr: 0.7808  MAE: 0.7755  Loss: 0.7751 
2026-09-02 10:28:47,616 - MMSA [INFO] - >> Epoch: 20 TRAIN -(DLF) [1/20/1] >> total_loss: 2.3098  acc_7: 0.6215  acc_5: 0.6752  acc_2: 0.9448  F1_score: 0.9449  Corr: 0.9376  MAE: 0.4150 
2026-09-02 10:28:49,935 - MMSA [INFO] - VAL-(DLF) >>  acc_7: 0.4017  acc_5: 0.5109  acc_2: 0.8426  F1_score: 0.8394  Corr: 0.7780  MAE: 0.7807  Loss: 0.7688 
2026-09-02 10:28:55,830 - MMSA [INFO] - TEST-(DLF) >>  acc_7: 0.3965  acc_5: 0.4708  acc_2: 0.8095  F1_score: 0.8102  Corr: 0.7701  MAE: 0.8699  Loss: 0.8702 
2026-09-02 10:29:27,126 - MMSA [INFO] - >> Epoch: 21 TRAIN -(DLF) [2/21/1] >> total_loss: 2.3268  acc_7: 0.6262  acc_5: 0.6760  acc_2: 0.9439  F1_score: 0.9438  Corr: 0.9317  MAE: 0.4172 
2026-09-02 10:29:29,635 - MMSA [INFO] - VAL-(DLF) >>  acc_7: 0.3843  acc_5: 0.5022  acc_2: 0.8380  F1_score: 0.8383  Corr: 0.7841  MAE: 0.7680  Loss: 0.7433 
2026-09-02 10:29:35,732 - MMSA [INFO] - TEST-(DLF) >>  acc_7: 0.4373  acc_5: 0.5204  acc_2: 0.8354  F1_score: 0.8349  Corr: 0.7767  MAE: 0.7685  Loss: 0.7680 
2026-09-02 10:30:06,883 - MMSA [INFO] - >> Epoch: 22 TRAIN -(DLF) [1/22/1] >> total_loss: 2.2525  acc_7: 0.6480  acc_5: 0.7009  acc_2: 0.9521  F1_score: 0.9520  Corr: 0.9413  MAE: 0.3975 
2026-09-02 10:30:09,333 - MMSA [INFO] - VAL-(DLF) >>  acc_7: 0.4061  acc_5: 0.5197  acc_2: 0.8194  F1_score: 0.8203  Corr: 0.7809  MAE: 0.7730  Loss: 0.7553 
2026-09-02 10:30:15,428 - MMSA [INFO] - TEST-(DLF) >>  acc_7: 0.4388  acc_5: 0.5146  acc_2: 0.8430  F1_score: 0.8418  Corr: 0.7781  MAE: 0.7561  Loss: 0.7557 
2026-09-02 10:30:46,430 - MMSA [INFO] - >> Epoch: 23 TRAIN -(DLF) [2/23/1] >> total_loss: 2.2743  acc_7: 0.6207  acc_5: 0.6706  acc_2: 0.9391  F1_score: 0.9392  Corr: 0.9364  MAE: 0.4087 
2026-09-02 10:30:49,733 - MMSA [INFO] - VAL-(DLF) >>  acc_7: 0.3624  acc_5: 0.4803  acc_2: 0.8611  F1_score: 0.8604  Corr: 0.7912  MAE: 0.7748  Loss: 0.7640 
2026-09-02 10:30:56,178 - MMSA [INFO] - TEST-(DLF) >>  acc_7: 0.3878  acc_5: 0.4694  acc_2: 0.8262  F1_score: 0.8272  Corr: 0.7775  MAE: 0.8329  Loss: 0.8330 
2026-09-02 10:31:26,060 - MMSA [INFO] - >> Epoch: 24 TRAIN -(DLF) [3/24/1] >> total_loss: 2.1865  acc_7: 0.6604  acc_5: 0.7212  acc_2: 0.9456  F1_score: 0.9456  Corr: 0.9455  MAE: 0.3756 
2026-09-02 10:31:28,511 - MMSA [INFO] - VAL-(DLF) >>  acc_7: 0.3799  acc_5: 0.4934  acc_2: 0.8472  F1_score: 0.8460  Corr: 0.7955  MAE: 0.7597  Loss: 0.7480 
2026-09-02 10:31:34,819 - MMSA [INFO] - TEST-(DLF) >>  acc_7: 0.3878  acc_5: 0.4650  acc_2: 0.8308  F1_score: 0.8318  Corr: 0.7830  MAE: 0.8163  Loss: 0.8161 
2026-09-02 10:32:05,753 - MMSA [INFO] - >> Epoch: 25 TRAIN -(DLF) [4/25/1] >> total_loss: 2.1907  acc_7: 0.6417  acc_5: 0.6978  acc_2: 0.9496  F1_score: 0.9495  Corr: 0.9466  MAE: 0.3809 
2026-09-02 10:32:07,950 - MMSA [INFO] - VAL-(DLF) >>  acc_7: 0.3930  acc_5: 0.5153  acc_2: 0.8287  F1_score: 0.8296  Corr: 0.7940  MAE: 0.7578  Loss: 0.7345 
2026-09-02 10:32:13,924 - MMSA [INFO] - TEST-(DLF) >>  acc_7: 0.4577  acc_5: 0.5364  acc_2: 0.8460  F1_score: 0.8441  Corr: 0.7868  MAE: 0.7389  Loss: 0.7381 
2026-09-02 10:32:46,723 - MMSA [INFO] - >> Epoch: 26 TRAIN -(DLF) [1/26/1] >> total_loss: 2.1752  acc_7: 0.6371  acc_5: 0.6978  acc_2: 0.9448  F1_score: 0.9448  Corr: 0.9455  MAE: 0.3812 
2026-09-02 10:32:49,383 - MMSA [INFO] - VAL-(DLF) >>  acc_7: 0.4454  acc_5: 0.5633  acc_2: 0.8611  F1_score: 0.8601  Corr: 0.8070  MAE: 0.7063  Loss: 0.6950 
2026-09-02 10:32:56,040 - MMSA [INFO] - TEST-(DLF) >>  acc_7: 0.4169  acc_5: 0.4840  acc_2: 0.8308  F1_score: 0.8316  Corr: 0.7887  MAE: 0.7651  Loss: 0.7649 
2026-09-02 10:33:28,979 - MMSA [INFO] - >> Epoch: 27 TRAIN -(DLF) [1/27/1] >> total_loss: 2.118  acc_7: 0.6620  acc_5: 0.7165  acc_2: 0.9521  F1_score: 0.9522  Corr: 0.9504  MAE: 0.3623 
2026-09-02 10:33:31,427 - MMSA [INFO] - VAL-(DLF) >>  acc_7: 0.4105  acc_5: 0.5459  acc_2: 0.8565  F1_score: 0.8556  Corr: 0.7994  MAE: 0.7758  Loss: 0.7621 
2026-09-02 10:33:37,524 - MMSA [INFO] - TEST-(DLF) >>  acc_7: 0.3892  acc_5: 0.4956  acc_2: 0.8186  F1_score: 0.8196  Corr: 0.7826  MAE: 0.8317  Loss: 0.8318 
2026-09-02 10:34:08,124 - MMSA [INFO] - >> Epoch: 28 TRAIN -(DLF) [2/28/1] >> total_loss: 2.0827  acc_7: 0.6620  acc_5: 0.7313  acc_2: 0.9488  F1_score: 0.9489  Corr: 0.9555  MAE: 0.3519 
2026-09-02 10:34:10,629 - MMSA [INFO] - VAL-(DLF) >>  acc_7: 0.3886  acc_5: 0.5197  acc_2: 0.8519  F1_score: 0.8505  Corr: 0.8013  MAE: 0.7364  Loss: 0.7304 
2026-09-02 10:34:16,156 - MMSA [INFO] - TEST-(DLF) >>  acc_7: 0.4052  acc_5: 0.4796  acc_2: 0.8125  F1_score: 0.8136  Corr: 0.7818  MAE: 0.8008  Loss: 0.8009 
2026-09-02 10:34:46,571 - MMSA [INFO] - >> Epoch: 29 TRAIN -(DLF) [3/29/1] >> total_loss: 2.0422  acc_7: 0.6900  acc_5: 0.7461  acc_2: 0.9610  F1_score: 0.9610  Corr: 0.9558  MAE: 0.3319 
2026-09-02 10:34:48,904 - MMSA [INFO] - VAL-(DLF) >>  acc_7: 0.3974  acc_5: 0.5328  acc_2: 0.8519  F1_score: 0.8516  Corr: 0.7984  MAE: 0.7304  Loss: 0.7158 
2026-09-02 10:34:55,217 - MMSA [INFO] - TEST-(DLF) >>  acc_7: 0.4329  acc_5: 0.5175  acc_2: 0.8308  F1_score: 0.8308  Corr: 0.7823  MAE: 0.7657  Loss: 0.7654 
2026-09-02 10:35:25,241 - MMSA [INFO] - >> Epoch: 30 TRAIN -(DLF) [4/30/1] >> total_loss: 2.0056  acc_7: 0.6939  acc_5: 0.7500  acc_2: 0.9545  F1_score: 0.9545  Corr: 0.9600  MAE: 0.3167 
2026-09-02 10:35:27,802 - MMSA [INFO] - VAL-(DLF) >>  acc_7: 0.4192  acc_5: 0.5502  acc_2: 0.8565  F1_score: 0.8556  Corr: 0.8014  MAE: 0.7269  Loss: 0.7154 
2026-09-02 10:35:34,283 - MMSA [INFO] - TEST-(DLF) >>  acc_7: 0.4169  acc_5: 0.5029  acc_2: 0.8338  F1_score: 0.8345  Corr: 0.7850  MAE: 0.7785  Loss: 0.7783 
2026-09-02 10:36:05,236 - MMSA [INFO] - >> Epoch: 31 TRAIN -(DLF) [5/31/1] >> total_loss: 2.0045  acc_7: 0.6955  acc_5: 0.7562  acc_2: 0.9675  F1_score: 0.9675  Corr: 0.9594  MAE: 0.3190 
2026-09-02 10:36:07,677 - MMSA [INFO] - VAL-(DLF) >>  acc_7: 0.4367  acc_5: 0.5459  acc_2: 0.8565  F1_score: 0.8559  Corr: 0.7999  MAE: 0.7176  Loss: 0.7027 
2026-09-02 10:36:13,931 - MMSA [INFO] - TEST-(DLF) >>  acc_7: 0.4271  acc_5: 0.5117  acc_2: 0.8308  F1_score: 0.8314  Corr: 0.7864  MAE: 0.7638  Loss: 0.7634 
2026-09-02 10:36:45,334 - MMSA [INFO] - >> Epoch: 32 TRAIN -(DLF) [6/32/1] >> total_loss: 1.9907  acc_7: 0.6846  acc_5: 0.7399  acc_2: 0.9586  F1_score: 0.9585  Corr: 0.9591  MAE: 0.3268 
2026-09-02 10:36:47,784 - MMSA [INFO] - VAL-(DLF) >>  acc_7: 0.4498  acc_5: 0.5546  acc_2: 0.8472  F1_score: 0.8469  Corr: 0.8001  MAE: 0.7077  Loss: 0.6969 
2026-09-02 10:36:54,056 - MMSA [INFO] - TEST-(DLF) >>  acc_7: 0.4475  acc_5: 0.5219  acc_2: 0.8354  F1_score: 0.8360  Corr: 0.7908  MAE: 0.7525  Loss: 0.7521 
2026-09-02 10:37:22,904 - MMSA [INFO] - >> Epoch: 33 TRAIN -(DLF) [7/33/1] >> total_loss: 1.982  acc_7: 0.6830  acc_5: 0.7430  acc_2: 0.9569  F1_score: 0.9569  Corr: 0.9576  MAE: 0.3260 
2026-09-02 10:37:25,421 - MMSA [INFO] - VAL-(DLF) >>  acc_7: 0.4061  acc_5: 0.5153  acc_2: 0.8333  F1_score: 0.8337  Corr: 0.7982  MAE: 0.7266  Loss: 0.7164 
2026-09-02 10:37:31,734 - MMSA [INFO] - TEST-(DLF) >>  acc_7: 0.4461  acc_5: 0.5204  acc_2: 0.8293  F1_score: 0.8295  Corr: 0.7915  MAE: 0.7493  Loss: 0.7490 
2026-09-02 10:38:02,795 - MMSA [INFO] - >> Epoch: 34 TRAIN -(DLF) [8/34/1] >> total_loss: 1.9713  acc_7: 0.6877  acc_5: 0.7477  acc_2: 0.9537  F1_score: 0.9537  Corr: 0.9584  MAE: 0.3240 
2026-09-02 10:38:05,414 - MMSA [INFO] - VAL-(DLF) >>  acc_7: 0.4148  acc_5: 0.5415  acc_2: 0.8472  F1_score: 0.8466  Corr: 0.8023  MAE: 0.7256  Loss: 0.7194 
2026-09-02 10:38:11,530 - MMSA [INFO] - TEST-(DLF) >>  acc_7: 0.4213  acc_5: 0.5015  acc_2: 0.8308  F1_score: 0.8314  Corr: 0.7904  MAE: 0.7736  Loss: 0.7735 
2026-09-02 10:38:41,392 - MMSA [INFO] - >> Epoch: 35 TRAIN -(DLF) [9/35/1] >> total_loss: 1.9469  acc_7: 0.7181  acc_5: 0.7788  acc_2: 0.9602  F1_score: 0.9602  Corr: 0.9621  MAE: 0.3056 
2026-09-02 10:38:43,776 - MMSA [INFO] - VAL-(DLF) >>  acc_7: 0.4236  acc_5: 0.5415  acc_2: 0.8565  F1_score: 0.8561  Corr: 0.8006  MAE: 0.7315  Loss: 0.7223 
2026-09-02 10:38:49,923 - MMSA [INFO] - TEST-(DLF) >>  acc_7: 0.4184  acc_5: 0.5029  acc_2: 0.8354  F1_score: 0.8359  Corr: 0.7900  MAE: 0.7767  Loss: 0.7767 
2026-09-02 10:39:20,856 - MMSA [INFO] - >> Epoch: 36 TRAIN -(DLF) [10/36/1] >> total_loss: 1.9393  acc_7: 0.7025  acc_5: 0.7695  acc_2: 0.9626  F1_score: 0.9626  Corr: 0.9617  MAE: 0.3127 
2026-09-02 10:39:23,321 - MMSA [INFO] - VAL-(DLF) >>  acc_7: 0.4279  acc_5: 0.5459  acc_2: 0.8519  F1_score: 0.8514  Corr: 0.8033  MAE: 0.7141  Loss: 0.7067 
2026-09-02 10:39:29,376 - MMSA [INFO] - TEST-(DLF) >>  acc_7: 0.4300  acc_5: 0.5087  acc_2: 0.8323  F1_score: 0.8329  Corr: 0.7919  MAE: 0.7639  Loss: 0.7638 
2026-09-02 10:39:59,728 - MMSA [INFO] - >> Epoch: 37 TRAIN -(DLF) [11/37/1] >> total_loss: 1.9303  acc_7: 0.7079  acc_5: 0.7632  acc_2: 0.9683  F1_score: 0.9683  Corr: 0.9652  MAE: 0.2989 
2026-09-02 10:40:02,150 - MMSA [INFO] - VAL-(DLF) >>  acc_7: 0.4192  acc_5: 0.5415  acc_2: 0.8611  F1_score: 0.8611  Corr: 0.8042  MAE: 0.7083  Loss: 0.7010 
2026-09-02 10:40:08,498 - MMSA [INFO] - TEST-(DLF) >>  acc_7: 0.4344  acc_5: 0.5146  acc_2: 0.8354  F1_score: 0.8356  Corr: 0.7920  MAE: 0.7525  Loss: 0.7523 
2026-09-02 10:40:39,505 - MMSA [INFO] - >> Epoch: 38 TRAIN -(DLF) [12/38/1] >> total_loss: 1.9074  acc_7: 0.7251  acc_5: 0.7843  acc_2: 0.9643  F1_score: 0.9643  Corr: 0.9643  MAE: 0.2957 
2026-09-02 10:40:42,076 - MMSA [INFO] - VAL-(DLF) >>  acc_7: 0.4105  acc_5: 0.5371  acc_2: 0.8426  F1_score: 0.8421  Corr: 0.8030  MAE: 0.7329  Loss: 0.7259 
2026-09-02 10:40:48,474 - MMSA [INFO] - TEST-(DLF) >>  acc_7: 0.4227  acc_5: 0.5058  acc_2: 0.8277  F1_score: 0.8284  Corr: 0.7876  MAE: 0.7884  Loss: 0.7884 
2026-09-02 10:41:19,477 - MMSA [INFO] - >> Epoch: 39 TRAIN -(DLF) [13/39/1] >> total_loss: 1.9028  acc_7: 0.7266  acc_5: 0.7850  acc_2: 0.9667  F1_score: 0.9667  Corr: 0.9651  MAE: 0.2969 
2026-09-02 10:41:21,872 - MMSA [INFO] - VAL-(DLF) >>  acc_7: 0.4061  acc_5: 0.5284  acc_2: 0.8472  F1_score: 0.8473  Corr: 0.8044  MAE: 0.7106  Loss: 0.7036 
2026-09-02 10:41:28,498 - MMSA [INFO] - TEST-(DLF) >>  acc_7: 0.4446  acc_5: 0.5219  acc_2: 0.8323  F1_score: 0.8325  Corr: 0.7883  MAE: 0.7587  Loss: 0.7585 
2026-09-02 10:42:00,623 - MMSA [INFO] - >> Epoch: 40 TRAIN -(DLF) [14/40/1] >> total_loss: 1.9039  acc_7: 0.7118  acc_5: 0.7578  acc_2: 0.9659  F1_score: 0.9659  Corr: 0.9657  MAE: 0.2971 
2026-09-02 10:42:03,170 - MMSA [INFO] - VAL-(DLF) >>  acc_7: 0.4279  acc_5: 0.5546  acc_2: 0.8519  F1_score: 0.8514  Corr: 0.8057  MAE: 0.7058  Loss: 0.6972 
2026-09-02 10:42:09,013 - MMSA [INFO] - TEST-(DLF) >>  acc_7: 0.4286  acc_5: 0.5073  acc_2: 0.8247  F1_score: 0.8252  Corr: 0.7861  MAE: 0.7674  Loss: 0.7671 
2026-09-02 10:42:39,158 - MMSA [INFO] - >> Epoch: 41 TRAIN -(DLF) [15/41/1] >> total_loss: 1.8834  acc_7: 0.7204  acc_5: 0.7780  acc_2: 0.9699  F1_score: 0.9699  Corr: 0.9663  MAE: 0.2920 
2026-09-02 10:42:41,510 - MMSA [INFO] - VAL-(DLF) >>  acc_7: 0.4367  acc_5: 0.5546  acc_2: 0.8519  F1_score: 0.8511  Corr: 0.8038  MAE: 0.7193  Loss: 0.7077 
2026-09-02 10:42:48,049 - MMSA [INFO] - TEST-(DLF) >>  acc_7: 0.4286  acc_5: 0.5117  acc_2: 0.8247  F1_score: 0.8253  Corr: 0.7836  MAE: 0.7813  Loss: 0.7811 
2026-09-02 10:43:19,340 - MMSA [INFO] - >> Epoch: 42 TRAIN -(DLF) [16/42/1] >> total_loss: 1.8824  acc_7: 0.7048  acc_5: 0.7718  acc_2: 0.9708  F1_score: 0.9708  Corr: 0.9672  MAE: 0.2924 
2026-09-02 10:43:21,742 - MMSA [INFO] - VAL-(DLF) >>  acc_7: 0.4279  acc_5: 0.5546  acc_2: 0.8565  F1_score: 0.8564  Corr: 0.8041  MAE: 0.7144  Loss: 0.7033 
2026-09-02 10:43:28,045 - MMSA [INFO] - TEST-(DLF) >>  acc_7: 0.4388  acc_5: 0.5175  acc_2: 0.8216  F1_score: 0.8219  Corr: 0.7865  MAE: 0.7629  Loss: 0.7626 
2026-09-02 10:43:58,647 - MMSA [INFO] - >> Epoch: 43 TRAIN -(DLF) [17/43/1] >> total_loss: 1.8855  acc_7: 0.7391  acc_5: 0.7975  acc_2: 0.9618  F1_score: 0.9618  Corr: 0.9666  MAE: 0.2882 
2026-09-02 10:44:01,188 - MMSA [INFO] - VAL-(DLF) >>  acc_7: 0.4236  acc_5: 0.5371  acc_2: 0.8565  F1_score: 0.8561  Corr: 0.8059  MAE: 0.7076  Loss: 0.6996 
2026-09-02 10:44:07,278 - MMSA [INFO] - TEST-(DLF) >>  acc_7: 0.4388  acc_5: 0.5160  acc_2: 0.8216  F1_score: 0.8221  Corr: 0.7884  MAE: 0.7614  Loss: 0.7611 
2026-09-02 10:44:38,571 - MMSA [INFO] - >> Epoch: 44 TRAIN -(DLF) [18/44/1] >> total_loss: 1.8744  acc_7: 0.7266  acc_5: 0.7765  acc_2: 0.9740  F1_score: 0.9740  Corr: 0.9686  MAE: 0.2772 
2026-09-02 10:44:41,119 - MMSA [INFO] - VAL-(DLF) >>  acc_7: 0.4236  acc_5: 0.5459  acc_2: 0.8472  F1_score: 0.8466  Corr: 0.8063  MAE: 0.7100  Loss: 0.7000 
2026-09-02 10:44:47,023 - MMSA [INFO] - TEST-(DLF) >>  acc_7: 0.4373  acc_5: 0.5160  acc_2: 0.8232  F1_score: 0.8236  Corr: 0.7889  MAE: 0.7619  Loss: 0.7616 
2026-09-02 10:45:17,496 - MMSA [INFO] - >> Epoch: 45 TRAIN -(DLF) [19/45/1] >> total_loss: 1.8498  acc_7: 0.7157  acc_5: 0.7741  acc_2: 0.9732  F1_score: 0.9732  Corr: 0.9687  MAE: 0.2748 
2026-09-02 10:45:20,097 - MMSA [INFO] - VAL-(DLF) >>  acc_7: 0.4192  acc_5: 0.5459  acc_2: 0.8519  F1_score: 0.8514  Corr: 0.8054  MAE: 0.7152  Loss: 0.7045 
2026-09-02 10:45:26,368 - MMSA [INFO] - TEST-(DLF) >>  acc_7: 0.4300  acc_5: 0.5146  acc_2: 0.8201  F1_score: 0.8206  Corr: 0.7894  MAE: 0.7637  Loss: 0.7634 
2026-09-02 10:45:58,692 - MMSA [INFO] - >> Epoch: 46 TRAIN -(DLF) [20/46/1] >> total_loss: 1.8495  acc_7: 0.7181  acc_5: 0.7843  acc_2: 0.9691  F1_score: 0.9691  Corr: 0.9690  MAE: 0.2755 
2026-09-02 10:46:01,196 - MMSA [INFO] - VAL-(DLF) >>  acc_7: 0.4105  acc_5: 0.5415  acc_2: 0.8472  F1_score: 0.8466  Corr: 0.8050  MAE: 0.7190  Loss: 0.7084 
2026-09-02 10:46:07,592 - MMSA [INFO] - TEST-(DLF) >>  acc_7: 0.4344  acc_5: 0.5175  acc_2: 0.8216  F1_score: 0.8222  Corr: 0.7894  MAE: 0.7671  Loss: 0.7667 
2026-09-02 10:46:14,821 - MMSA [INFO] - TEST-(DLF) >>  acc_7: 0.4169  acc_5: 0.4840  acc_2: 0.8308  F1_score: 0.8316  Corr: 0.7887  MAE: 0.7651  Loss: 0.7649 
2026-09-02 10:46:16,428 - MMSA [INFO] - Results saved to result/normal/mosi_serial_ccdr_reliability-nll.csv.
2026-09-02 11:00:46,991 - MMSA [INFO] - Using device: cuda:0
2026-09-02 11:00:46,992 - MMSA [INFO] - Architecture: serial_ccdr, use_ccdr=True
2026-09-02 11:00:47,757 - MMSA [INFO] - train samples: (1284,)
2026-09-02 11:00:48,110 - MMSA [INFO] - valid samples: (229,)
2026-09-02 11:00:48,452 - MMSA [INFO] - test samples: (686,)
2026-09-02 11:00:54,125 - MMSA [INFO] - Optimizer: AdamW, bert_lr=2e-05, other_lr=0.0001, weight_decay=0.005
2026-09-02 11:01:27,501 - MMSA [INFO] - >> Epoch: 1 TRAIN -(DLF) [1/1/1] >> total_loss: 4.944  acc_7: 0.1955  acc_5: 0.1955  acc_2: 0.5833  F1_score: 0.5393  Corr: 0.2042  MAE: 1.2951 
2026-09-02 11:01:29,716 - MMSA [INFO] - VAL-(DLF) >>  acc_7: 0.2358  acc_5: 0.2358  acc_2: 0.6157  F1_score: 0.5423  Corr: 0.4054  MAE: 1.3167  Loss: 1.3501 
2026-09-02 11:01:35,378 - MMSA [INFO] - TEST-(DLF) >>  acc_7: 0.1851  acc_5: 0.1851  acc_2: 0.5198  F1_score: 0.4542  Corr: 0.4390  MAE: 1.3825  Loss: 1.3815 
2026-09-02 11:02:05,158 - MMSA [INFO] - >> Epoch: 2 TRAIN -(DLF) [1/2/1] >> total_loss: 4.6163  acc_7: 0.2181  acc_5: 0.2181  acc_2: 0.6344  F1_score: 0.5766  Corr: 0.4782  MAE: 1.1996 
2026-09-02 11:02:07,337 - MMSA [INFO] - VAL-(DLF) >>  acc_7: 0.2576  acc_5: 0.2576  acc_2: 0.7685  F1_score: 0.7645  Corr: 0.5515  MAE: 1.1797  Loss: 1.2047 
2026-09-02 11:02:13,048 - MMSA [INFO] - TEST-(DLF) >>  acc_7: 0.2172  acc_5: 0.2172  acc_2: 0.7027  F1_score: 0.7039  Corr: 0.5419  MAE: 1.2085  Loss: 1.2072 
2026-09-02 11:02:45,199 - MMSA [INFO] - >> Epoch: 3 TRAIN -(DLF) [1/3/1] >> total_loss: 4.1513  acc_7: 0.2734  acc_5: 0.2749  acc_2: 0.7717  F1_score: 0.7695  Corr: 0.6587  MAE: 0.9891 
2026-09-02 11:02:47,433 - MMSA [INFO] - VAL-(DLF) >>  acc_7: 0.3013  acc_5: 0.3668  acc_2: 0.8380  F1_score: 0.8383  Corr: 0.6950  MAE: 0.9477  Loss: 0.9536 
2026-09-02 11:02:53,234 - MMSA [INFO] - TEST-(DLF) >>  acc_7: 0.3192  acc_5: 0.3367  acc_2: 0.8293  F1_score: 0.8291  Corr: 0.6861  MAE: 0.9821  Loss: 0.9809 
2026-09-02 11:03:26,380 - MMSA [INFO] - >> Epoch: 4 TRAIN -(DLF) [1/4/1] >> total_loss: 3.7146  acc_7: 0.3777  acc_5: 0.3972  acc_2: 0.8400  F1_score: 0.8403  Corr: 0.7472  MAE: 0.7907 
2026-09-02 11:03:28,907 - MMSA [INFO] - VAL-(DLF) >>  acc_7: 0.2882  acc_5: 0.3537  acc_2: 0.7963  F1_score: 0.7968  Corr: 0.7054  MAE: 0.9679  Loss: 0.9529 
2026-09-02 11:03:34,728 - MMSA [INFO] - TEST-(DLF) >>  acc_7: 0.3484  acc_5: 0.3659  acc_2: 0.8232  F1_score: 0.8167  Corr: 0.7102  MAE: 0.8737  Loss: 0.8725 
2026-09-02 11:04:07,666 - MMSA [INFO] - >> Epoch: 5 TRAIN -(DLF) [1/5/1] >> total_loss: 3.5722  acc_7: 0.3995  acc_5: 0.4198  acc_2: 0.8432  F1_score: 0.8436  Corr: 0.7637  MAE: 0.7538 
2026-09-02 11:04:10,252 - MMSA [INFO] - VAL-(DLF) >>  acc_7: 0.3406  acc_5: 0.4236  acc_2: 0.8380  F1_score: 0.8358  Corr: 0.7202  MAE: 0.9254  Loss: 0.9186 
2026-09-02 11:04:16,946 - MMSA [INFO] - TEST-(DLF) >>  acc_7: 0.3032  acc_5: 0.3309  acc_2: 0.7912  F1_score: 0.7919  Corr: 0.7238  MAE: 1.0555  Loss: 1.0549 
2026-09-02 11:04:52,833 - MMSA [INFO] - >> Epoch: 6 TRAIN -(DLF) [1/6/1] >> total_loss: 3.3546  acc_7: 0.4354  acc_5: 0.4673  acc_2: 0.8790  F1_score: 0.8792  Corr: 0.8148  MAE: 0.6769 
2026-09-02 11:04:55,790 - MMSA [INFO] - VAL-(DLF) >>  acc_7: 0.3231  acc_5: 0.3974  acc_2: 0.8611  F1_score: 0.8618  Corr: 0.7387  MAE: 0.8629  Loss: 0.8462 
2026-09-02 11:05:03,375 - MMSA [INFO] - TEST-(DLF) >>  acc_7: 0.3542  acc_5: 0.3819  acc_2: 0.8399  F1_score: 0.8388  Corr: 0.7486  MAE: 0.8449  Loss: 0.8440 
2026-09-02 11:05:41,523 - MMSA [INFO] - >> Epoch: 7 TRAIN -(DLF) [1/7/1] >> total_loss: 3.1558  acc_7: 0.4712  acc_5: 0.5047  acc_2: 0.9058  F1_score: 0.9059  Corr: 0.8513  MAE: 0.6132 
2026-09-02 11:05:44,206 - MMSA [INFO] - VAL-(DLF) >>  acc_7: 0.3144  acc_5: 0.3930  acc_2: 0.8472  F1_score: 0.8480  Corr: 0.7398  MAE: 0.8670  Loss: 0.8483 
2026-09-02 11:05:54,657 - MMSA [INFO] - TEST-(DLF) >>  acc_7: 0.3732  acc_5: 0.4155  acc_2: 0.8384  F1_score: 0.8367  Corr: 0.7454  MAE: 0.8400  Loss: 0.8391 
2026-09-02 11:06:34,270 - MMSA [INFO] - >> Epoch: 8 TRAIN -(DLF) [2/8/1] >> total_loss: 3.0145  acc_7: 0.4953  acc_5: 0.5257  acc_2: 0.9058  F1_score: 0.9060  Corr: 0.8636  MAE: 0.5800 
2026-09-02 11:06:37,129 - MMSA [INFO] - VAL-(DLF) >>  acc_7: 0.3624  acc_5: 0.4454  acc_2: 0.8565  F1_score: 0.8546  Corr: 0.7646  MAE: 0.8565  Loss: 0.8497 
2026-09-02 11:06:44,310 - MMSA [INFO] - TEST-(DLF) >>  acc_7: 0.3338  acc_5: 0.3776  acc_2: 0.7896  F1_score: 0.7902  Corr: 0.7429  MAE: 0.9998  Loss: 0.9994 
2026-09-02 11:07:21,620 - MMSA [INFO] - >> Epoch: 9 TRAIN -(DLF) [3/9/1] >> total_loss: 2.9483  acc_7: 0.4829  acc_5: 0.5226  acc_2: 0.9171  F1_score: 0.9172  Corr: 0.8681  MAE: 0.5855 
2026-09-02 11:07:24,569 - MMSA [INFO] - VAL-(DLF) >>  acc_7: 0.3712  acc_5: 0.4716  acc_2: 0.8565  F1_score: 0.8566  Corr: 0.7616  MAE: 0.8344  Loss: 0.8133 
2026-09-02 11:07:31,132 - MMSA [INFO] - TEST-(DLF) >>  acc_7: 0.3980  acc_5: 0.4767  acc_2: 0.8293  F1_score: 0.8292  Corr: 0.7489  MAE: 0.8411  Loss: 0.8403 
2026-09-02 11:08:10,731 - MMSA [INFO] - >> Epoch: 10 TRAIN -(DLF) [1/10/1] >> total_loss: 2.8156  acc_7: 0.5164  acc_5: 0.5537  acc_2: 0.9285  F1_score: 0.9283  Corr: 0.8872  MAE: 0.5333 
2026-09-02 11:08:13,846 - MMSA [INFO] - VAL-(DLF) >>  acc_7: 0.3231  acc_5: 0.4236  acc_2: 0.8241  F1_score: 0.8249  Corr: 0.7428  MAE: 0.9499  Loss: 0.9253 
2026-09-02 11:08:21,295 - MMSA [INFO] - TEST-(DLF) >>  acc_7: 0.4009  acc_5: 0.4767  acc_2: 0.8399  F1_score: 0.8342  Corr: 0.7492  MAE: 0.8196  Loss: 0.8186 
2026-09-02 11:09:00,352 - MMSA [INFO] - >> Epoch: 11 TRAIN -(DLF) [2/11/1] >> total_loss: 2.9144  acc_7: 0.4330  acc_5: 0.4704  acc_2: 0.8968  F1_score: 0.8971  Corr: 0.8676  MAE: 0.6138 
2026-09-02 11:09:02,896 - MMSA [INFO] - VAL-(DLF) >>  acc_7: 0.3974  acc_5: 0.5066  acc_2: 0.8519  F1_score: 0.8505  Corr: 0.7742  MAE: 0.8252  Loss: 0.8162 
2026-09-02 11:09:09,250 - MMSA [INFO] - TEST-(DLF) >>  acc_7: 0.3688  acc_5: 0.4373  acc_2: 0.8049  F1_score: 0.8059  Corr: 0.7466  MAE: 0.9293  Loss: 0.9293 
2026-09-02 11:18:33,251 - MMSA [INFO] - >> Epoch: 12 TRAIN -(DLF) [3/12/1] >> total_loss: 2.7197  acc_7: 0.5117  acc_5: 0.5506  acc_2: 0.9188  F1_score: 0.9189  Corr: 0.8935  MAE: 0.5317 
2026-09-02 11:18:35,317 - MMSA [INFO] - VAL-(DLF) >>  acc_7: 0.4192  acc_5: 0.5328  acc_2: 0.8426  F1_score: 0.8411  Corr: 0.7674  MAE: 0.8033  Loss: 0.7925 
2026-09-02 11:18:41,279 - MMSA [INFO] - TEST-(DLF) >>  acc_7: 0.3790  acc_5: 0.4461  acc_2: 0.8064  F1_score: 0.8075  Corr: 0.7529  MAE: 0.8997  Loss: 0.8994 
2026-09-02 11:19:12,965 - MMSA [INFO] - >> Epoch: 13 TRAIN -(DLF) [1/13/1] >> total_loss: 2.6877  acc_7: 0.5280  acc_5: 0.5678  acc_2: 0.9180  F1_score: 0.9177  Corr: 0.8997  MAE: 0.5205 
2026-09-02 11:19:15,489 - MMSA [INFO] - VAL-(DLF) >>  acc_7: 0.3537  acc_5: 0.4629  acc_2: 0.8426  F1_score: 0.8434  Corr: 0.7711  MAE: 0.8126  Loss: 0.7958 
2026-09-02 11:19:22,088 - MMSA [INFO] - TEST-(DLF) >>  acc_7: 0.4402  acc_5: 0.5087  acc_2: 0.8415  F1_score: 0.8388  Corr: 0.7710  MAE: 0.7602  Loss: 0.7595 
2026-09-02 11:19:53,642 - MMSA [INFO] - >> Epoch: 14 TRAIN -(DLF) [2/14/1] >> total_loss: 2.5734  acc_7: 0.5569  acc_5: 0.5989  acc_2: 0.9261  F1_score: 0.9262  Corr: 0.9092  MAE: 0.4817 
2026-09-02 11:19:56,040 - MMSA [INFO] - VAL-(DLF) >>  acc_7: 0.4105  acc_5: 0.5197  acc_2: 0.8750  F1_score: 0.8752  Corr: 0.7789  MAE: 0.7783  Loss: 0.7686 
2026-09-02 11:20:02,178 - MMSA [INFO] - TEST-(DLF) >>  acc_7: 0.4111  acc_5: 0.4854  acc_2: 0.8277  F1_score: 0.8284  Corr: 0.7693  MAE: 0.8153  Loss: 0.8152 
2026-09-02 11:20:35,664 - MMSA [INFO] - >> Epoch: 15 TRAIN -(DLF) [1/15/1] >> total_loss: 2.4628  acc_7: 0.6044  acc_5: 0.6542  acc_2: 0.9488  F1_score: 0.9489  Corr: 0.9221  MAE: 0.4377 
2026-09-02 11:20:38,420 - MMSA [INFO] - VAL-(DLF) >>  acc_7: 0.4148  acc_5: 0.5240  acc_2: 0.8565  F1_score: 0.8564  Corr: 0.7748  MAE: 0.7889  Loss: 0.7850 
2026-09-02 11:20:45,595 - MMSA [INFO] - TEST-(DLF) >>  acc_7: 0.4038  acc_5: 0.4781  acc_2: 0.8110  F1_score: 0.8121  Corr: 0.7563  MAE: 0.8397  Loss: 0.8397 
2026-09-02 11:21:21,061 - MMSA [INFO] - >> Epoch: 16 TRAIN -(DLF) [2/16/1] >> total_loss: 2.4286  acc_7: 0.6005  acc_5: 0.6519  acc_2: 0.9342  F1_score: 0.9342  Corr: 0.9229  MAE: 0.4394 
2026-09-02 11:21:23,506 - MMSA [INFO] - VAL-(DLF) >>  acc_7: 0.3755  acc_5: 0.4847  acc_2: 0.8565  F1_score: 0.8572  Corr: 0.7768  MAE: 0.8015  Loss: 0.7881 
2026-09-02 11:21:29,552 - MMSA [INFO] - TEST-(DLF) >>  acc_7: 0.4315  acc_5: 0.5102  acc_2: 0.8354  F1_score: 0.8345  Corr: 0.7698  MAE: 0.7711  Loss: 0.7705 
2026-09-02 11:22:00,344 - MMSA [INFO] - >> Epoch: 17 TRAIN -(DLF) [3/17/1] >> total_loss: 2.3253  acc_7: 0.6379  acc_5: 0.6869  acc_2: 0.9545  F1_score: 0.9545  Corr: 0.9305  MAE: 0.4064 
2026-09-02 11:22:02,842 - MMSA [INFO] - VAL-(DLF) >>  acc_7: 0.3886  acc_5: 0.4978  acc_2: 0.8611  F1_score: 0.8618  Corr: 0.7781  MAE: 0.8046  Loss: 0.7876 
2026-09-02 11:22:08,918 - MMSA [INFO] - TEST-(DLF) >>  acc_7: 0.4402  acc_5: 0.5190  acc_2: 0.8369  F1_score: 0.8359  Corr: 0.7726  MAE: 0.7632  Loss: 0.7626 
2026-09-02 11:22:39,260 - MMSA [INFO] - >> Epoch: 18 TRAIN -(DLF) [4/18/1] >> total_loss: 2.3052  acc_7: 0.6246  acc_5: 0.6807  acc_2: 0.9423  F1_score: 0.9424  Corr: 0.9325  MAE: 0.4133 
2026-09-02 11:22:41,725 - MMSA [INFO] - VAL-(DLF) >>  acc_7: 0.4410  acc_5: 0.5459  acc_2: 0.8565  F1_score: 0.8559  Corr: 0.7866  MAE: 0.7639  Loss: 0.7566 
2026-09-02 11:22:48,067 - MMSA [INFO] - TEST-(DLF) >>  acc_7: 0.4155  acc_5: 0.4898  acc_2: 0.8186  F1_score: 0.8196  Corr: 0.7643  MAE: 0.8208  Loss: 0.8205 
2026-09-02 11:23:21,449 - MMSA [INFO] - >> Epoch: 19 TRAIN -(DLF) [1/19/1] >> total_loss: 2.2413  acc_7: 0.6238  acc_5: 0.6760  acc_2: 0.9513  F1_score: 0.9513  Corr: 0.9357  MAE: 0.3889 
2026-09-02 11:23:24,587 - MMSA [INFO] - VAL-(DLF) >>  acc_7: 0.4105  acc_5: 0.5153  acc_2: 0.8796  F1_score: 0.8796  Corr: 0.7871  MAE: 0.7640  Loss: 0.7522 
2026-09-02 11:23:31,594 - MMSA [INFO] - TEST-(DLF) >>  acc_7: 0.4286  acc_5: 0.5073  acc_2: 0.8216  F1_score: 0.8224  Corr: 0.7660  MAE: 0.8004  Loss: 0.8001 
2026-09-02 11:24:09,679 - MMSA [INFO] - >> Epoch: 20 TRAIN -(DLF) [1/20/1] >> total_loss: 2.2052  acc_7: 0.6371  acc_5: 0.6931  acc_2: 0.9578  F1_score: 0.9578  Corr: 0.9425  MAE: 0.3733 
2026-09-02 11:24:12,553 - MMSA [INFO] - VAL-(DLF) >>  acc_7: 0.4017  acc_5: 0.5066  acc_2: 0.8704  F1_score: 0.8707  Corr: 0.7882  MAE: 0.7709  Loss: 0.7577 
2026-09-02 11:24:19,479 - MMSA [INFO] - TEST-(DLF) >>  acc_7: 0.4388  acc_5: 0.5160  acc_2: 0.8216  F1_score: 0.8219  Corr: 0.7655  MAE: 0.7812  Loss: 0.7806 
2026-09-02 11:24:55,070 - MMSA [INFO] - >> Epoch: 21 TRAIN -(DLF) [2/21/1] >> total_loss: 2.1692  acc_7: 0.6379  acc_5: 0.6931  acc_2: 0.9586  F1_score: 0.9586  Corr: 0.9446  MAE: 0.3745 
2026-09-02 11:24:57,570 - MMSA [INFO] - VAL-(DLF) >>  acc_7: 0.3886  acc_5: 0.4934  acc_2: 0.8611  F1_score: 0.8618  Corr: 0.7826  MAE: 0.7748  Loss: 0.7605 
2026-09-02 11:25:03,475 - MMSA [INFO] - TEST-(DLF) >>  acc_7: 0.4504  acc_5: 0.5233  acc_2: 0.8338  F1_score: 0.8328  Corr: 0.7670  MAE: 0.7604  Loss: 0.7595 
2026-09-02 11:25:33,607 - MMSA [INFO] - >> Epoch: 22 TRAIN -(DLF) [3/22/1] >> total_loss: 2.1548  acc_7: 0.6379  acc_5: 0.6916  acc_2: 0.9529  F1_score: 0.9529  Corr: 0.9462  MAE: 0.3703 
2026-09-02 11:25:35,798 - MMSA [INFO] - VAL-(DLF) >>  acc_7: 0.3886  acc_5: 0.5022  acc_2: 0.8565  F1_score: 0.8571  Corr: 0.7828  MAE: 0.7947  Loss: 0.7744 
2026-09-02 11:25:43,051 - MMSA [INFO] - TEST-(DLF) >>  acc_7: 0.4606  acc_5: 0.5408  acc_2: 0.8308  F1_score: 0.8291  Corr: 0.7670  MAE: 0.7617  Loss: 0.7609 
2026-09-02 11:26:21,413 - MMSA [INFO] - >> Epoch: 23 TRAIN -(DLF) [4/23/1] >> total_loss: 2.1252  acc_7: 0.6674  acc_5: 0.7251  acc_2: 0.9464  F1_score: 0.9465  Corr: 0.9483  MAE: 0.3522 
2026-09-02 11:26:24,114 - MMSA [INFO] - VAL-(DLF) >>  acc_7: 0.4105  acc_5: 0.5197  acc_2: 0.8519  F1_score: 0.8524  Corr: 0.7934  MAE: 0.7525  Loss: 0.7374 
2026-09-02 11:26:30,197 - MMSA [INFO] - TEST-(DLF) >>  acc_7: 0.4548  acc_5: 0.5292  acc_2: 0.8232  F1_score: 0.8236  Corr: 0.7685  MAE: 0.7629  Loss: 0.7621 
2026-09-02 11:27:08,368 - MMSA [INFO] - >> Epoch: 24 TRAIN -(DLF) [1/24/1] >> total_loss: 2.0546  acc_7: 0.6713  acc_5: 0.7290  acc_2: 0.9594  F1_score: 0.9594  Corr: 0.9518  MAE: 0.3425 
2026-09-02 11:27:11,010 - MMSA [INFO] - VAL-(DLF) >>  acc_7: 0.4192  acc_5: 0.5284  acc_2: 0.8472  F1_score: 0.8477  Corr: 0.7921  MAE: 0.7480  Loss: 0.7363 
2026-09-02 11:27:18,025 - MMSA [INFO] - TEST-(DLF) >>  acc_7: 0.4519  acc_5: 0.5277  acc_2: 0.8247  F1_score: 0.8253  Corr: 0.7709  MAE: 0.7668  Loss: 0.7661 
2026-09-02 11:27:57,786 - MMSA [INFO] - >> Epoch: 25 TRAIN -(DLF) [1/25/1] >> total_loss: 2.0767  acc_7: 0.6628  acc_5: 0.7173  acc_2: 0.9521  F1_score: 0.9521  Corr: 0.9496  MAE: 0.3576 
2026-09-02 11:28:01,093 - MMSA [INFO] - VAL-(DLF) >>  acc_7: 0.4236  acc_5: 0.5371  acc_2: 0.8611  F1_score: 0.8613  Corr: 0.7861  MAE: 0.7763  Loss: 0.7650 
2026-09-02 11:28:08,781 - MMSA [INFO] - TEST-(DLF) >>  acc_7: 0.4286  acc_5: 0.5058  acc_2: 0.8201  F1_score: 0.8209  Corr: 0.7675  MAE: 0.8121  Loss: 0.8118 
2026-09-02 11:28:47,399 - MMSA [INFO] - >> Epoch: 26 TRAIN -(DLF) [2/26/1] >> total_loss: 2.103  acc_7: 0.6698  acc_5: 0.7305  acc_2: 0.9496  F1_score: 0.9497  Corr: 0.9472  MAE: 0.3679 
2026-09-02 11:28:50,368 - MMSA [INFO] - VAL-(DLF) >>  acc_7: 0.3974  acc_5: 0.5066  acc_2: 0.8611  F1_score: 0.8615  Corr: 0.7844  MAE: 0.7638  Loss: 0.7526 
2026-09-02 11:28:57,985 - MMSA [INFO] - TEST-(DLF) >>  acc_7: 0.4431  acc_5: 0.5131  acc_2: 0.8186  F1_score: 0.8192  Corr: 0.7702  MAE: 0.7691  Loss: 0.7686 
2026-09-02 11:29:35,985 - MMSA [INFO] - >> Epoch: 27 TRAIN -(DLF) [3/27/1] >> total_loss: 2.0714  acc_7: 0.6643  acc_5: 0.7204  acc_2: 0.9423  F1_score: 0.9422  Corr: 0.9508  MAE: 0.3606 
2026-09-02 11:29:38,502 - MMSA [INFO] - VAL-(DLF) >>  acc_7: 0.3799  acc_5: 0.4934  acc_2: 0.8472  F1_score: 0.8479  Corr: 0.7842  MAE: 0.7886  Loss: 0.7683 
2026-09-02 11:29:45,603 - MMSA [INFO] - TEST-(DLF) >>  acc_7: 0.4665  acc_5: 0.5466  acc_2: 0.8293  F1_score: 0.8280  Corr: 0.7739  MAE: 0.7421  Loss: 0.7412 
2026-09-02 11:30:24,842 - MMSA [INFO] - >> Epoch: 28 TRAIN -(DLF) [4/28/1] >> total_loss: 2.0461  acc_7: 0.6597  acc_5: 0.7173  acc_2: 0.9561  F1_score: 0.9560  Corr: 0.9513  MAE: 0.3526 
2026-09-02 11:30:28,210 - MMSA [INFO] - VAL-(DLF) >>  acc_7: 0.4148  acc_5: 0.5197  acc_2: 0.8565  F1_score: 0.8568  Corr: 0.7922  MAE: 0.7587  Loss: 0.7418 
2026-09-02 11:30:35,307 - MMSA [INFO] - TEST-(DLF) >>  acc_7: 0.4490  acc_5: 0.5262  acc_2: 0.8262  F1_score: 0.8265  Corr: 0.7760  MAE: 0.7633  Loss: 0.7627 
2026-09-02 11:31:16,515 - MMSA [INFO] - >> Epoch: 29 TRAIN -(DLF) [5/29/1] >> total_loss: 1.95  acc_7: 0.7017  acc_5: 0.7539  acc_2: 0.9610  F1_score: 0.9610  Corr: 0.9591  MAE: 0.3172 
2026-09-02 11:31:19,382 - MMSA [INFO] - VAL-(DLF) >>  acc_7: 0.4498  acc_5: 0.5502  acc_2: 0.8519  F1_score: 0.8514  Corr: 0.7934  MAE: 0.7371  Loss: 0.7222 
2026-09-02 11:31:26,699 - MMSA [INFO] - TEST-(DLF) >>  acc_7: 0.4242  acc_5: 0.4971  acc_2: 0.8216  F1_score: 0.8227  Corr: 0.7712  MAE: 0.7893  Loss: 0.7888 
2026-09-02 11:32:07,165 - MMSA [INFO] - >> Epoch: 30 TRAIN -(DLF) [1/30/1] >> total_loss: 1.9507  acc_7: 0.6908  acc_5: 0.7453  acc_2: 0.9634  F1_score: 0.9634  Corr: 0.9599  MAE: 0.3156 
2026-09-02 11:32:10,295 - MMSA [INFO] - VAL-(DLF) >>  acc_7: 0.4105  acc_5: 0.5197  acc_2: 0.8657  F1_score: 0.8660  Corr: 0.7942  MAE: 0.7454  Loss: 0.7242 
2026-09-02 11:32:17,833 - MMSA [INFO] - TEST-(DLF) >>  acc_7: 0.4548  acc_5: 0.5306  acc_2: 0.8308  F1_score: 0.8310  Corr: 0.7780  MAE: 0.7481  Loss: 0.7473 
2026-09-02 11:32:57,113 - MMSA [INFO] - >> Epoch: 31 TRAIN -(DLF) [2/31/1] >> total_loss: 1.9178  acc_7: 0.7009  acc_5: 0.7516  acc_2: 0.9659  F1_score: 0.9658  Corr: 0.9618  MAE: 0.3112 
2026-09-02 11:32:59,862 - MMSA [INFO] - VAL-(DLF) >>  acc_7: 0.4367  acc_5: 0.5459  acc_2: 0.8611  F1_score: 0.8613  Corr: 0.7977  MAE: 0.7193  Loss: 0.7030 
2026-09-02 11:33:07,311 - MMSA [INFO] - TEST-(DLF) >>  acc_7: 0.4563  acc_5: 0.5306  acc_2: 0.8323  F1_score: 0.8330  Corr: 0.7763  MAE: 0.7496  Loss: 0.7488 
2026-09-02 11:33:45,717 - MMSA [INFO] - >> Epoch: 32 TRAIN -(DLF) [1/32/1] >> total_loss: 1.9534  acc_7: 0.6931  acc_5: 0.7500  acc_2: 0.9569  F1_score: 0.9569  Corr: 0.9590  MAE: 0.3268 
2026-09-02 11:33:48,956 - MMSA [INFO] - VAL-(DLF) >>  acc_7: 0.4760  acc_5: 0.5764  acc_2: 0.8472  F1_score: 0.8469  Corr: 0.7985  MAE: 0.7296  Loss: 0.7149 
2026-09-02 11:33:55,842 - MMSA [INFO] - TEST-(DLF) >>  acc_7: 0.4329  acc_5: 0.5087  acc_2: 0.8186  F1_score: 0.8196  Corr: 0.7743  MAE: 0.8008  Loss: 0.8001 
2026-09-02 11:59:59,835 - MMSA [INFO] - Using device: cuda:0
2026-09-02 11:59:59,836 - MMSA [INFO] - Architecture: serial_ccdr, use_ccdr=True
2026-09-02 12:00:00,601 - MMSA [INFO] - train samples: (1284,)
2026-09-02 12:00:00,972 - MMSA [INFO] - valid samples: (229,)
2026-09-02 12:00:01,306 - MMSA [INFO] - test samples: (686,)
2026-09-02 12:00:06,906 - MMSA [INFO] - Optimizer: AdamW, bert_lr=2e-05, other_lr=0.0001, weight_decay=0.005
2026-09-02 12:00:40,530 - MMSA [INFO] - >> Epoch: 1 TRAIN -(DLF) [1/1/1] >> total_loss: 4.944  acc_7: 0.1955  acc_5: 0.1955  acc_2: 0.5833  F1_score: 0.5393  Corr: 0.2042  MAE: 1.2951 
2026-09-02 12:00:42,863 - MMSA [INFO] - VAL-(DLF) >>  acc_7: 0.2358  acc_5: 0.2358  acc_2: 0.6157  F1_score: 0.5423  Corr: 0.4054  MAE: 1.3167  Loss: 1.3501 
2026-09-02 12:00:50,385 - MMSA [INFO] - TEST-(DLF) >>  acc_7: 0.1851  acc_5: 0.1851  acc_2: 0.5198  F1_score: 0.4542  Corr: 0.4390  MAE: 1.3825  Loss: 1.3815 
2026-09-02 12:01:23,886 - MMSA [INFO] - >> Epoch: 2 TRAIN -(DLF) [1/2/1] >> total_loss: 4.6163  acc_7: 0.2181  acc_5: 0.2181  acc_2: 0.6344  F1_score: 0.5766  Corr: 0.4782  MAE: 1.1996 
2026-09-02 12:01:26,574 - MMSA [INFO] - VAL-(DLF) >>  acc_7: 0.2576  acc_5: 0.2576  acc_2: 0.7685  F1_score: 0.7645  Corr: 0.5515  MAE: 1.1797  Loss: 1.2047 
2026-09-02 12:01:33,633 - MMSA [INFO] - TEST-(DLF) >>  acc_7: 0.2172  acc_5: 0.2172  acc_2: 0.7027  F1_score: 0.7039  Corr: 0.5419  MAE: 1.2085  Loss: 1.2072 
2026-09-02 12:02:06,979 - MMSA [INFO] - >> Epoch: 3 TRAIN -(DLF) [1/3/1] >> total_loss: 4.1513  acc_7: 0.2734  acc_5: 0.2749  acc_2: 0.7717  F1_score: 0.7695  Corr: 0.6587  MAE: 0.9891 
2026-09-02 12:02:09,351 - MMSA [INFO] - VAL-(DLF) >>  acc_7: 0.3013  acc_5: 0.3668  acc_2: 0.8380  F1_score: 0.8383  Corr: 0.6950  MAE: 0.9477  Loss: 0.9536 
2026-09-02 12:02:15,882 - MMSA [INFO] - TEST-(DLF) >>  acc_7: 0.3192  acc_5: 0.3367  acc_2: 0.8293  F1_score: 0.8291  Corr: 0.6861  MAE: 0.9821  Loss: 0.9809 
2026-09-02 12:02:49,241 - MMSA [INFO] - >> Epoch: 4 TRAIN -(DLF) [1/4/1] >> total_loss: 3.7146  acc_7: 0.3777  acc_5: 0.3972  acc_2: 0.8400  F1_score: 0.8403  Corr: 0.7472  MAE: 0.7907 
2026-09-02 12:02:51,615 - MMSA [INFO] - VAL-(DLF) >>  acc_7: 0.2882  acc_5: 0.3537  acc_2: 0.7963  F1_score: 0.7968  Corr: 0.7054  MAE: 0.9679  Loss: 0.9529 
2026-09-02 12:02:58,634 - MMSA [INFO] - TEST-(DLF) >>  acc_7: 0.3484  acc_5: 0.3659  acc_2: 0.8232  F1_score: 0.8167  Corr: 0.7102  MAE: 0.8737  Loss: 0.8725 
2026-09-02 12:03:33,413 - MMSA [INFO] - >> Epoch: 5 TRAIN -(DLF) [1/5/1] >> total_loss: 3.5722  acc_7: 0.3995  acc_5: 0.4198  acc_2: 0.8432  F1_score: 0.8436  Corr: 0.7637  MAE: 0.7538 
2026-09-02 12:03:35,853 - MMSA [INFO] - VAL-(DLF) >>  acc_7: 0.3406  acc_5: 0.4236  acc_2: 0.8380  F1_score: 0.8358  Corr: 0.7202  MAE: 0.9254  Loss: 0.9186 
2026-09-02 12:03:42,235 - MMSA [INFO] - TEST-(DLF) >>  acc_7: 0.3032  acc_5: 0.3309  acc_2: 0.7912  F1_score: 0.7919  Corr: 0.7238  MAE: 1.0555  Loss: 1.0549 
2026-09-02 12:04:16,817 - MMSA [INFO] - >> Epoch: 6 TRAIN -(DLF) [1/6/1] >> total_loss: 3.3546  acc_7: 0.4354  acc_5: 0.4673  acc_2: 0.8790  F1_score: 0.8792  Corr: 0.8148  MAE: 0.6769 
2026-09-02 12:04:19,494 - MMSA [INFO] - VAL-(DLF) >>  acc_7: 0.3231  acc_5: 0.3974  acc_2: 0.8611  F1_score: 0.8618  Corr: 0.7387  MAE: 0.8629  Loss: 0.8462 
2026-09-02 12:04:26,409 - MMSA [INFO] - TEST-(DLF) >>  acc_7: 0.3542  acc_5: 0.3819  acc_2: 0.8399  F1_score: 0.8388  Corr: 0.7486  MAE: 0.8449  Loss: 0.8440 
2026-09-02 12:05:01,158 - MMSA [INFO] - >> Epoch: 7 TRAIN -(DLF) [1/7/1] >> total_loss: 3.1558  acc_7: 0.4712  acc_5: 0.5047  acc_2: 0.9058  F1_score: 0.9059  Corr: 0.8513  MAE: 0.6132 
2026-09-02 12:05:03,875 - MMSA [INFO] - VAL-(DLF) >>  acc_7: 0.3144  acc_5: 0.3930  acc_2: 0.8472  F1_score: 0.8480  Corr: 0.7398  MAE: 0.8670  Loss: 0.8483 
2026-09-02 12:05:10,647 - MMSA [INFO] - TEST-(DLF) >>  acc_7: 0.3732  acc_5: 0.4155  acc_2: 0.8384  F1_score: 0.8367  Corr: 0.7454  MAE: 0.8400  Loss: 0.8391 
2026-09-02 12:05:43,501 - MMSA [INFO] - >> Epoch: 8 TRAIN -(DLF) [2/8/1] >> total_loss: 3.0145  acc_7: 0.4953  acc_5: 0.5257  acc_2: 0.9058  F1_score: 0.9060  Corr: 0.8636  MAE: 0.5800 
2026-09-02 12:05:46,181 - MMSA [INFO] - VAL-(DLF) >>  acc_7: 0.3624  acc_5: 0.4454  acc_2: 0.8565  F1_score: 0.8546  Corr: 0.7646  MAE: 0.8565  Loss: 0.8497 
2026-09-02 12:05:55,013 - MMSA [INFO] - TEST-(DLF) >>  acc_7: 0.3338  acc_5: 0.3776  acc_2: 0.7896  F1_score: 0.7902  Corr: 0.7429  MAE: 0.9998  Loss: 0.9994 
2026-09-02 12:06:25,645 - MMSA [INFO] - >> Epoch: 9 TRAIN -(DLF) [3/9/1] >> total_loss: 2.9483  acc_7: 0.4829  acc_5: 0.5226  acc_2: 0.9171  F1_score: 0.9172  Corr: 0.8681  MAE: 0.5855 
2026-09-02 12:06:28,196 - MMSA [INFO] - VAL-(DLF) >>  acc_7: 0.3712  acc_5: 0.4716  acc_2: 0.8565  F1_score: 0.8566  Corr: 0.7616  MAE: 0.8344  Loss: 0.8133 
2026-09-02 12:06:34,771 - MMSA [INFO] - TEST-(DLF) >>  acc_7: 0.3980  acc_5: 0.4767  acc_2: 0.8293  F1_score: 0.8292  Corr: 0.7489  MAE: 0.8411  Loss: 0.8403 
2026-09-02 12:07:08,969 - MMSA [INFO] - >> Epoch: 10 TRAIN -(DLF) [1/10/1] >> total_loss: 2.8156  acc_7: 0.5164  acc_5: 0.5537  acc_2: 0.9285  F1_score: 0.9283  Corr: 0.8872  MAE: 0.5333 
2026-09-02 12:07:11,428 - MMSA [INFO] - VAL-(DLF) >>  acc_7: 0.3231  acc_5: 0.4236  acc_2: 0.8241  F1_score: 0.8249  Corr: 0.7428  MAE: 0.9499  Loss: 0.9253 
2026-09-02 12:07:17,922 - MMSA [INFO] - TEST-(DLF) >>  acc_7: 0.4009  acc_5: 0.4767  acc_2: 0.8399  F1_score: 0.8342  Corr: 0.7492  MAE: 0.8196  Loss: 0.8186 
2026-09-02 12:07:50,792 - MMSA [INFO] - >> Epoch: 11 TRAIN -(DLF) [2/11/1] >> total_loss: 2.9144  acc_7: 0.4330  acc_5: 0.4704  acc_2: 0.8968  F1_score: 0.8971  Corr: 0.8676  MAE: 0.6138 
2026-09-02 12:07:53,364 - MMSA [INFO] - VAL-(DLF) >>  acc_7: 0.3974  acc_5: 0.5066  acc_2: 0.8519  F1_score: 0.8505  Corr: 0.7742  MAE: 0.8252  Loss: 0.8162 
2026-09-02 12:07:59,843 - MMSA [INFO] - TEST-(DLF) >>  acc_7: 0.3688  acc_5: 0.4373  acc_2: 0.8049  F1_score: 0.8059  Corr: 0.7466  MAE: 0.9293  Loss: 0.9293 
2026-09-02 12:08:31,886 - MMSA [INFO] - >> Epoch: 12 TRAIN -(DLF) [3/12/1] >> total_loss: 2.7197  acc_7: 0.5117  acc_5: 0.5506  acc_2: 0.9188  F1_score: 0.9189  Corr: 0.8935  MAE: 0.5317 
2026-09-02 12:08:34,393 - MMSA [INFO] - VAL-(DLF) >>  acc_7: 0.4192  acc_5: 0.5328  acc_2: 0.8426  F1_score: 0.8411  Corr: 0.7674  MAE: 0.8033  Loss: 0.7925 
2026-09-02 12:08:40,504 - MMSA [INFO] - TEST-(DLF) >>  acc_7: 0.3790  acc_5: 0.4461  acc_2: 0.8064  F1_score: 0.8075  Corr: 0.7529  MAE: 0.8997  Loss: 0.8994 
2026-09-02 12:09:13,862 - MMSA [INFO] - >> Epoch: 13 TRAIN -(DLF) [1/13/1] >> total_loss: 2.6877  acc_7: 0.5280  acc_5: 0.5678  acc_2: 0.9180  F1_score: 0.9177  Corr: 0.8997  MAE: 0.5205 
2026-09-02 12:09:16,356 - MMSA [INFO] - VAL-(DLF) >>  acc_7: 0.3537  acc_5: 0.4629  acc_2: 0.8426  F1_score: 0.8434  Corr: 0.7711  MAE: 0.8126  Loss: 0.7958 
2026-09-02 12:09:22,637 - MMSA [INFO] - TEST-(DLF) >>  acc_7: 0.4402  acc_5: 0.5087  acc_2: 0.8415  F1_score: 0.8388  Corr: 0.7710  MAE: 0.7602  Loss: 0.7595 
2026-09-02 12:09:54,872 - MMSA [INFO] - >> Epoch: 14 TRAIN -(DLF) [2/14/1] >> total_loss: 2.5734  acc_7: 0.5569  acc_5: 0.5989  acc_2: 0.9261  F1_score: 0.9262  Corr: 0.9092  MAE: 0.4817 
2026-09-02 12:09:57,374 - MMSA [INFO] - VAL-(DLF) >>  acc_7: 0.4105  acc_5: 0.5197  acc_2: 0.8750  F1_score: 0.8752  Corr: 0.7789  MAE: 0.7783  Loss: 0.7686 
2026-09-02 12:10:04,311 - MMSA [INFO] - TEST-(DLF) >>  acc_7: 0.4111  acc_5: 0.4854  acc_2: 0.8277  F1_score: 0.8284  Corr: 0.7693  MAE: 0.8153  Loss: 0.8152 
2026-09-02 12:10:37,422 - MMSA [INFO] - >> Epoch: 15 TRAIN -(DLF) [1/15/1] >> total_loss: 2.4628  acc_7: 0.6044  acc_5: 0.6542  acc_2: 0.9488  F1_score: 0.9489  Corr: 0.9221  MAE: 0.4377 
2026-09-02 12:10:40,428 - MMSA [INFO] - VAL-(DLF) >>  acc_7: 0.4148  acc_5: 0.5240  acc_2: 0.8565  F1_score: 0.8564  Corr: 0.7748  MAE: 0.7889  Loss: 0.7850 
2026-09-02 12:10:48,049 - MMSA [INFO] - TEST-(DLF) >>  acc_7: 0.4038  acc_5: 0.4781  acc_2: 0.8110  F1_score: 0.8121  Corr: 0.7563  MAE: 0.8397  Loss: 0.8397 
2026-09-02 12:11:22,989 - MMSA [INFO] - >> Epoch: 16 TRAIN -(DLF) [2/16/1] >> total_loss: 2.4286  acc_7: 0.6005  acc_5: 0.6519  acc_2: 0.9342  F1_score: 0.9342  Corr: 0.9229  MAE: 0.4394 
2026-09-02 12:11:25,890 - MMSA [INFO] - VAL-(DLF) >>  acc_7: 0.3755  acc_5: 0.4847  acc_2: 0.8565  F1_score: 0.8572  Corr: 0.7768  MAE: 0.8015  Loss: 0.7881 
2026-09-02 12:11:32,611 - MMSA [INFO] - TEST-(DLF) >>  acc_7: 0.4315  acc_5: 0.5102  acc_2: 0.8354  F1_score: 0.8345  Corr: 0.7698  MAE: 0.7711  Loss: 0.7705 
2026-09-02 12:12:05,122 - MMSA [INFO] - >> Epoch: 17 TRAIN -(DLF) [3/17/1] >> total_loss: 2.3253  acc_7: 0.6379  acc_5: 0.6869  acc_2: 0.9545  F1_score: 0.9545  Corr: 0.9305  MAE: 0.4064 
2026-09-02 12:12:07,676 - MMSA [INFO] - VAL-(DLF) >>  acc_7: 0.3886  acc_5: 0.4978  acc_2: 0.8611  F1_score: 0.8618  Corr: 0.7781  MAE: 0.8046  Loss: 0.7876 
2026-09-02 12:12:14,074 - MMSA [INFO] - TEST-(DLF) >>  acc_7: 0.4402  acc_5: 0.5190  acc_2: 0.8369  F1_score: 0.8359  Corr: 0.7726  MAE: 0.7632  Loss: 0.7626 
2026-09-02 12:12:47,317 - MMSA [INFO] - >> Epoch: 18 TRAIN -(DLF) [4/18/1] >> total_loss: 2.3052  acc_7: 0.6246  acc_5: 0.6807  acc_2: 0.9423  F1_score: 0.9424  Corr: 0.9325  MAE: 0.4133 
2026-09-02 12:12:49,961 - MMSA [INFO] - VAL-(DLF) >>  acc_7: 0.4410  acc_5: 0.5459  acc_2: 0.8565  F1_score: 0.8559  Corr: 0.7866  MAE: 0.7639  Loss: 0.7566 
2026-09-02 12:12:56,295 - MMSA [INFO] - TEST-(DLF) >>  acc_7: 0.4155  acc_5: 0.4898  acc_2: 0.8186  F1_score: 0.8196  Corr: 0.7643  MAE: 0.8208  Loss: 0.8205 
2026-09-02 12:13:29,270 - MMSA [INFO] - >> Epoch: 19 TRAIN -(DLF) [1/19/1] >> total_loss: 2.2413  acc_7: 0.6238  acc_5: 0.6760  acc_2: 0.9513  F1_score: 0.9513  Corr: 0.9357  MAE: 0.3889 
2026-09-02 12:13:31,749 - MMSA [INFO] - VAL-(DLF) >>  acc_7: 0.4105  acc_5: 0.5153  acc_2: 0.8796  F1_score: 0.8796  Corr: 0.7871  MAE: 0.7640  Loss: 0.7522 
2026-09-02 12:13:38,206 - MMSA [INFO] - TEST-(DLF) >>  acc_7: 0.4286  acc_5: 0.5073  acc_2: 0.8216  F1_score: 0.8224  Corr: 0.7660  MAE: 0.8004  Loss: 0.8001 
2026-09-02 12:14:11,640 - MMSA [INFO] - >> Epoch: 20 TRAIN -(DLF) [1/20/1] >> total_loss: 2.2052  acc_7: 0.6371  acc_5: 0.6931  acc_2: 0.9578  F1_score: 0.9578  Corr: 0.9425  MAE: 0.3733 
2026-09-02 12:14:14,166 - MMSA [INFO] - VAL-(DLF) >>  acc_7: 0.4017  acc_5: 0.5066  acc_2: 0.8704  F1_score: 0.8707  Corr: 0.7882  MAE: 0.7709  Loss: 0.7577 
2026-09-02 12:14:20,826 - MMSA [INFO] - TEST-(DLF) >>  acc_7: 0.4388  acc_5: 0.5160  acc_2: 0.8216  F1_score: 0.8219  Corr: 0.7655  MAE: 0.7812  Loss: 0.7806 
2026-09-02 12:14:54,018 - MMSA [INFO] - >> Epoch: 21 TRAIN -(DLF) [2/21/1] >> total_loss: 2.1692  acc_7: 0.6379  acc_5: 0.6931  acc_2: 0.9586  F1_score: 0.9586  Corr: 0.9446  MAE: 0.3745 
2026-09-02 12:14:56,595 - MMSA [INFO] - VAL-(DLF) >>  acc_7: 0.3886  acc_5: 0.4934  acc_2: 0.8611  F1_score: 0.8618  Corr: 0.7826  MAE: 0.7748  Loss: 0.7605 
2026-09-02 12:15:02,946 - MMSA [INFO] - TEST-(DLF) >>  acc_7: 0.4504  acc_5: 0.5233  acc_2: 0.8338  F1_score: 0.8328  Corr: 0.7670  MAE: 0.7604  Loss: 0.7595 
2026-09-02 12:15:35,653 - MMSA [INFO] - >> Epoch: 22 TRAIN -(DLF) [3/22/1] >> total_loss: 2.1548  acc_7: 0.6379  acc_5: 0.6916  acc_2: 0.9529  F1_score: 0.9529  Corr: 0.9462  MAE: 0.3703 
2026-09-02 12:15:38,060 - MMSA [INFO] - VAL-(DLF) >>  acc_7: 0.3886  acc_5: 0.5022  acc_2: 0.8565  F1_score: 0.8571  Corr: 0.7828  MAE: 0.7947  Loss: 0.7744 
2026-09-02 12:15:44,422 - MMSA [INFO] - TEST-(DLF) >>  acc_7: 0.4606  acc_5: 0.5408  acc_2: 0.8308  F1_score: 0.8291  Corr: 0.7670  MAE: 0.7617  Loss: 0.7609 
2026-09-02 12:16:17,948 - MMSA [INFO] - >> Epoch: 23 TRAIN -(DLF) [4/23/1] >> total_loss: 2.1252  acc_7: 0.6674  acc_5: 0.7251  acc_2: 0.9464  F1_score: 0.9465  Corr: 0.9483  MAE: 0.3522 
2026-09-02 12:16:20,399 - MMSA [INFO] - VAL-(DLF) >>  acc_7: 0.4105  acc_5: 0.5197  acc_2: 0.8519  F1_score: 0.8524  Corr: 0.7934  MAE: 0.7525  Loss: 0.7374 
2026-09-02 12:16:26,734 - MMSA [INFO] - TEST-(DLF) >>  acc_7: 0.4548  acc_5: 0.5292  acc_2: 0.8232  F1_score: 0.8236  Corr: 0.7685  MAE: 0.7629  Loss: 0.7621 
2026-09-02 12:17:00,530 - MMSA [INFO] - >> Epoch: 24 TRAIN -(DLF) [1/24/1] >> total_loss: 2.0546  acc_7: 0.6713  acc_5: 0.7290  acc_2: 0.9594  F1_score: 0.9594  Corr: 0.9518  MAE: 0.3425 
2026-09-02 12:17:03,265 - MMSA [INFO] - VAL-(DLF) >>  acc_7: 0.4192  acc_5: 0.5284  acc_2: 0.8472  F1_score: 0.8477  Corr: 0.7921  MAE: 0.7480  Loss: 0.7363 
2026-09-02 12:17:09,413 - MMSA [INFO] - TEST-(DLF) >>  acc_7: 0.4519  acc_5: 0.5277  acc_2: 0.8247  F1_score: 0.8253  Corr: 0.7709  MAE: 0.7668  Loss: 0.7661 
2026-09-02 12:17:43,859 - MMSA [INFO] - >> Epoch: 25 TRAIN -(DLF) [1/25/1] >> total_loss: 2.0767  acc_7: 0.6628  acc_5: 0.7173  acc_2: 0.9521  F1_score: 0.9521  Corr: 0.9496  MAE: 0.3576 
2026-09-02 12:17:46,627 - MMSA [INFO] - VAL-(DLF) >>  acc_7: 0.4236  acc_5: 0.5371  acc_2: 0.8611  F1_score: 0.8613  Corr: 0.7861  MAE: 0.7763  Loss: 0.7650 
2026-09-02 12:17:53,426 - MMSA [INFO] - TEST-(DLF) >>  acc_7: 0.4286  acc_5: 0.5058  acc_2: 0.8201  F1_score: 0.8209  Corr: 0.7675  MAE: 0.8121  Loss: 0.8118 
2026-09-02 12:18:25,226 - MMSA [INFO] - >> Epoch: 26 TRAIN -(DLF) [2/26/1] >> total_loss: 2.103  acc_7: 0.6698  acc_5: 0.7305  acc_2: 0.9496  F1_score: 0.9497  Corr: 0.9472  MAE: 0.3679 
2026-09-02 12:18:27,752 - MMSA [INFO] - VAL-(DLF) >>  acc_7: 0.3974  acc_5: 0.5066  acc_2: 0.8611  F1_score: 0.8615  Corr: 0.7844  MAE: 0.7638  Loss: 0.7526 
2026-09-02 12:18:34,204 - MMSA [INFO] - TEST-(DLF) >>  acc_7: 0.4431  acc_5: 0.5131  acc_2: 0.8186  F1_score: 0.8192  Corr: 0.7702  MAE: 0.7691  Loss: 0.7686 
2026-09-02 12:19:07,447 - MMSA [INFO] - >> Epoch: 27 TRAIN -(DLF) [3/27/1] >> total_loss: 2.0714  acc_7: 0.6643  acc_5: 0.7204  acc_2: 0.9423  F1_score: 0.9422  Corr: 0.9508  MAE: 0.3606 
2026-09-02 12:19:10,137 - MMSA [INFO] - VAL-(DLF) >>  acc_7: 0.3799  acc_5: 0.4934  acc_2: 0.8472  F1_score: 0.8479  Corr: 0.7842  MAE: 0.7886  Loss: 0.7683 
2026-09-02 12:19:16,349 - MMSA [INFO] - TEST-(DLF) >>  acc_7: 0.4665  acc_5: 0.5466  acc_2: 0.8293  F1_score: 0.8280  Corr: 0.7739  MAE: 0.7421  Loss: 0.7412 
2026-09-02 12:19:48,158 - MMSA [INFO] - >> Epoch: 28 TRAIN -(DLF) [4/28/1] >> total_loss: 2.0461  acc_7: 0.6597  acc_5: 0.7173  acc_2: 0.9561  F1_score: 0.9560  Corr: 0.9513  MAE: 0.3526 
2026-09-02 12:19:50,950 - MMSA [INFO] - VAL-(DLF) >>  acc_7: 0.4148  acc_5: 0.5197  acc_2: 0.8565  F1_score: 0.8568  Corr: 0.7922  MAE: 0.7587  Loss: 0.7418 
2026-09-02 12:19:57,694 - MMSA [INFO] - TEST-(DLF) >>  acc_7: 0.4490  acc_5: 0.5262  acc_2: 0.8262  F1_score: 0.8265  Corr: 0.7760  MAE: 0.7633  Loss: 0.7627 
2026-09-02 12:20:29,765 - MMSA [INFO] - >> Epoch: 29 TRAIN -(DLF) [5/29/1] >> total_loss: 1.95  acc_7: 0.7017  acc_5: 0.7539  acc_2: 0.9610  F1_score: 0.9610  Corr: 0.9591  MAE: 0.3172 
2026-09-02 12:20:32,411 - MMSA [INFO] - VAL-(DLF) >>  acc_7: 0.4498  acc_5: 0.5502  acc_2: 0.8519  F1_score: 0.8514  Corr: 0.7934  MAE: 0.7371  Loss: 0.7222 
2026-09-02 12:20:38,682 - MMSA [INFO] - TEST-(DLF) >>  acc_7: 0.4242  acc_5: 0.4971  acc_2: 0.8216  F1_score: 0.8227  Corr: 0.7712  MAE: 0.7893  Loss: 0.7888 
2026-09-02 12:21:13,947 - MMSA [INFO] - >> Epoch: 30 TRAIN -(DLF) [1/30/1] >> total_loss: 1.9507  acc_7: 0.6908  acc_5: 0.7453  acc_2: 0.9634  F1_score: 0.9634  Corr: 0.9599  MAE: 0.3156 
2026-09-02 12:21:16,357 - MMSA [INFO] - VAL-(DLF) >>  acc_7: 0.4105  acc_5: 0.5197  acc_2: 0.8657  F1_score: 0.8660  Corr: 0.7942  MAE: 0.7454  Loss: 0.7242 
2026-09-02 12:21:22,747 - MMSA [INFO] - TEST-(DLF) >>  acc_7: 0.4548  acc_5: 0.5306  acc_2: 0.8308  F1_score: 0.8310  Corr: 0.7780  MAE: 0.7481  Loss: 0.7473 
2026-09-02 12:21:54,665 - MMSA [INFO] - >> Epoch: 31 TRAIN -(DLF) [2/31/1] >> total_loss: 1.9178  acc_7: 0.7009  acc_5: 0.7516  acc_2: 0.9659  F1_score: 0.9658  Corr: 0.9618  MAE: 0.3112 
2026-09-02 12:21:57,061 - MMSA [INFO] - VAL-(DLF) >>  acc_7: 0.4367  acc_5: 0.5459  acc_2: 0.8611  F1_score: 0.8613  Corr: 0.7977  MAE: 0.7193  Loss: 0.7030 
2026-09-02 12:22:03,086 - MMSA [INFO] - TEST-(DLF) >>  acc_7: 0.4563  acc_5: 0.5306  acc_2: 0.8323  F1_score: 0.8330  Corr: 0.7763  MAE: 0.7496  Loss: 0.7488 
2026-09-02 12:22:37,265 - MMSA [INFO] - >> Epoch: 32 TRAIN -(DLF) [1/32/1] >> total_loss: 1.9534  acc_7: 0.6931  acc_5: 0.7500  acc_2: 0.9569  F1_score: 0.9569  Corr: 0.9590  MAE: 0.3268 
2026-09-02 12:22:39,496 - MMSA [INFO] - VAL-(DLF) >>  acc_7: 0.4760  acc_5: 0.5764  acc_2: 0.8472  F1_score: 0.8469  Corr: 0.7985  MAE: 0.7296  Loss: 0.7149 
2026-09-02 12:22:46,010 - MMSA [INFO] - TEST-(DLF) >>  acc_7: 0.4329  acc_5: 0.5087  acc_2: 0.8186  F1_score: 0.8196  Corr: 0.7743  MAE: 0.8008  Loss: 0.8001 
2026-09-02 12:23:18,617 - MMSA [INFO] - >> Epoch: 33 TRAIN -(DLF) [2/33/1] >> total_loss: 1.9509  acc_7: 0.6667  acc_5: 0.7336  acc_2: 0.9578  F1_score: 0.9578  Corr: 0.9588  MAE: 0.3295 
2026-09-02 12:23:21,092 - MMSA [INFO] - VAL-(DLF) >>  acc_7: 0.4367  acc_5: 0.5459  acc_2: 0.8565  F1_score: 0.8569  Corr: 0.7993  MAE: 0.7199  Loss: 0.7047 
2026-09-02 12:23:27,683 - MMSA [INFO] - TEST-(DLF) >>  acc_7: 0.4650  acc_5: 0.5321  acc_2: 0.8308  F1_score: 0.8313  Corr: 0.7804  MAE: 0.7457  Loss: 0.7449 
2026-09-02 12:24:00,353 - MMSA [INFO] - >> Epoch: 34 TRAIN -(DLF) [3/34/1] >> total_loss: 1.9196  acc_7: 0.7025  acc_5: 0.7593  acc_2: 0.9537  F1_score: 0.9537  Corr: 0.9594  MAE: 0.3150 
2026-09-02 12:24:03,021 - MMSA [INFO] - VAL-(DLF) >>  acc_7: 0.4585  acc_5: 0.5677  acc_2: 0.8519  F1_score: 0.8516  Corr: 0.8012  MAE: 0.7230  Loss: 0.7123 
2026-09-02 12:24:09,371 - MMSA [INFO] - TEST-(DLF) >>  acc_7: 0.4155  acc_5: 0.4869  acc_2: 0.8216  F1_score: 0.8227  Corr: 0.7816  MAE: 0.7894  Loss: 0.7889 
2026-09-02 12:24:42,028 - MMSA [INFO] - >> Epoch: 35 TRAIN -(DLF) [4/35/1] >> total_loss: 1.9178  acc_7: 0.7017  acc_5: 0.7625  acc_2: 0.9586  F1_score: 0.9586  Corr: 0.9604  MAE: 0.3153 
2026-09-02 12:24:44,379 - MMSA [INFO] - VAL-(DLF) >>  acc_7: 0.4454  acc_5: 0.5415  acc_2: 0.8565  F1_score: 0.8568  Corr: 0.7981  MAE: 0.7350  Loss: 0.7160 
2026-09-02 12:24:50,832 - MMSA [INFO] - TEST-(DLF) >>  acc_7: 0.4548  acc_5: 0.5248  acc_2: 0.8369  F1_score: 0.8373  Corr: 0.7879  MAE: 0.7411  Loss: 0.7404 
2026-09-02 12:25:23,278 - MMSA [INFO] - >> Epoch: 36 TRAIN -(DLF) [5/36/1] >> total_loss: 1.8697  acc_7: 0.7165  acc_5: 0.7765  acc_2: 0.9675  F1_score: 0.9675  Corr: 0.9651  MAE: 0.2928 
2026-09-02 12:25:25,857 - MMSA [INFO] - VAL-(DLF) >>  acc_7: 0.4672  acc_5: 0.5721  acc_2: 0.8426  F1_score: 0.8428  Corr: 0.7997  MAE: 0.7185  Loss: 0.7036 
2026-09-02 12:25:32,360 - MMSA [INFO] - TEST-(DLF) >>  acc_7: 0.4534  acc_5: 0.5204  acc_2: 0.8384  F1_score: 0.8391  Corr: 0.7912  MAE: 0.7416  Loss: 0.7411 
2026-09-02 12:26:06,157 - MMSA [INFO] - >> Epoch: 37 TRAIN -(DLF) [6/37/1] >> total_loss: 1.8606  acc_7: 0.7368  acc_5: 0.7936  acc_2: 0.9659  F1_score: 0.9659  Corr: 0.9657  MAE: 0.2882 
2026-09-02 12:26:08,796 - MMSA [INFO] - VAL-(DLF) >>  acc_7: 0.4760  acc_5: 0.5764  acc_2: 0.8380  F1_score: 0.8381  Corr: 0.7992  MAE: 0.7212  Loss: 0.7052 
2026-09-02 12:26:15,566 - MMSA [INFO] - TEST-(DLF) >>  acc_7: 0.4519  acc_5: 0.5219  acc_2: 0.8369  F1_score: 0.8375  Corr: 0.7925  MAE: 0.7376  Loss: 0.7371 
2026-09-02 12:26:47,076 - MMSA [INFO] - >> Epoch: 38 TRAIN -(DLF) [7/38/1] >> total_loss: 1.8669  acc_7: 0.7040  acc_5: 0.7625  acc_2: 0.9618  F1_score: 0.9617  Corr: 0.9644  MAE: 0.2964 
2026-09-02 12:26:49,411 - MMSA [INFO] - VAL-(DLF) >>  acc_7: 0.4672  acc_5: 0.5677  acc_2: 0.8380  F1_score: 0.8383  Corr: 0.7986  MAE: 0.7263  Loss: 0.7069 
2026-09-02 12:26:55,649 - MMSA [INFO] - TEST-(DLF) >>  acc_7: 0.4534  acc_5: 0.5277  acc_2: 0.8430  F1_score: 0.8434  Corr: 0.7909  MAE: 0.7310  Loss: 0.7304 
2026-09-02 12:27:27,236 - MMSA [INFO] - >> Epoch: 39 TRAIN -(DLF) [8/39/1] >> total_loss: 1.8495  acc_7: 0.7165  acc_5: 0.7780  acc_2: 0.9643  F1_score: 0.9642  Corr: 0.9637  MAE: 0.2964 
2026-09-02 12:27:29,621 - MMSA [INFO] - VAL-(DLF) >>  acc_7: 0.4672  acc_5: 0.5677  acc_2: 0.8472  F1_score: 0.8475  Corr: 0.7999  MAE: 0.7179  Loss: 0.6992 
2026-09-02 12:27:36,101 - MMSA [INFO] - TEST-(DLF) >>  acc_7: 0.4592  acc_5: 0.5321  acc_2: 0.8323  F1_score: 0.8329  Corr: 0.7845  MAE: 0.7387  Loss: 0.7379 
2026-09-02 12:28:09,363 - MMSA [INFO] - >> Epoch: 40 TRAIN -(DLF) [1/40/1] >> total_loss: 1.8685  acc_7: 0.7111  acc_5: 0.7648  acc_2: 0.9610  F1_score: 0.9610  Corr: 0.9643  MAE: 0.2981 
2026-09-02 12:28:11,795 - MMSA [INFO] - VAL-(DLF) >>  acc_7: 0.4760  acc_5: 0.5764  acc_2: 0.8472  F1_score: 0.8473  Corr: 0.7983  MAE: 0.7298  Loss: 0.7128 
2026-09-02 12:28:18,540 - MMSA [INFO] - TEST-(DLF) >>  acc_7: 0.4373  acc_5: 0.5131  acc_2: 0.8308  F1_score: 0.8315  Corr: 0.7830  MAE: 0.7629  Loss: 0.7622 
2026-09-02 12:28:50,443 - MMSA [INFO] - >> Epoch: 41 TRAIN -(DLF) [2/41/1] >> total_loss: 1.8141  acc_7: 0.7336  acc_5: 0.7983  acc_2: 0.9781  F1_score: 0.9781  Corr: 0.9689  MAE: 0.2751 
2026-09-02 12:28:53,217 - MMSA [INFO] - VAL-(DLF) >>  acc_7: 0.4541  acc_5: 0.5590  acc_2: 0.8426  F1_score: 0.8428  Corr: 0.7991  MAE: 0.7197  Loss: 0.7070 
2026-09-02 12:28:59,772 - MMSA [INFO] - TEST-(DLF) >>  acc_7: 0.4534  acc_5: 0.5190  acc_2: 0.8262  F1_score: 0.8269  Corr: 0.7864  MAE: 0.7486  Loss: 0.7479 
2026-09-02 12:29:30,636 - MMSA [INFO] - >> Epoch: 42 TRAIN -(DLF) [3/42/1] >> total_loss: 1.8193  acc_7: 0.7188  acc_5: 0.7788  acc_2: 0.9675  F1_score: 0.9675  Corr: 0.9673  MAE: 0.2836 
2026-09-02 12:29:33,366 - MMSA [INFO] - VAL-(DLF) >>  acc_7: 0.4716  acc_5: 0.5721  acc_2: 0.8565  F1_score: 0.8570  Corr: 0.7980  MAE: 0.7220  Loss: 0.7066 
2026-09-02 12:29:39,407 - MMSA [INFO] - TEST-(DLF) >>  acc_7: 0.4577  acc_5: 0.5248  acc_2: 0.8354  F1_score: 0.8360  Corr: 0.7894  MAE: 0.7380  Loss: 0.7374 
2026-09-02 12:30:12,015 - MMSA [INFO] - >> Epoch: 43 TRAIN -(DLF) [4/43/1] >> total_loss: 1.811  acc_7: 0.7336  acc_5: 0.7843  acc_2: 0.9716  F1_score: 0.9716  Corr: 0.9686  MAE: 0.2767 
2026-09-02 12:30:14,260 - MMSA [INFO] - VAL-(DLF) >>  acc_7: 0.4541  acc_5: 0.5677  acc_2: 0.8519  F1_score: 0.8519  Corr: 0.7989  MAE: 0.7195  Loss: 0.7065 
2026-09-02 12:30:21,013 - MMSA [INFO] - TEST-(DLF) >>  acc_7: 0.4373  acc_5: 0.5058  acc_2: 0.8323  F1_score: 0.8332  Corr: 0.7878  MAE: 0.7578  Loss: 0.7572 
2026-09-02 12:30:53,340 - MMSA [INFO] - >> Epoch: 44 TRAIN -(DLF) [5/44/1] >> total_loss: 1.7937  acc_7: 0.7336  acc_5: 0.7921  acc_2: 0.9659  F1_score: 0.9659  Corr: 0.9701  MAE: 0.2720 
2026-09-02 12:30:56,311 - MMSA [INFO] - VAL-(DLF) >>  acc_7: 0.4367  acc_5: 0.5546  acc_2: 0.8519  F1_score: 0.8525  Corr: 0.7975  MAE: 0.7247  Loss: 0.7095 
2026-09-02 12:31:02,365 - MMSA [INFO] - TEST-(DLF) >>  acc_7: 0.4723  acc_5: 0.5423  acc_2: 0.8460  F1_score: 0.8462  Corr: 0.7904  MAE: 0.7272  Loss: 0.7265 
2026-09-02 12:31:35,054 - MMSA [INFO] - >> Epoch: 45 TRAIN -(DLF) [6/45/1] >> total_loss: 1.8004  acc_7: 0.7344  acc_5: 0.7913  acc_2: 0.9773  F1_score: 0.9773  Corr: 0.9694  MAE: 0.2757 
2026-09-02 12:31:37,610 - MMSA [INFO] - VAL-(DLF) >>  acc_7: 0.4498  acc_5: 0.5502  acc_2: 0.8611  F1_score: 0.8613  Corr: 0.8027  MAE: 0.7095  Loss: 0.6956 
2026-09-02 12:31:44,098 - MMSA [INFO] - TEST-(DLF) >>  acc_7: 0.4490  acc_5: 0.5219  acc_2: 0.8323  F1_score: 0.8331  Corr: 0.7884  MAE: 0.7432  Loss: 0.7425 
2026-09-02 12:32:17,629 - MMSA [INFO] - >> Epoch: 46 TRAIN -(DLF) [1/46/1] >> total_loss: 1.7612  acc_7: 0.7492  acc_5: 0.8053  acc_2: 0.9708  F1_score: 0.9707  Corr: 0.9710  MAE: 0.2670 
2026-09-02 12:32:20,045 - MMSA [INFO] - VAL-(DLF) >>  acc_7: 0.4541  acc_5: 0.5502  acc_2: 0.8519  F1_score: 0.8525  Corr: 0.8031  MAE: 0.7223  Loss: 0.7042 
2026-09-02 12:32:26,622 - MMSA [INFO] - TEST-(DLF) >>  acc_7: 0.4781  acc_5: 0.5481  acc_2: 0.8415  F1_score: 0.8415  Corr: 0.7916  MAE: 0.7227  Loss: 0.7220 
2026-09-02 12:32:58,284 - MMSA [INFO] - >> Epoch: 47 TRAIN -(DLF) [2/47/1] >> total_loss: 1.7647  acc_7: 0.7578  acc_5: 0.8139  acc_2: 0.9724  F1_score: 0.9724  Corr: 0.9713  MAE: 0.2646 
2026-09-02 12:33:01,005 - MMSA [INFO] - VAL-(DLF) >>  acc_7: 0.4629  acc_5: 0.5633  acc_2: 0.8611  F1_score: 0.8613  Corr: 0.8032  MAE: 0.7118  Loss: 0.6981 
2026-09-02 12:33:07,857 - MMSA [INFO] - TEST-(DLF) >>  acc_7: 0.4534  acc_5: 0.5204  acc_2: 0.8338  F1_score: 0.8345  Corr: 0.7904  MAE: 0.7372  Loss: 0.7366 
2026-09-02 12:33:39,760 - MMSA [INFO] - >> Epoch: 48 TRAIN -(DLF) [3/48/1] >> total_loss: 1.8028  acc_7: 0.7298  acc_5: 0.7850  acc_2: 0.9708  F1_score: 0.9708  Corr: 0.9693  MAE: 0.2785 
2026-09-02 12:33:41,926 - MMSA [INFO] - VAL-(DLF) >>  acc_7: 0.4629  acc_5: 0.5721  acc_2: 0.8565  F1_score: 0.8566  Corr: 0.8006  MAE: 0.7252  Loss: 0.7077 
2026-09-02 12:33:47,981 - MMSA [INFO] - TEST-(DLF) >>  acc_7: 0.4519  acc_5: 0.5248  acc_2: 0.8338  F1_score: 0.8345  Corr: 0.7883  MAE: 0.7458  Loss: 0.7452 
2026-09-02 12:34:20,177 - MMSA [INFO] - >> Epoch: 49 TRAIN -(DLF) [4/49/1] >> total_loss: 1.7874  acc_7: 0.7321  acc_5: 0.7952  acc_2: 0.9773  F1_score: 0.9773  Corr: 0.9711  MAE: 0.2790 
2026-09-02 12:34:22,828 - MMSA [INFO] - VAL-(DLF) >>  acc_7: 0.4629  acc_5: 0.5633  acc_2: 0.8519  F1_score: 0.8520  Corr: 0.8020  MAE: 0.7158  Loss: 0.7028 
2026-09-02 12:34:29,019 - MMSA [INFO] - TEST-(DLF) >>  acc_7: 0.4665  acc_5: 0.5394  acc_2: 0.8354  F1_score: 0.8361  Corr: 0.7912  MAE: 0.7339  Loss: 0.7332 
2026-09-02 12:35:01,542 - MMSA [INFO] - >> Epoch: 50 TRAIN -(DLF) [5/50/1] >> total_loss: 1.7729  acc_7: 0.7438  acc_5: 0.8006  acc_2: 0.9691  F1_score: 0.9692  Corr: 0.9714  MAE: 0.2681 
2026-09-02 12:35:03,964 - MMSA [INFO] - VAL-(DLF) >>  acc_7: 0.4585  acc_5: 0.5677  acc_2: 0.8565  F1_score: 0.8564  Corr: 0.7997  MAE: 0.7379  Loss: 0.7272 
2026-09-02 12:35:10,224 - MMSA [INFO] - TEST-(DLF) >>  acc_7: 0.4315  acc_5: 0.5204  acc_2: 0.8338  F1_score: 0.8347  Corr: 0.7910  MAE: 0.7732  Loss: 0.7728 
2026-09-02 12:35:42,185 - MMSA [INFO] - >> Epoch: 51 TRAIN -(DLF) [6/51/1] >> total_loss: 1.7959  acc_7: 0.7095  acc_5: 0.7819  acc_2: 0.9659  F1_score: 0.9658  Corr: 0.9708  MAE: 0.2873 
2026-09-02 12:35:45,170 - MMSA [INFO] - VAL-(DLF) >>  acc_7: 0.4105  acc_5: 0.5022  acc_2: 0.8472  F1_score: 0.8480  Corr: 0.7983  MAE: 0.7404  Loss: 0.7233 
2026-09-02 12:35:53,995 - MMSA [INFO] - TEST-(DLF) >>  acc_7: 0.4825  acc_5: 0.5554  acc_2: 0.8476  F1_score: 0.8472  Corr: 0.7951  MAE: 0.7103  Loss: 0.7096 
2026-09-02 12:36:26,640 - MMSA [INFO] - >> Epoch: 52 TRAIN -(DLF) [7/52/1] >> total_loss: 1.7922  acc_7: 0.7243  acc_5: 0.7788  acc_2: 0.9724  F1_score: 0.9724  Corr: 0.9715  MAE: 0.2765 
2026-09-02 12:36:29,211 - MMSA [INFO] - VAL-(DLF) >>  acc_7: 0.4410  acc_5: 0.5502  acc_2: 0.8611  F1_score: 0.8609  Corr: 0.8014  MAE: 0.7174  Loss: 0.7096 
2026-09-02 12:36:35,786 - MMSA [INFO] - TEST-(DLF) >>  acc_7: 0.4490  acc_5: 0.5175  acc_2: 0.8323  F1_score: 0.8332  Corr: 0.7900  MAE: 0.7546  Loss: 0.7541 
2026-09-02 12:37:08,010 - MMSA [INFO] - >> Epoch: 53 TRAIN -(DLF) [8/53/1] >> total_loss: 1.7438  acc_7: 0.7500  acc_5: 0.8061  acc_2: 0.9708  F1_score: 0.9707  Corr: 0.9738  MAE: 0.2571 
2026-09-02 12:37:10,372 - MMSA [INFO] - VAL-(DLF) >>  acc_7: 0.4279  acc_5: 0.5371  acc_2: 0.8519  F1_score: 0.8524  Corr: 0.7996  MAE: 0.7307  Loss: 0.7157 
2026-09-02 12:37:16,853 - MMSA [INFO] - TEST-(DLF) >>  acc_7: 0.4592  acc_5: 0.5306  acc_2: 0.8445  F1_score: 0.8449  Corr: 0.7924  MAE: 0.7324  Loss: 0.7318 
2026-09-02 12:37:49,621 - MMSA [INFO] - >> Epoch: 54 TRAIN -(DLF) [9/54/1] >> total_loss: 1.7473  acc_7: 0.7399  acc_5: 0.7983  acc_2: 0.9756  F1_score: 0.9756  Corr: 0.9734  MAE: 0.2616 
2026-09-02 12:37:51,947 - MMSA [INFO] - VAL-(DLF) >>  acc_7: 0.4323  acc_5: 0.5371  acc_2: 0.8519  F1_score: 0.8524  Corr: 0.8002  MAE: 0.7238  Loss: 0.7108 
2026-09-02 12:37:58,670 - MMSA [INFO] - TEST-(DLF) >>  acc_7: 0.4636  acc_5: 0.5364  acc_2: 0.8323  F1_score: 0.8330  Corr: 0.7923  MAE: 0.7322  Loss: 0.7316 
2026-09-02 12:38:25,191 - MMSA [INFO] - Using device: cuda:0
2026-09-02 12:38:25,192 - MMSA [INFO] - Architecture: serial_ccdr, use_ccdr=True
2026-09-02 12:38:25,506 - MMSA [INFO] - train samples: (1284,)
2026-09-02 12:38:25,845 - MMSA [INFO] - valid samples: (229,)
2026-09-02 12:38:26,168 - MMSA [INFO] - test samples: (686,)
2026-09-02 12:38:30,252 - MMSA [INFO] - Optimizer: AdamW, bert_lr=2e-05, other_lr=0.0001, weight_decay=0.005
2026-09-02 12:39:01,460 - MMSA [INFO] - >> Epoch: 1 TRAIN -(DLF) [1/1/1] >> total_loss: 4.9555  acc_7: 0.1924  acc_5: 0.1924  acc_2: 0.5483  F1_score: 0.4303  Corr: 0.0980  MAE: 1.3079 
2026-09-02 12:39:03,743 - MMSA [INFO] - VAL-(DLF) >>  acc_7: 0.2140  acc_5: 0.2140  acc_2: 0.5787  F1_score: 0.4649  Corr: 0.3618  MAE: 1.3749  Loss: 1.4046 
2026-09-02 12:39:10,852 - MMSA [INFO] - TEST-(DLF) >>  acc_7: 0.1545  acc_5: 0.1545  acc_2: 0.4893  F1_score: 0.4003  Corr: 0.2937  MAE: 1.4124  Loss: 1.4115 
2026-09-02 12:39:43,352 - MMSA [INFO] - >> Epoch: 2 TRAIN -(DLF) [1/2/1] >> total_loss: 4.7006  acc_7: 0.1931  acc_5: 0.1931  acc_2: 0.6751  F1_score: 0.6622  Corr: 0.4421  MAE: 1.2607 
2026-09-02 12:39:45,735 - MMSA [INFO] - VAL-(DLF) >>  acc_7: 0.2096  acc_5: 0.2096  acc_2: 0.6713  F1_score: 0.6494  Corr: 0.4902  MAE: 1.3100  Loss: 1.3376 
2026-09-02 12:39:52,284 - MMSA [INFO] - TEST-(DLF) >>  acc_7: 0.1691  acc_5: 0.1691  acc_2: 0.6235  F1_score: 0.6135  Corr: 0.4402  MAE: 1.3386  Loss: 1.3375 
2026-09-02 12:40:24,104 - MMSA [INFO] - >> Epoch: 3 TRAIN -(DLF) [1/3/1] >> total_loss: 4.4458  acc_7: 0.2142  acc_5: 0.2142  acc_2: 0.7067  F1_score: 0.6853  Corr: 0.5555  MAE: 1.1687 
2026-09-02 12:40:26,411 - MMSA [INFO] - VAL-(DLF) >>  acc_7: 0.2838  acc_5: 0.2838  acc_2: 0.8056  F1_score: 0.8062  Corr: 0.6780  MAE: 1.1197  Loss: 1.1284 
2026-09-02 12:40:33,377 - MMSA [INFO] - TEST-(DLF) >>  acc_7: 0.2638  acc_5: 0.2638  acc_2: 0.8034  F1_score: 0.8002  Corr: 0.6113  MAE: 1.0950  Loss: 1.0934 
2026-09-02 12:41:06,978 - MMSA [INFO] - >> Epoch: 4 TRAIN -(DLF) [1/4/1] >> total_loss: 4.0022  acc_7: 0.2835  acc_5: 0.2835  acc_2: 0.8286  F1_score: 0.8290  Corr: 0.7126  MAE: 0.9371 
2026-09-02 12:41:09,524 - MMSA [INFO] - VAL-(DLF) >>  acc_7: 0.2664  acc_5: 0.2664  acc_2: 0.8380  F1_score: 0.8373  Corr: 0.7105  MAE: 0.9312  Loss: 0.9306 
2026-09-02 12:41:16,098 - MMSA [INFO] - TEST-(DLF) >>  acc_7: 0.2857  acc_5: 0.2857  acc_2: 0.8064  F1_score: 0.8074  Corr: 0.6799  MAE: 0.9458  Loss: 0.9445 
2026-09-02 12:41:49,662 - MMSA [INFO] - >> Epoch: 5 TRAIN -(DLF) [1/5/1] >> total_loss: 3.6892  acc_7: 0.3287  acc_5: 0.3310  acc_2: 0.8522  F1_score: 0.8525  Corr: 0.7654  MAE: 0.7948 
2026-09-02 12:41:52,106 - MMSA [INFO] - VAL-(DLF) >>  acc_7: 0.3319  acc_5: 0.4105  acc_2: 0.8380  F1_score: 0.8366  Corr: 0.7202  MAE: 0.8895  Loss: 0.8885 
2026-09-02 12:41:58,219 - MMSA [INFO] - TEST-(DLF) >>  acc_7: 0.3149  acc_5: 0.3324  acc_2: 0.7866  F1_score: 0.7879  Corr: 0.6953  MAE: 0.9637  Loss: 0.9627 
2026-09-02 12:42:31,767 - MMSA [INFO] - >> Epoch: 6 TRAIN -(DLF) [1/6/1] >> total_loss: 3.4474  acc_7: 0.3801  acc_5: 0.3941  acc_2: 0.8781  F1_score: 0.8782  Corr: 0.8127  MAE: 0.7063 
2026-09-02 12:42:34,172 - MMSA [INFO] - VAL-(DLF) >>  acc_7: 0.3362  acc_5: 0.4323  acc_2: 0.8611  F1_score: 0.8611  Corr: 0.7544  MAE: 0.8376  Loss: 0.8285 
2026-09-02 12:42:40,797 - MMSA [INFO] - TEST-(DLF) >>  acc_7: 0.3222  acc_5: 0.3455  acc_2: 0.8262  F1_score: 0.8265  Corr: 0.7255  MAE: 0.8857  Loss: 0.8847 
2026-09-02 12:43:14,446 - MMSA [INFO] - >> Epoch: 7 TRAIN -(DLF) [1/7/1] >> total_loss: 3.3129  acc_7: 0.4221  acc_5: 0.4494  acc_2: 0.8903  F1_score: 0.8897  Corr: 0.8394  MAE: 0.6753 
2026-09-02 12:43:16,768 - MMSA [INFO] - VAL-(DLF) >>  acc_7: 0.3406  acc_5: 0.4323  acc_2: 0.8519  F1_score: 0.8526  Corr: 0.7624  MAE: 0.8281  Loss: 0.8138 
2026-09-02 12:43:23,076 - MMSA [INFO] - TEST-(DLF) >>  acc_7: 0.3397  acc_5: 0.3673  acc_2: 0.8338  F1_score: 0.8326  Corr: 0.7360  MAE: 0.8534  Loss: 0.8526 
2026-09-02 12:43:56,727 - MMSA [INFO] - >> Epoch: 8 TRAIN -(DLF) [1/8/1] >> total_loss: 3.1492  acc_7: 0.4587  acc_5: 0.4907  acc_2: 0.9098  F1_score: 0.9099  Corr: 0.8537  MAE: 0.6077 
2026-09-02 12:43:59,429 - MMSA [INFO] - VAL-(DLF) >>  acc_7: 0.3843  acc_5: 0.4934  acc_2: 0.8611  F1_score: 0.8613  Corr: 0.7515  MAE: 0.8483  Loss: 0.8262 
2026-09-02 12:44:05,993 - MMSA [INFO] - TEST-(DLF) >>  acc_7: 0.3601  acc_5: 0.4300  acc_2: 0.8171  F1_score: 0.8172  Corr: 0.7281  MAE: 0.9029  Loss: 0.9024 
2026-09-02 12:44:36,851 - MMSA [INFO] - >> Epoch: 9 TRAIN -(DLF) [2/9/1] >> total_loss: 3.0103  acc_7: 0.5055  acc_5: 0.5397  acc_2: 0.9220  F1_score: 0.9221  Corr: 0.8666  MAE: 0.5821 
2026-09-02 12:44:39,290 - MMSA [INFO] - VAL-(DLF) >>  acc_7: 0.3843  acc_5: 0.4978  acc_2: 0.8565  F1_score: 0.8566  Corr: 0.7620  MAE: 0.8129  Loss: 0.7903 
2026-09-02 12:44:45,837 - MMSA [INFO] - TEST-(DLF) >>  acc_7: 0.3571  acc_5: 0.4155  acc_2: 0.8140  F1_score: 0.8148  Corr: 0.7308  MAE: 0.8914  Loss: 0.8909 
2026-09-02 12:45:18,751 - MMSA [INFO] - >> Epoch: 10 TRAIN -(DLF) [1/10/1] >> total_loss: 2.9192  acc_7: 0.4860  acc_5: 0.5156  acc_2: 0.9326  F1_score: 0.9324  Corr: 0.8786  MAE: 0.5595 
2026-09-02 12:45:21,482 - MMSA [INFO] - VAL-(DLF) >>  acc_7: 0.3493  acc_5: 0.4629  acc_2: 0.8519  F1_score: 0.8522  Corr: 0.7678  MAE: 0.8145  Loss: 0.7920 
2026-09-02 12:45:28,298 - MMSA [INFO] - TEST-(DLF) >>  acc_7: 0.3950  acc_5: 0.4577  acc_2: 0.8232  F1_score: 0.8228  Corr: 0.7489  MAE: 0.8306  Loss: 0.8303 
2026-09-02 12:46:02,461 - MMSA [INFO] - >> Epoch: 11 TRAIN -(DLF) [2/11/1] >> total_loss: 2.818  acc_7: 0.5265  acc_5: 0.5654  acc_2: 0.9342  F1_score: 0.9340  Corr: 0.8851  MAE: 0.5368 
2026-09-02 12:46:05,063 - MMSA [INFO] - VAL-(DLF) >>  acc_7: 0.3799  acc_5: 0.4978  acc_2: 0.8380  F1_score: 0.8383  Corr: 0.7621  MAE: 0.8343  Loss: 0.8108 
2026-09-02 12:46:11,902 - MMSA [INFO] - TEST-(DLF) >>  acc_7: 0.3892  acc_5: 0.4679  acc_2: 0.8247  F1_score: 0.8245  Corr: 0.7533  MAE: 0.8316  Loss: 0.8310 
2026-09-02 12:46:45,157 - MMSA [INFO] - >> Epoch: 12 TRAIN -(DLF) [3/12/1] >> total_loss: 2.7391  acc_7: 0.5304  acc_5: 0.5717  acc_2: 0.9399  F1_score: 0.9399  Corr: 0.8984  MAE: 0.5090 
2026-09-02 12:46:47,595 - MMSA [INFO] - VAL-(DLF) >>  acc_7: 0.3712  acc_5: 0.4847  acc_2: 0.8426  F1_score: 0.8424  Corr: 0.7775  MAE: 0.7857  Loss: 0.7818 
2026-09-02 12:46:53,728 - MMSA [INFO] - TEST-(DLF) >>  acc_7: 0.3994  acc_5: 0.4592  acc_2: 0.8171  F1_score: 0.8178  Corr: 0.7580  MAE: 0.8321  Loss: 0.8319 
2026-09-02 12:47:27,808 - MMSA [INFO] - >> Epoch: 13 TRAIN -(DLF) [1/13/1] >> total_loss: 2.6253  acc_7: 0.5748  acc_5: 0.6121  acc_2: 0.9415  F1_score: 0.9415  Corr: 0.9080  MAE: 0.4693 
2026-09-02 12:47:30,554 - MMSA [INFO] - VAL-(DLF) >>  acc_7: 0.3668  acc_5: 0.4760  acc_2: 0.8380  F1_score: 0.8383  Corr: 0.7705  MAE: 0.8190  Loss: 0.8116 
2026-09-02 12:47:37,608 - MMSA [INFO] - TEST-(DLF) >>  acc_7: 0.3892  acc_5: 0.4650  acc_2: 0.8201  F1_score: 0.8202  Corr: 0.7518  MAE: 0.8371  Loss: 0.8368 
2026-09-02 12:48:09,306 - MMSA [INFO] - >> Epoch: 14 TRAIN -(DLF) [2/14/1] >> total_loss: 2.5694  acc_7: 0.5810  acc_5: 0.6269  acc_2: 0.9456  F1_score: 0.9456  Corr: 0.9126  MAE: 0.4686 
2026-09-02 12:48:11,729 - MMSA [INFO] - VAL-(DLF) >>  acc_7: 0.3581  acc_5: 0.4672  acc_2: 0.8472  F1_score: 0.8469  Corr: 0.7792  MAE: 0.8060  Loss: 0.8073 
2026-09-02 12:48:18,154 - MMSA [INFO] - TEST-(DLF) >>  acc_7: 0.4052  acc_5: 0.4752  acc_2: 0.8095  F1_score: 0.8104  Corr: 0.7515  MAE: 0.8605  Loss: 0.8607 
2026-09-02 12:48:49,480 - MMSA [INFO] - >> Epoch: 15 TRAIN -(DLF) [3/15/1] >> total_loss: 2.4801  acc_7: 0.5841  acc_5: 0.6355  acc_2: 0.9521  F1_score: 0.9520  Corr: 0.9217  MAE: 0.4401 
2026-09-02 12:48:52,030 - MMSA [INFO] - VAL-(DLF) >>  acc_7: 0.3930  acc_5: 0.5022  acc_2: 0.8426  F1_score: 0.8415  Corr: 0.7855  MAE: 0.7712  Loss: 0.7699 
2026-09-02 12:48:58,424 - MMSA [INFO] - TEST-(DLF) >>  acc_7: 0.4184  acc_5: 0.4913  acc_2: 0.8079  F1_score: 0.8090  Corr: 0.7559  MAE: 0.8446  Loss: 0.8448 
2026-09-02 12:49:31,097 - MMSA [INFO] - >> Epoch: 16 TRAIN -(DLF) [1/16/1] >> total_loss: 2.4335  acc_7: 0.5974  acc_5: 0.6410  acc_2: 0.9480  F1_score: 0.9480  Corr: 0.9230  MAE: 0.4378 
2026-09-02 12:49:33,610 - MMSA [INFO] - VAL-(DLF) >>  acc_7: 0.3712  acc_5: 0.4803  acc_2: 0.8241  F1_score: 0.8247  Corr: 0.7823  MAE: 0.7974  Loss: 0.7886 
2026-09-02 12:49:40,428 - MMSA [INFO] - TEST-(DLF) >>  acc_7: 0.4169  acc_5: 0.4971  acc_2: 0.8216  F1_score: 0.8210  Corr: 0.7636  MAE: 0.8042  Loss: 0.8040 
2026-09-02 12:50:12,441 - MMSA [INFO] - >> Epoch: 17 TRAIN -(DLF) [2/17/1] >> total_loss: 2.3671  acc_7: 0.6207  acc_5: 0.6745  acc_2: 0.9513  F1_score: 0.9513  Corr: 0.9285  MAE: 0.4235 
2026-09-02 12:50:14,793 - MMSA [INFO] - VAL-(DLF) >>  acc_7: 0.3537  acc_5: 0.4672  acc_2: 0.8148  F1_score: 0.8158  Corr: 0.7703  MAE: 0.8533  Loss: 0.8284 
2026-09-02 12:50:21,663 - MMSA [INFO] - TEST-(DLF) >>  acc_7: 0.4111  acc_5: 0.4913  acc_2: 0.8323  F1_score: 0.8290  Corr: 0.7586  MAE: 0.8029  Loss: 0.8025 
2026-09-02 12:50:56,371 - MMSA [INFO] - >> Epoch: 18 TRAIN -(DLF) [3/18/1] >> total_loss: 2.4458  acc_7: 0.5436  acc_5: 0.5888  acc_2: 0.9277  F1_score: 0.9278  Corr: 0.9158  MAE: 0.4711 
2026-09-02 12:50:59,027 - MMSA [INFO] - VAL-(DLF) >>  acc_7: 0.4148  acc_5: 0.5284  acc_2: 0.8426  F1_score: 0.8418  Corr: 0.7786  MAE: 0.7891  Loss: 0.7808 
2026-09-02 12:51:05,842 - MMSA [INFO] - TEST-(DLF) >>  acc_7: 0.4009  acc_5: 0.4840  acc_2: 0.8140  F1_score: 0.8149  Corr: 0.7584  MAE: 0.8492  Loss: 0.8494 
2026-09-02 12:51:38,398 - MMSA [INFO] - >> Epoch: 19 TRAIN -(DLF) [4/19/1] >> total_loss: 2.329  acc_7: 0.6293  acc_5: 0.6885  acc_2: 0.9480  F1_score: 0.9481  Corr: 0.9303  MAE: 0.4263 
2026-09-02 12:51:41,114 - MMSA [INFO] - VAL-(DLF) >>  acc_7: 0.3843  acc_5: 0.4978  acc_2: 0.8380  F1_score: 0.8378  Corr: 0.7843  MAE: 0.7804  Loss: 0.7728 
2026-09-02 12:51:47,569 - MMSA [INFO] - TEST-(DLF) >>  acc_7: 0.4038  acc_5: 0.4883  acc_2: 0.8216  F1_score: 0.8219  Corr: 0.7629  MAE: 0.8290  Loss: 0.8291 
2026-09-02 12:52:20,292 - MMSA [INFO] - >> Epoch: 20 TRAIN -(DLF) [5/20/1] >> total_loss: 2.2085  acc_7: 0.6542  acc_5: 0.7033  acc_2: 0.9594  F1_score: 0.9594  Corr: 0.9400  MAE: 0.3799 
2026-09-02 12:52:22,735 - MMSA [INFO] - VAL-(DLF) >>  acc_7: 0.3886  acc_5: 0.5022  acc_2: 0.8472  F1_score: 0.8473  Corr: 0.7900  MAE: 0.7613  Loss: 0.7538 
2026-09-02 12:52:29,170 - MMSA [INFO] - TEST-(DLF) >>  acc_7: 0.4111  acc_5: 0.4942  acc_2: 0.8201  F1_score: 0.8198  Corr: 0.7661  MAE: 0.7958  Loss: 0.7956 
2026-09-02 12:53:02,455 - MMSA [INFO] - >> Epoch: 21 TRAIN -(DLF) [1/21/1] >> total_loss: 2.1707  acc_7: 0.6402  acc_5: 0.6947  acc_2: 0.9578  F1_score: 0.9578  Corr: 0.9432  MAE: 0.3712 
2026-09-02 12:53:05,083 - MMSA [INFO] - VAL-(DLF) >>  acc_7: 0.3930  acc_5: 0.5022  acc_2: 0.8519  F1_score: 0.8508  Corr: 0.7952  MAE: 0.7554  Loss: 0.7500 
2026-09-02 12:53:11,987 - MMSA [INFO] - TEST-(DLF) >>  acc_7: 0.4067  acc_5: 0.4883  acc_2: 0.8125  F1_score: 0.8134  Corr: 0.7691  MAE: 0.8184  Loss: 0.8182 
2026-09-02 12:53:44,859 - MMSA [INFO] - >> Epoch: 22 TRAIN -(DLF) [1/22/1] >> total_loss: 2.1926  acc_7: 0.6293  acc_5: 0.6783  acc_2: 0.9439  F1_score: 0.9438  Corr: 0.9369  MAE: 0.3936 
2026-09-02 12:53:47,357 - MMSA [INFO] - VAL-(DLF) >>  acc_7: 0.3930  acc_5: 0.5153  acc_2: 0.8426  F1_score: 0.8428  Corr: 0.7918  MAE: 0.7846  Loss: 0.7710 
2026-09-02 12:53:53,809 - MMSA [INFO] - TEST-(DLF) >>  acc_7: 0.4213  acc_5: 0.5029  acc_2: 0.8247  F1_score: 0.8245  Corr: 0.7691  MAE: 0.8054  Loss: 0.8051 
2026-09-02 12:54:25,625 - MMSA [INFO] - >> Epoch: 23 TRAIN -(DLF) [2/23/1] >> total_loss: 2.1258  acc_7: 0.6355  acc_5: 0.6885  acc_2: 0.9569  F1_score: 0.9569  Corr: 0.9453  MAE: 0.3664 
2026-09-02 12:54:28,153 - MMSA [INFO] - VAL-(DLF) >>  acc_7: 0.3668  acc_5: 0.4891  acc_2: 0.8333  F1_score: 0.8340  Corr: 0.7900  MAE: 0.7782  Loss: 0.7628 
2026-09-02 12:54:34,921 - MMSA [INFO] - TEST-(DLF) >>  acc_7: 0.4096  acc_5: 0.4898  acc_2: 0.8323  F1_score: 0.8308  Corr: 0.7693  MAE: 0.7847  Loss: 0.7844 
2026-09-02 12:55:07,674 - MMSA [INFO] - >> Epoch: 24 TRAIN -(DLF) [3/24/1] >> total_loss: 2.0847  acc_7: 0.6643  acc_5: 0.7251  acc_2: 0.9504  F1_score: 0.9505  Corr: 0.9498  MAE: 0.3444 
2026-09-02 12:55:10,195 - MMSA [INFO] - VAL-(DLF) >>  acc_7: 0.3930  acc_5: 0.5022  acc_2: 0.8380  F1_score: 0.8381  Corr: 0.7931  MAE: 0.7643  Loss: 0.7553 
2026-09-02 12:55:16,577 - MMSA [INFO] - TEST-(DLF) >>  acc_7: 0.4052  acc_5: 0.4840  acc_2: 0.8247  F1_score: 0.8249  Corr: 0.7696  MAE: 0.8046  Loss: 0.8043 
2026-09-02 12:55:47,212 - MMSA [INFO] - >> Epoch: 25 TRAIN -(DLF) [4/25/1] >> total_loss: 2.0589  acc_7: 0.6986  acc_5: 0.7593  acc_2: 0.9667  F1_score: 0.9667  Corr: 0.9505  MAE: 0.3399 
2026-09-02 12:55:50,959 - MMSA [INFO] - VAL-(DLF) >>  acc_7: 0.3581  acc_5: 0.4760  acc_2: 0.8380  F1_score: 0.8381  Corr: 0.7931  MAE: 0.7649  Loss: 0.7564 
2026-09-02 12:55:58,145 - MMSA [INFO] - TEST-(DLF) >>  acc_7: 0.4155  acc_5: 0.4927  acc_2: 0.8277  F1_score: 0.8281  Corr: 0.7710  MAE: 0.7953  Loss: 0.7949 
2026-09-02 12:56:30,003 - MMSA [INFO] - >> Epoch: 26 TRAIN -(DLF) [5/26/1] >> total_loss: 2.0403  acc_7: 0.6667  acc_5: 0.7243  acc_2: 0.9569  F1_score: 0.9569  Corr: 0.9514  MAE: 0.3446 
2026-09-02 12:56:32,618 - MMSA [INFO] - VAL-(DLF) >>  acc_7: 0.3843  acc_5: 0.4978  acc_2: 0.8287  F1_score: 0.8286  Corr: 0.7888  MAE: 0.7730  Loss: 0.7680 
2026-09-02 12:56:39,447 - MMSA [INFO] - TEST-(DLF) >>  acc_7: 0.3980  acc_5: 0.4767  acc_2: 0.8277  F1_score: 0.8283  Corr: 0.7733  MAE: 0.8060  Loss: 0.8059 
2026-09-02 12:57:13,168 - MMSA [INFO] - >> Epoch: 27 TRAIN -(DLF) [6/27/1] >> total_loss: 2.0429  acc_7: 0.6620  acc_5: 0.7173  acc_2: 0.9626  F1_score: 0.9626  Corr: 0.9516  MAE: 0.3491 
2026-09-02 12:57:15,778 - MMSA [INFO] - VAL-(DLF) >>  acc_7: 0.4061  acc_5: 0.5109  acc_2: 0.8287  F1_score: 0.8283  Corr: 0.7899  MAE: 0.7967  Loss: 0.7848 
2026-09-02 12:57:22,160 - MMSA [INFO] - TEST-(DLF) >>  acc_7: 0.4009  acc_5: 0.4825  acc_2: 0.8277  F1_score: 0.8282  Corr: 0.7703  MAE: 0.8218  Loss: 0.8216 
2026-09-02 12:57:54,074 - MMSA [INFO] - >> Epoch: 28 TRAIN -(DLF) [7/28/1] >> total_loss: 1.9937  acc_7: 0.7017  acc_5: 0.7617  acc_2: 0.9578  F1_score: 0.9577  Corr: 0.9538  MAE: 0.3296 
2026-09-02 12:57:56,438 - MMSA [INFO] - VAL-(DLF) >>  acc_7: 0.3712  acc_5: 0.4847  acc_2: 0.8426  F1_score: 0.8428  Corr: 0.7952  MAE: 0.7654  Loss: 0.7494 
2026-09-02 12:58:02,987 - MMSA [INFO] - TEST-(DLF) >>  acc_7: 0.4096  acc_5: 0.4913  acc_2: 0.8338  F1_score: 0.8332  Corr: 0.7758  MAE: 0.7706  Loss: 0.7699 
2026-09-02 12:58:35,339 - MMSA [INFO] - >> Epoch: 29 TRAIN -(DLF) [1/29/1] >> total_loss: 1.9747  acc_7: 0.6846  acc_5: 0.7414  acc_2: 0.9586  F1_score: 0.9586  Corr: 0.9562  MAE: 0.3256 
2026-09-02 12:58:37,951 - MMSA [INFO] - VAL-(DLF) >>  acc_7: 0.3799  acc_5: 0.4891  acc_2: 0.8287  F1_score: 0.8283  Corr: 0.7950  MAE: 0.7684  Loss: 0.7590 
2026-09-02 12:58:44,565 - MMSA [INFO] - TEST-(DLF) >>  acc_7: 0.4009  acc_5: 0.4825  acc_2: 0.8201  F1_score: 0.8207  Corr: 0.7743  MAE: 0.8023  Loss: 0.8021 
2026-09-02 12:59:16,490 - MMSA [INFO] - >> Epoch: 30 TRAIN -(DLF) [2/30/1] >> total_loss: 1.9549  acc_7: 0.7048  acc_5: 0.7671  acc_2: 0.9667  F1_score: 0.9667  Corr: 0.9596  MAE: 0.3112 
2026-09-02 12:59:18,798 - MMSA [INFO] - VAL-(DLF) >>  acc_7: 0.3624  acc_5: 0.4760  acc_2: 0.8333  F1_score: 0.8336  Corr: 0.7934  MAE: 0.7695  Loss: 0.7580 
2026-09-02 12:59:25,063 - MMSA [INFO] - TEST-(DLF) >>  acc_7: 0.4023  acc_5: 0.4825  acc_2: 0.8277  F1_score: 0.8278  Corr: 0.7734  MAE: 0.7921  Loss: 0.7917 
2026-09-02 12:59:56,751 - MMSA [INFO] - >> Epoch: 31 TRAIN -(DLF) [3/31/1] >> total_loss: 1.9471  acc_7: 0.7072  acc_5: 0.7632  acc_2: 0.9578  F1_score: 0.9578  Corr: 0.9603  MAE: 0.3142 
2026-09-02 12:59:59,254 - MMSA [INFO] - VAL-(DLF) >>  acc_7: 0.3624  acc_5: 0.4716  acc_2: 0.8380  F1_score: 0.8386  Corr: 0.7941  MAE: 0.7677  Loss: 0.7497 
2026-09-02 13:00:05,651 - MMSA [INFO] - TEST-(DLF) >>  acc_7: 0.4140  acc_5: 0.4927  acc_2: 0.8369  F1_score: 0.8358  Corr: 0.7750  MAE: 0.7682  Loss: 0.7674 
2026-09-02 13:00:38,693 - MMSA [INFO] - >> Epoch: 32 TRAIN -(DLF) [4/32/1] >> total_loss: 1.989  acc_7: 0.6682  acc_5: 0.7212  acc_2: 0.9537  F1_score: 0.9538  Corr: 0.9561  MAE: 0.3400 
2026-09-02 13:00:41,347 - MMSA [INFO] - VAL-(DLF) >>  acc_7: 0.3843  acc_5: 0.4847  acc_2: 0.8333  F1_score: 0.8325  Corr: 0.7945  MAE: 0.7689  Loss: 0.7596 
2026-09-02 13:00:47,938 - MMSA [INFO] - TEST-(DLF) >>  acc_7: 0.4125  acc_5: 0.4913  acc_2: 0.8140  F1_score: 0.8150  Corr: 0.7765  MAE: 0.8156  Loss: 0.8155 
2026-09-02 13:01:22,230 - MMSA [INFO] - >> Epoch: 33 TRAIN -(DLF) [5/33/1] >> total_loss: 1.9523  acc_7: 0.6822  acc_5: 0.7539  acc_2: 0.9634  F1_score: 0.9635  Corr: 0.9597  MAE: 0.3193 
2026-09-02 13:01:24,883 - MMSA [INFO] - VAL-(DLF) >>  acc_7: 0.3668  acc_5: 0.4716  acc_2: 0.8380  F1_score: 0.8378  Corr: 0.7915  MAE: 0.7742  Loss: 0.7602 
2026-09-02 13:01:31,312 - MMSA [INFO] - TEST-(DLF) >>  acc_7: 0.4038  acc_5: 0.4825  acc_2: 0.8354  F1_score: 0.8354  Corr: 0.7798  MAE: 0.7858  Loss: 0.7854 
2026-09-02 13:02:03,186 - MMSA [INFO] - >> Epoch: 34 TRAIN -(DLF) [6/34/1] >> total_loss: 1.9145  acc_7: 0.7126  acc_5: 0.7757  acc_2: 0.9626  F1_score: 0.9626  Corr: 0.9620  MAE: 0.3041 
2026-09-02 13:02:05,792 - MMSA [INFO] - VAL-(DLF) >>  acc_7: 0.3668  acc_5: 0.4760  acc_2: 0.8426  F1_score: 0.8426  Corr: 0.7894  MAE: 0.7748  Loss: 0.7593 
2026-09-02 13:02:12,562 - MMSA [INFO] - TEST-(DLF) >>  acc_7: 0.4082  acc_5: 0.4840  acc_2: 0.8354  F1_score: 0.8348  Corr: 0.7787  MAE: 0.7744  Loss: 0.7738 
2026-09-02 13:02:45,278 - MMSA [INFO] - >> Epoch: 35 TRAIN -(DLF) [7/35/1] >> total_loss: 1.9045  acc_7: 0.7313  acc_5: 0.7889  acc_2: 0.9708  F1_score: 0.9708  Corr: 0.9635  MAE: 0.2932 
2026-09-02 13:02:47,911 - MMSA [INFO] - VAL-(DLF) >>  acc_7: 0.3755  acc_5: 0.4803  acc_2: 0.8287  F1_score: 0.8283  Corr: 0.7886  MAE: 0.7770  Loss: 0.7637 
2026-09-02 13:02:54,700 - MMSA [INFO] - TEST-(DLF) >>  acc_7: 0.4082  acc_5: 0.4854  acc_2: 0.8277  F1_score: 0.8282  Corr: 0.7776  MAE: 0.7932  Loss: 0.7929 
2026-09-02 13:03:26,105 - MMSA [INFO] - >> Epoch: 36 TRAIN -(DLF) [8/36/1] >> total_loss: 1.8907  acc_7: 0.7336  acc_5: 0.7921  acc_2: 0.9683  F1_score: 0.9683  Corr: 0.9642  MAE: 0.2984 
2026-09-02 13:03:28,818 - MMSA [INFO] - VAL-(DLF) >>  acc_7: 0.3712  acc_5: 0.4760  acc_2: 0.8333  F1_score: 0.8331  Corr: 0.7880  MAE: 0.7737  Loss: 0.7580 
2026-09-02 13:03:35,225 - MMSA [INFO] - TEST-(DLF) >>  acc_7: 0.4155  acc_5: 0.4898  acc_2: 0.8323  F1_score: 0.8321  Corr: 0.7784  MAE: 0.7752  Loss: 0.7747 
2026-09-02 13:04:08,342 - MMSA [INFO] - >> Epoch: 37 TRAIN -(DLF) [9/37/1] >> total_loss: 1.8909  acc_7: 0.7181  acc_5: 0.7749  acc_2: 0.9651  F1_score: 0.9651  Corr: 0.9638  MAE: 0.2972 
2026-09-02 13:04:10,701 - MMSA [INFO] - VAL-(DLF) >>  acc_7: 0.3581  acc_5: 0.4672  acc_2: 0.8287  F1_score: 0.8283  Corr: 0.7877  MAE: 0.7780  Loss: 0.7636 
2026-09-02 13:04:17,488 - MMSA [INFO] - TEST-(DLF) >>  acc_7: 0.4140  acc_5: 0.4927  acc_2: 0.8323  F1_score: 0.8326  Corr: 0.7778  MAE: 0.7886  Loss: 0.7882 
2026-09-02 13:04:49,416 - MMSA [INFO] - >> Epoch: 38 TRAIN -(DLF) [10/38/1] >> total_loss: 1.8869  acc_7: 0.7220  acc_5: 0.7796  acc_2: 0.9732  F1_score: 0.9732  Corr: 0.9638  MAE: 0.2945 
2026-09-02 13:04:51,735 - MMSA [INFO] - VAL-(DLF) >>  acc_7: 0.3712  acc_5: 0.4716  acc_2: 0.8380  F1_score: 0.8378  Corr: 0.7875  MAE: 0.7875  Loss: 0.7725 
2026-09-02 13:04:58,358 - MMSA [INFO] - TEST-(DLF) >>  acc_7: 0.4082  acc_5: 0.4913  acc_2: 0.8308  F1_score: 0.8311  Corr: 0.7768  MAE: 0.7981  Loss: 0.7977 
2026-09-02 13:05:30,636 - MMSA [INFO] - >> Epoch: 39 TRAIN -(DLF) [11/39/1] >> total_loss: 1.886  acc_7: 0.7321  acc_5: 0.7960  acc_2: 0.9651  F1_score: 0.9651  Corr: 0.9642  MAE: 0.2954 
2026-09-02 13:05:33,113 - MMSA [INFO] - VAL-(DLF) >>  acc_7: 0.3755  acc_5: 0.4847  acc_2: 0.8287  F1_score: 0.8283  Corr: 0.7926  MAE: 0.7611  Loss: 0.7512 
2026-09-02 13:05:39,172 - MMSA [INFO] - TEST-(DLF) >>  acc_7: 0.4096  acc_5: 0.4840  acc_2: 0.8247  F1_score: 0.8253  Corr: 0.7783  MAE: 0.7879  Loss: 0.7876 
2026-09-02 13:06:13,080 - MMSA [INFO] - >> Epoch: 40 TRAIN -(DLF) [12/40/1] >> total_loss: 1.8814  acc_7: 0.7150  acc_5: 0.7804  acc_2: 0.9740  F1_score: 0.9740  Corr: 0.9655  MAE: 0.2939 
2026-09-02 13:06:15,851 - MMSA [INFO] - VAL-(DLF) >>  acc_7: 0.3581  acc_5: 0.4629  acc_2: 0.8472  F1_score: 0.8475  Corr: 0.7914  MAE: 0.7728  Loss: 0.7591 
2026-09-02 13:06:22,428 - MMSA [INFO] - TEST-(DLF) >>  acc_7: 0.4184  acc_5: 0.4913  acc_2: 0.8384  F1_score: 0.8383  Corr: 0.7794  MAE: 0.7786  Loss: 0.7782 
2026-09-02 13:06:54,740 - MMSA [INFO] - >> Epoch: 41 TRAIN -(DLF) [13/41/1] >> total_loss: 1.8599  acc_7: 0.7173  acc_5: 0.7796  acc_2: 0.9667  F1_score: 0.9667  Corr: 0.9662  MAE: 0.2822 
2026-09-02 13:06:57,390 - MMSA [INFO] - VAL-(DLF) >>  acc_7: 0.3581  acc_5: 0.4629  acc_2: 0.8472  F1_score: 0.8473  Corr: 0.7907  MAE: 0.7775  Loss: 0.7644 
2026-09-02 13:07:03,993 - MMSA [INFO] - TEST-(DLF) >>  acc_7: 0.4096  acc_5: 0.4883  acc_2: 0.8384  F1_score: 0.8384  Corr: 0.7792  MAE: 0.7866  Loss: 0.7863 
2026-09-02 13:07:36,697 - MMSA [INFO] - >> Epoch: 42 TRAIN -(DLF) [14/42/1] >> total_loss: 1.8679  acc_7: 0.7321  acc_5: 0.8006  acc_2: 0.9708  F1_score: 0.9708  Corr: 0.9665  MAE: 0.2855 
2026-09-02 13:07:39,309 - MMSA [INFO] - VAL-(DLF) >>  acc_7: 0.3843  acc_5: 0.4847  acc_2: 0.8333  F1_score: 0.8331  Corr: 0.7920  MAE: 0.7714  Loss: 0.7607 
2026-09-02 13:07:45,559 - MMSA [INFO] - TEST-(DLF) >>  acc_7: 0.4009  acc_5: 0.4796  acc_2: 0.8262  F1_score: 0.8267  Corr: 0.7788  MAE: 0.7949  Loss: 0.7947 
2026-09-02 13:08:17,980 - MMSA [INFO] - >> Epoch: 43 TRAIN -(DLF) [15/43/1] >> total_loss: 1.8489  acc_7: 0.7492  acc_5: 0.8076  acc_2: 0.9732  F1_score: 0.9732  Corr: 0.9660  MAE: 0.2780 
2026-09-02 13:08:20,361 - MMSA [INFO] - VAL-(DLF) >>  acc_7: 0.3581  acc_5: 0.4672  acc_2: 0.8426  F1_score: 0.8430  Corr: 0.7915  MAE: 0.7709  Loss: 0.7578 
2026-09-02 13:08:26,824 - MMSA [INFO] - TEST-(DLF) >>  acc_7: 0.4111  acc_5: 0.4840  acc_2: 0.8369  F1_score: 0.8364  Corr: 0.7792  MAE: 0.7782  Loss: 0.7778 
2026-09-02 13:08:59,270 - MMSA [INFO] - >> Epoch: 44 TRAIN -(DLF) [16/44/1] >> total_loss: 1.8532  acc_7: 0.7118  acc_5: 0.7741  acc_2: 0.9797  F1_score: 0.9797  Corr: 0.9671  MAE: 0.2847 
2026-09-02 13:09:02,048 - MMSA [INFO] - VAL-(DLF) >>  acc_7: 0.3668  acc_5: 0.4716  acc_2: 0.8472  F1_score: 0.8473  Corr: 0.7917  MAE: 0.7739  Loss: 0.7623 
2026-09-02 13:09:09,330 - MMSA [INFO] - TEST-(DLF) >>  acc_7: 0.4023  acc_5: 0.4810  acc_2: 0.8338  F1_score: 0.8341  Corr: 0.7793  MAE: 0.7910  Loss: 0.7908 
2026-09-02 13:09:42,552 - MMSA [INFO] - >> Epoch: 45 TRAIN -(DLF) [17/45/1] >> total_loss: 1.8584  acc_7: 0.7407  acc_5: 0.7983  acc_2: 0.9716  F1_score: 0.9716  Corr: 0.9683  MAE: 0.2834 
2026-09-02 13:09:44,960 - MMSA [INFO] - VAL-(DLF) >>  acc_7: 0.3799  acc_5: 0.4716  acc_2: 0.8426  F1_score: 0.8426  Corr: 0.7914  MAE: 0.7805  Loss: 0.7686 
2026-09-02 13:09:51,640 - MMSA [INFO] - TEST-(DLF) >>  acc_7: 0.3921  acc_5: 0.4738  acc_2: 0.8338  F1_score: 0.8342  Corr: 0.7793  MAE: 0.8000  Loss: 0.7999 
2026-09-02 13:10:23,883 - MMSA [INFO] - >> Epoch: 46 TRAIN -(DLF) [18/46/1] >> total_loss: 1.8467  acc_7: 0.7243  acc_5: 0.7889  acc_2: 0.9748  F1_score: 0.9748  Corr: 0.9670  MAE: 0.2825 
2026-09-02 13:10:26,530 - MMSA [INFO] - VAL-(DLF) >>  acc_7: 0.3712  acc_5: 0.4716  acc_2: 0.8426  F1_score: 0.8426  Corr: 0.7927  MAE: 0.7698  Loss: 0.7583 
2026-09-02 13:10:33,648 - MMSA [INFO] - TEST-(DLF) >>  acc_7: 0.4038  acc_5: 0.4796  acc_2: 0.8354  F1_score: 0.8357  Corr: 0.7798  MAE: 0.7857  Loss: 0.7855 
2026-09-02 13:11:07,448 - MMSA [INFO] - >> Epoch: 47 TRAIN -(DLF) [19/47/1] >> total_loss: 1.8366  acc_7: 0.7383  acc_5: 0.7936  acc_2: 0.9773  F1_score: 0.9772  Corr: 0.9675  MAE: 0.2728 
2026-09-02 13:11:10,077 - MMSA [INFO] - VAL-(DLF) >>  acc_7: 0.3712  acc_5: 0.4847  acc_2: 0.8426  F1_score: 0.8426  Corr: 0.7932  MAE: 0.7650  Loss: 0.7539 
2026-09-02 13:11:16,952 - MMSA [INFO] - TEST-(DLF) >>  acc_7: 0.4052  acc_5: 0.4767  acc_2: 0.8369  F1_score: 0.8371  Corr: 0.7799  MAE: 0.7816  Loss: 0.7813 
2026-09-02 13:11:49,769 - MMSA [INFO] - >> Epoch: 48 TRAIN -(DLF) [20/48/1] >> total_loss: 1.8465  acc_7: 0.7375  acc_5: 0.7998  acc_2: 0.9724  F1_score: 0.9724  Corr: 0.9671  MAE: 0.2822 
2026-09-02 13:11:52,222 - MMSA [INFO] - VAL-(DLF) >>  acc_7: 0.3755  acc_5: 0.4760  acc_2: 0.8426  F1_score: 0.8426  Corr: 0.7932  MAE: 0.7668  Loss: 0.7561 
2026-09-02 13:11:58,470 - MMSA [INFO] - TEST-(DLF) >>  acc_7: 0.4023  acc_5: 0.4767  acc_2: 0.8323  F1_score: 0.8327  Corr: 0.7796  MAE: 0.7881  Loss: 0.7879 
2026-09-02 13:12:06,017 - MMSA [INFO] - TEST-(DLF) >>  acc_7: 0.4096  acc_5: 0.4913  acc_2: 0.8338  F1_score: 0.8332  Corr: 0.7758  MAE: 0.7706  Loss: 0.7699 
2026-09-02 13:12:07,682 - MMSA [INFO] - Results saved to result/normal/mosi_serial_ccdr.csv.
2026-09-03 02:21:07,983 - MMSA [INFO] - Using device: cuda:0
2026-09-03 02:21:07,984 - MMSA [INFO] - Architecture: serial_ccdr, use_ccdr=True
2026-09-03 02:21:08,864 - MMSA [INFO] - train samples: (1284,)
2026-09-03 02:21:09,170 - MMSA [INFO] - valid samples: (229,)
2026-09-03 02:21:09,472 - MMSA [INFO] - test samples: (686,)
2026-09-03 02:21:15,293 - MMSA [INFO] - Optimizer: AdamW, bert_lr=2e-05, other_lr=0.0001, weight_decay=0.005
2026-09-03 02:21:40,216 - MMSA [INFO] - >> Epoch: 1 TRAIN -(DLF) [1/1/1] >> total_loss: 4.9888  acc_7: 0.1916  acc_5: 0.1916  acc_2: 0.5581  F1_score: 0.4501  Corr: 0.1144  MAE: 1.3078 
2026-09-03 02:21:41,616 - MMSA [INFO] - VAL-(DLF) >>  acc_7: 0.2183  acc_5: 0.2183  acc_2: 0.6713  F1_score: 0.6388  Corr: 0.3032  MAE: 1.3621  Loss: 1.4292 
2026-09-03 02:21:45,438 - MMSA [INFO] - TEST-(DLF) >>  acc_7: 0.1560  acc_5: 0.1560  acc_2: 0.5610  F1_score: 0.5273  Corr: 0.3639  MAE: 1.3842  Loss: 1.3762 
2026-09-03 02:22:10,245 - MMSA [INFO] - >> Epoch: 2 TRAIN -(DLF) [1/2/1] >> total_loss: 4.8086  acc_7: 0.2033  acc_5: 0.2033  acc_2: 0.6003  F1_score: 0.5256  Corr: 0.3741  MAE: 1.2585 
2026-09-03 02:22:11,999 - MMSA [INFO] - VAL-(DLF) >>  acc_7: 0.2402  acc_5: 0.2402  acc_2: 0.6620  F1_score: 0.6234  Corr: 0.4173  MAE: 1.3065  Loss: 1.3789 
2026-09-03 02:22:15,560 - MMSA [INFO] - TEST-(DLF) >>  acc_7: 0.1749  acc_5: 0.1749  acc_2: 0.5854  F1_score: 0.5588  Corr: 0.4394  MAE: 1.3536  Loss: 1.3444 
2026-09-03 02:22:39,227 - MMSA [INFO] - >> Epoch: 3 TRAIN -(DLF) [1/3/1] >> total_loss: 4.6652  acc_7: 0.2033  acc_5: 0.2033  acc_2: 0.6515  F1_score: 0.6024  Corr: 0.5012  MAE: 1.2022 
2026-09-03 02:22:40,530 - MMSA [INFO] - VAL-(DLF) >>  acc_7: 0.2664  acc_5: 0.2664  acc_2: 0.6852  F1_score: 0.6633  Corr: 0.4955  MAE: 1.2324  Loss: 1.3064 
2026-09-03 02:22:43,902 - MMSA [INFO] - TEST-(DLF) >>  acc_7: 0.1983  acc_5: 0.1983  acc_2: 0.6265  F1_score: 0.6149  Corr: 0.4967  MAE: 1.2954  Loss: 1.2846 
2026-09-03 02:23:07,635 - MMSA [INFO] - >> Epoch: 4 TRAIN -(DLF) [1/4/1] >> total_loss: 4.4171  acc_7: 0.2414  acc_5: 0.2414  acc_2: 0.7043  F1_score: 0.6860  Corr: 0.5765  MAE: 1.1209 
2026-09-03 02:23:09,100 - MMSA [INFO] - VAL-(DLF) >>  acc_7: 0.2489  acc_5: 0.2489  acc_2: 0.7917  F1_score: 0.7895  Corr: 0.5781  MAE: 1.1254  Loss: 1.1782 
2026-09-03 02:23:12,665 - MMSA [INFO] - TEST-(DLF) >>  acc_7: 0.2405  acc_5: 0.2405  acc_2: 0.7226  F1_score: 0.7240  Corr: 0.5651  MAE: 1.1662  Loss: 1.1547 
2026-09-03 02:23:35,768 - MMSA [INFO] - >> Epoch: 5 TRAIN -(DLF) [1/5/1] >> total_loss: 4.1922  acc_7: 0.2578  acc_5: 0.2586  acc_2: 0.7628  F1_score: 0.7626  Corr: 0.6471  MAE: 1.0100 
2026-09-03 02:23:37,097 - MMSA [INFO] - VAL-(DLF) >>  acc_7: 0.2402  acc_5: 0.2707  acc_2: 0.8194  F1_score: 0.8193  Corr: 0.6400  MAE: 1.0260  Loss: 1.0526 
2026-09-03 02:23:40,472 - MMSA [INFO] - TEST-(DLF) >>  acc_7: 0.3047  acc_5: 0.3134  acc_2: 0.8018  F1_score: 0.8025  Corr: 0.6254  MAE: 1.0548  Loss: 1.0437 
2026-09-03 02:24:03,988 - MMSA [INFO] - >> Epoch: 6 TRAIN -(DLF) [1/6/1] >> total_loss: 3.9931  acc_7: 0.3154  acc_5: 0.3248  acc_2: 0.8034  F1_score: 0.8033  Corr: 0.6914  MAE: 0.8996 
2026-09-03 02:24:05,546 - MMSA [INFO] - VAL-(DLF) >>  acc_7: 0.3319  acc_5: 0.4105  acc_2: 0.8333  F1_score: 0.8325  Corr: 0.6631  MAE: 0.9772  Loss: 0.9919 
2026-09-03 02:24:09,193 - MMSA [INFO] - TEST-(DLF) >>  acc_7: 0.3105  acc_5: 0.3309  acc_2: 0.7927  F1_score: 0.7939  Corr: 0.6607  MAE: 1.0698  Loss: 1.0618 
2026-09-03 02:24:33,263 - MMSA [INFO] - >> Epoch: 7 TRAIN -(DLF) [1/7/1] >> total_loss: 3.7659  acc_7: 0.3660  acc_5: 0.3832  acc_2: 0.8375  F1_score: 0.8367  Corr: 0.7418  MAE: 0.8229 
2026-09-03 02:24:34,764 - MMSA [INFO] - VAL-(DLF) >>  acc_7: 0.3231  acc_5: 0.3974  acc_2: 0.8241  F1_score: 0.8250  Corr: 0.6733  MAE: 0.9673  Loss: 0.9535 
2026-09-03 02:24:38,145 - MMSA [INFO] - TEST-(DLF) >>  acc_7: 0.3469  acc_5: 0.3673  acc_2: 0.8293  F1_score: 0.8264  Corr: 0.6891  MAE: 0.9408  Loss: 0.9319 
2026-09-03 02:25:02,522 - MMSA [INFO] - >> Epoch: 8 TRAIN -(DLF) [1/8/1] >> total_loss: 3.6843  acc_7: 0.3824  acc_5: 0.4011  acc_2: 0.8351  F1_score: 0.8351  Corr: 0.7464  MAE: 0.7926 
2026-09-03 02:25:03,970 - MMSA [INFO] - VAL-(DLF) >>  acc_7: 0.3362  acc_5: 0.4192  acc_2: 0.8657  F1_score: 0.8656  Corr: 0.7122  MAE: 0.9076  Loss: 0.9029 
2026-09-03 02:25:07,851 - MMSA [INFO] - TEST-(DLF) >>  acc_7: 0.3192  acc_5: 0.3411  acc_2: 0.8034  F1_score: 0.8044  Corr: 0.7002  MAE: 1.0181  Loss: 1.0119 
2026-09-03 02:25:33,353 - MMSA [INFO] - >> Epoch: 9 TRAIN -(DLF) [1/9/1] >> total_loss: 3.6089  acc_7: 0.4104  acc_5: 0.4369  acc_2: 0.8546  F1_score: 0.8534  Corr: 0.7812  MAE: 0.7815 
2026-09-03 02:25:34,993 - MMSA [INFO] - VAL-(DLF) >>  acc_7: 0.3493  acc_5: 0.4279  acc_2: 0.8565  F1_score: 0.8571  Corr: 0.7236  MAE: 0.8824  Loss: 0.8701 
2026-09-03 02:25:38,868 - MMSA [INFO] - TEST-(DLF) >>  acc_7: 0.3338  acc_5: 0.3557  acc_2: 0.8216  F1_score: 0.8213  Corr: 0.7204  MAE: 0.9311  Loss: 0.9236 
2026-09-03 02:26:03,713 - MMSA [INFO] - >> Epoch: 10 TRAIN -(DLF) [1/10/1] >> total_loss: 3.4149  acc_7: 0.4299  acc_5: 0.4548  acc_2: 0.8773  F1_score: 0.8777  Corr: 0.8172  MAE: 0.6769 
2026-09-03 02:26:05,133 - MMSA [INFO] - VAL-(DLF) >>  acc_7: 0.3144  acc_5: 0.3886  acc_2: 0.8472  F1_score: 0.8481  Corr: 0.7214  MAE: 0.9009  Loss: 0.8737 
2026-09-03 02:26:08,627 - MMSA [INFO] - TEST-(DLF) >>  acc_7: 0.3542  acc_5: 0.3717  acc_2: 0.8369  F1_score: 0.8341  Corr: 0.7276  MAE: 0.8655  Loss: 0.8562 
2026-09-03 02:26:31,060 - MMSA [INFO] - >> Epoch: 11 TRAIN -(DLF) [2/11/1] >> total_loss: 3.3653  acc_7: 0.4299  acc_5: 0.4525  acc_2: 0.8976  F1_score: 0.8979  Corr: 0.8320  MAE: 0.6590 
2026-09-03 02:26:32,510 - MMSA [INFO] - VAL-(DLF) >>  acc_7: 0.3581  acc_5: 0.4367  acc_2: 0.8611  F1_score: 0.8616  Corr: 0.7406  MAE: 0.8531  Loss: 0.8302 
2026-09-03 02:26:36,355 - MMSA [INFO] - TEST-(DLF) >>  acc_7: 0.3353  acc_5: 0.3571  acc_2: 0.8293  F1_score: 0.8293  Corr: 0.7368  MAE: 0.8971  Loss: 0.8892 
2026-09-03 02:27:00,192 - MMSA [INFO] - >> Epoch: 12 TRAIN -(DLF) [1/12/1] >> total_loss: 3.1751  acc_7: 0.4548  acc_5: 0.4829  acc_2: 0.9123  F1_score: 0.9124  Corr: 0.8429  MAE: 0.6243 
2026-09-03 02:27:01,555 - MMSA [INFO] - VAL-(DLF) >>  acc_7: 0.3275  acc_5: 0.4105  acc_2: 0.8426  F1_score: 0.8434  Corr: 0.7309  MAE: 0.8782  Loss: 0.8385 
2026-09-03 02:27:05,030 - MMSA [INFO] - TEST-(DLF) >>  acc_7: 0.3557  acc_5: 0.3878  acc_2: 0.8354  F1_score: 0.8342  Corr: 0.7339  MAE: 0.8679  Loss: 0.8602 
2026-09-03 02:27:27,305 - MMSA [INFO] - >> Epoch: 13 TRAIN -(DLF) [2/13/1] >> total_loss: 3.1184  acc_7: 0.4790  acc_5: 0.5101  acc_2: 0.9147  F1_score: 0.9149  Corr: 0.8515  MAE: 0.6035 
2026-09-03 02:27:28,787 - MMSA [INFO] - VAL-(DLF) >>  acc_7: 0.3406  acc_5: 0.4279  acc_2: 0.8241  F1_score: 0.8250  Corr: 0.7268  MAE: 0.8964  Loss: 0.8513 
2026-09-03 02:27:32,298 - MMSA [INFO] - TEST-(DLF) >>  acc_7: 0.3790  acc_5: 0.4242  acc_2: 0.8323  F1_score: 0.8303  Corr: 0.7386  MAE: 0.8418  Loss: 0.8346 
2026-09-03 02:27:54,333 - MMSA [INFO] - >> Epoch: 14 TRAIN -(DLF) [3/14/1] >> total_loss: 3.1502  acc_7: 0.4447  acc_5: 0.4790  acc_2: 0.8846  F1_score: 0.8849  Corr: 0.8479  MAE: 0.6297 
2026-09-03 02:27:55,799 - MMSA [INFO] - VAL-(DLF) >>  acc_7: 0.3231  acc_5: 0.4105  acc_2: 0.8380  F1_score: 0.8389  Corr: 0.7329  MAE: 0.8838  Loss: 0.8375 
2026-09-03 02:27:59,015 - MMSA [INFO] - TEST-(DLF) >>  acc_7: 0.3863  acc_5: 0.4344  acc_2: 0.8384  F1_score: 0.8363  Corr: 0.7475  MAE: 0.8238  Loss: 0.8175 
2026-09-03 02:28:21,469 - MMSA [INFO] - >> Epoch: 15 TRAIN -(DLF) [4/15/1] >> total_loss: 3.066  acc_7: 0.4829  acc_5: 0.5140  acc_2: 0.9050  F1_score: 0.9052  Corr: 0.8624  MAE: 0.5827 
2026-09-03 02:28:22,856 - MMSA [INFO] - VAL-(DLF) >>  acc_7: 0.3581  acc_5: 0.4498  acc_2: 0.8472  F1_score: 0.8478  Corr: 0.7397  MAE: 0.8515  Loss: 0.8039 
2026-09-03 02:28:26,310 - MMSA [INFO] - TEST-(DLF) >>  acc_7: 0.3746  acc_5: 0.4388  acc_2: 0.8277  F1_score: 0.8273  Corr: 0.7453  MAE: 0.8559  Loss: 0.8488 
2026-09-03 02:28:49,537 - MMSA [INFO] - >> Epoch: 16 TRAIN -(DLF) [1/16/1] >> total_loss: 2.9772  acc_7: 0.5031  acc_5: 0.5413  acc_2: 0.9228  F1_score: 0.9230  Corr: 0.8740  MAE: 0.5555 
2026-09-03 02:28:50,908 - MMSA [INFO] - VAL-(DLF) >>  acc_7: 0.3362  acc_5: 0.4454  acc_2: 0.8148  F1_score: 0.8158  Corr: 0.7208  MAE: 0.9376  Loss: 0.8857 
2026-09-03 02:28:54,296 - MMSA [INFO] - TEST-(DLF) >>  acc_7: 0.3950  acc_5: 0.4767  acc_2: 0.8338  F1_score: 0.8318  Corr: 0.7303  MAE: 0.8742  Loss: 0.8690 
2026-09-03 02:29:16,887 - MMSA [INFO] - >> Epoch: 17 TRAIN -(DLF) [2/17/1] >> total_loss: 2.9211  acc_7: 0.4961  acc_5: 0.5405  acc_2: 0.9196  F1_score: 0.9198  Corr: 0.8731  MAE: 0.5800 
2026-09-03 02:29:18,287 - MMSA [INFO] - VAL-(DLF) >>  acc_7: 0.3755  acc_5: 0.4891  acc_2: 0.8333  F1_score: 0.8339  Corr: 0.7234  MAE: 0.9265  Loss: 0.8748 
2026-09-03 02:29:21,683 - MMSA [INFO] - TEST-(DLF) >>  acc_7: 0.3834  acc_5: 0.4679  acc_2: 0.8125  F1_score: 0.8129  Corr: 0.7224  MAE: 0.9342  Loss: 0.9294 
2026-09-03 02:29:44,274 - MMSA [INFO] - >> Epoch: 18 TRAIN -(DLF) [3/18/1] >> total_loss: 2.9163  acc_7: 0.4852  acc_5: 0.5319  acc_2: 0.9204  F1_score: 0.9203  Corr: 0.8731  MAE: 0.5865 
2026-09-03 02:29:45,582 - MMSA [INFO] - VAL-(DLF) >>  acc_7: 0.3624  acc_5: 0.4760  acc_2: 0.8333  F1_score: 0.8339  Corr: 0.7313  MAE: 0.9021  Loss: 0.8485 
2026-09-03 02:29:49,319 - MMSA [INFO] - TEST-(DLF) >>  acc_7: 0.3834  acc_5: 0.4665  acc_2: 0.8140  F1_score: 0.8139  Corr: 0.7339  MAE: 0.8761  Loss: 0.8709 
2026-09-03 02:30:11,600 - MMSA [INFO] - >> Epoch: 19 TRAIN -(DLF) [4/19/1] >> total_loss: 2.8249  acc_7: 0.5296  acc_5: 0.5670  acc_2: 0.9285  F1_score: 0.9286  Corr: 0.8843  MAE: 0.5368 
2026-09-03 02:30:13,207 - MMSA [INFO] - VAL-(DLF) >>  acc_7: 0.3406  acc_5: 0.4585  acc_2: 0.8194  F1_score: 0.8204  Corr: 0.7299  MAE: 0.9268  Loss: 0.8679 
2026-09-03 02:30:16,551 - MMSA [INFO] - TEST-(DLF) >>  acc_7: 0.3863  acc_5: 0.4650  acc_2: 0.8354  F1_score: 0.8331  Corr: 0.7428  MAE: 0.8307  Loss: 0.8235 
2026-09-03 02:30:38,543 - MMSA [INFO] - >> Epoch: 20 TRAIN -(DLF) [5/20/1] >> total_loss: 2.9109  acc_7: 0.4805  acc_5: 0.5210  acc_2: 0.9163  F1_score: 0.9165  Corr: 0.8891  MAE: 0.5832 
2026-09-03 02:30:39,886 - MMSA [INFO] - VAL-(DLF) >>  acc_7: 0.3755  acc_5: 0.4891  acc_2: 0.8380  F1_score: 0.8383  Corr: 0.7428  MAE: 0.8750  Loss: 0.8153 
2026-09-03 02:30:43,439 - MMSA [INFO] - TEST-(DLF) >>  acc_7: 0.3936  acc_5: 0.4738  acc_2: 0.8171  F1_score: 0.8180  Corr: 0.7353  MAE: 0.8773  Loss: 0.8705 
2026-09-03 02:31:07,553 - MMSA [INFO] - >> Epoch: 21 TRAIN -(DLF) [6/21/1] >> total_loss: 2.8856  acc_7: 0.4922  acc_5: 0.5374  acc_2: 0.9139  F1_score: 0.9134  Corr: 0.8713  MAE: 0.5918 
2026-09-03 02:31:09,043 - MMSA [INFO] - VAL-(DLF) >>  acc_7: 0.3319  acc_5: 0.4498  acc_2: 0.8287  F1_score: 0.8295  Corr: 0.7318  MAE: 0.9213  Loss: 0.8642 
2026-09-03 02:31:12,038 - MMSA [INFO] - TEST-(DLF) >>  acc_7: 0.3819  acc_5: 0.4606  acc_2: 0.8308  F1_score: 0.8305  Corr: 0.7351  MAE: 0.8654  Loss: 0.8580 
2026-09-03 02:31:35,089 - MMSA [INFO] - >> Epoch: 22 TRAIN -(DLF) [7/22/1] >> total_loss: 2.7691  acc_7: 0.5171  acc_5: 0.5623  acc_2: 0.9212  F1_score: 0.9214  Corr: 0.8887  MAE: 0.5567 
2026-09-03 02:31:36,406 - MMSA [INFO] - VAL-(DLF) >>  acc_7: 0.3188  acc_5: 0.4367  acc_2: 0.8287  F1_score: 0.8296  Corr: 0.7169  MAE: 0.9736  Loss: 0.9148 
2026-09-03 02:31:40,211 - MMSA [INFO] - TEST-(DLF) >>  acc_7: 0.3819  acc_5: 0.4621  acc_2: 0.8354  F1_score: 0.8312  Corr: 0.7307  MAE: 0.8659  Loss: 0.8596 
2026-09-03 02:32:02,877 - MMSA [INFO] - >> Epoch: 23 TRAIN -(DLF) [8/23/1] >> total_loss: 2.7941  acc_7: 0.5086  acc_5: 0.5569  acc_2: 0.9147  F1_score: 0.9149  Corr: 0.8861  MAE: 0.5748 
2026-09-03 02:32:04,263 - MMSA [INFO] - VAL-(DLF) >>  acc_7: 0.3537  acc_5: 0.4585  acc_2: 0.8287  F1_score: 0.8294  Corr: 0.7341  MAE: 0.9044  Loss: 0.8457 
2026-09-03 02:32:07,484 - MMSA [INFO] - TEST-(DLF) >>  acc_7: 0.3878  acc_5: 0.4621  acc_2: 0.8323  F1_score: 0.8324  Corr: 0.7364  MAE: 0.8746  Loss: 0.8678 
2026-09-03 02:32:29,561 - MMSA [INFO] - >> Epoch: 24 TRAIN -(DLF) [9/24/1] >> total_loss: 2.7187  acc_7: 0.5335  acc_5: 0.5779  acc_2: 0.9318  F1_score: 0.9316  Corr: 0.8878  MAE: 0.5412 
2026-09-03 02:32:31,180 - MMSA [INFO] - VAL-(DLF) >>  acc_7: 0.3668  acc_5: 0.4672  acc_2: 0.8426  F1_score: 0.8424  Corr: 0.7427  MAE: 0.8752  Loss: 0.8216 
2026-09-03 02:32:34,647 - MMSA [INFO] - TEST-(DLF) >>  acc_7: 0.3717  acc_5: 0.4446  acc_2: 0.8064  F1_score: 0.8075  Corr: 0.7323  MAE: 0.9243  Loss: 0.9183 
2026-09-03 02:32:56,709 - MMSA [INFO] - >> Epoch: 25 TRAIN -(DLF) [10/25/1] >> total_loss: 2.68  acc_7: 0.5171  acc_5: 0.5592  acc_2: 0.9334  F1_score: 0.9332  Corr: 0.8967  MAE: 0.5285 
2026-09-03 02:32:58,224 - MMSA [INFO] - VAL-(DLF) >>  acc_7: 0.3624  acc_5: 0.4629  acc_2: 0.8241  F1_score: 0.8247  Corr: 0.7410  MAE: 0.8703  Loss: 0.8181 
2026-09-03 02:33:01,658 - MMSA [INFO] - TEST-(DLF) >>  acc_7: 0.3790  acc_5: 0.4490  acc_2: 0.8293  F1_score: 0.8293  Corr: 0.7437  MAE: 0.8549  Loss: 0.8475 
2026-09-03 02:33:23,527 - MMSA [INFO] - >> Epoch: 26 TRAIN -(DLF) [11/26/1] >> total_loss: 2.6187  acc_7: 0.5607  acc_5: 0.6012  acc_2: 0.9431  F1_score: 0.9432  Corr: 0.9027  MAE: 0.4898 
2026-09-03 02:33:24,917 - MMSA [INFO] - VAL-(DLF) >>  acc_7: 0.3712  acc_5: 0.4716  acc_2: 0.8241  F1_score: 0.8245  Corr: 0.7447  MAE: 0.8531  Loss: 0.8038 
2026-09-03 02:33:28,462 - MMSA [INFO] - TEST-(DLF) >>  acc_7: 0.3907  acc_5: 0.4563  acc_2: 0.8247  F1_score: 0.8250  Corr: 0.7452  MAE: 0.8559  Loss: 0.8486 
2026-09-03 02:33:52,790 - MMSA [INFO] - >> Epoch: 27 TRAIN -(DLF) [1/27/1] >> total_loss: 2.6146  acc_7: 0.5397  acc_5: 0.5841  acc_2: 0.9374  F1_score: 0.9374  Corr: 0.9065  MAE: 0.4954 
2026-09-03 02:33:54,253 - MMSA [INFO] - VAL-(DLF) >>  acc_7: 0.3581  acc_5: 0.4585  acc_2: 0.8380  F1_score: 0.8381  Corr: 0.7484  MAE: 0.8461  Loss: 0.8012 
2026-09-03 02:33:57,566 - MMSA [INFO] - TEST-(DLF) >>  acc_7: 0.3892  acc_5: 0.4534  acc_2: 0.8095  F1_score: 0.8103  Corr: 0.7428  MAE: 0.8772  Loss: 0.8708 
2026-09-03 02:34:21,480 - MMSA [INFO] - >> Epoch: 28 TRAIN -(DLF) [1/28/1] >> total_loss: 2.5679  acc_7: 0.5662  acc_5: 0.6090  acc_2: 0.9383  F1_score: 0.9382  Corr: 0.9118  MAE: 0.4769 
2026-09-03 02:34:23,001 - MMSA [INFO] - VAL-(DLF) >>  acc_7: 0.3624  acc_5: 0.4629  acc_2: 0.8241  F1_score: 0.8247  Corr: 0.7453  MAE: 0.8469  Loss: 0.7989 
2026-09-03 02:34:26,722 - MMSA [INFO] - TEST-(DLF) >>  acc_7: 0.3980  acc_5: 0.4621  acc_2: 0.8201  F1_score: 0.8199  Corr: 0.7456  MAE: 0.8405  Loss: 0.8334 
2026-09-03 02:34:50,400 - MMSA [INFO] - >> Epoch: 29 TRAIN -(DLF) [1/29/1] >> total_loss: 2.5397  acc_7: 0.5639  acc_5: 0.6098  acc_2: 0.9423  F1_score: 0.9424  Corr: 0.9104  MAE: 0.4726 
2026-09-03 02:34:51,681 - MMSA [INFO] - VAL-(DLF) >>  acc_7: 0.3624  acc_5: 0.4629  acc_2: 0.8241  F1_score: 0.8249  Corr: 0.7446  MAE: 0.8605  Loss: 0.8077 
2026-09-03 02:34:55,449 - MMSA [INFO] - TEST-(DLF) >>  acc_7: 0.3980  acc_5: 0.4708  acc_2: 0.8155  F1_score: 0.8143  Corr: 0.7454  MAE: 0.8248  Loss: 0.8166 
2026-09-03 02:35:19,667 - MMSA [INFO] - >> Epoch: 30 TRAIN -(DLF) [2/30/1] >> total_loss: 2.5424  acc_7: 0.5615  acc_5: 0.6012  acc_2: 0.9399  F1_score: 0.9400  Corr: 0.9132  MAE: 0.4637 
2026-09-03 02:35:21,004 - MMSA [INFO] - VAL-(DLF) >>  acc_7: 0.3712  acc_5: 0.4760  acc_2: 0.8287  F1_score: 0.8292  Corr: 0.7499  MAE: 0.8493  Loss: 0.7968 
2026-09-03 02:35:24,436 - MMSA [INFO] - TEST-(DLF) >>  acc_7: 0.3907  acc_5: 0.4636  acc_2: 0.8171  F1_score: 0.8172  Corr: 0.7431  MAE: 0.8481  Loss: 0.8409 
2026-09-03 02:35:51,788 - MMSA [INFO] - >> Epoch: 31 TRAIN -(DLF) [1/31/1] >> total_loss: 2.47  acc_7: 0.5849  acc_5: 0.6269  acc_2: 0.9448  F1_score: 0.9448  Corr: 0.9171  MAE: 0.4486 
2026-09-03 02:35:53,561 - MMSA [INFO] - VAL-(DLF) >>  acc_7: 0.3493  acc_5: 0.4629  acc_2: 0.8333  F1_score: 0.8340  Corr: 0.7486  MAE: 0.8615  Loss: 0.8068 
2026-09-03 02:35:56,900 - MMSA [INFO] - TEST-(DLF) >>  acc_7: 0.4038  acc_5: 0.4796  acc_2: 0.8216  F1_score: 0.8208  Corr: 0.7444  MAE: 0.8325  Loss: 0.8245 
2026-09-03 02:36:18,859 - MMSA [INFO] - >> Epoch: 32 TRAIN -(DLF) [2/32/1] >> total_loss: 2.4936  acc_7: 0.5724  acc_5: 0.6168  acc_2: 0.9374  F1_score: 0.9376  Corr: 0.9180  MAE: 0.4573 
2026-09-03 02:36:20,284 - MMSA [INFO] - VAL-(DLF) >>  acc_7: 0.3668  acc_5: 0.4716  acc_2: 0.8333  F1_score: 0.8340  Corr: 0.7558  MAE: 0.8344  Loss: 0.7830 
2026-09-03 02:36:23,510 - MMSA [INFO] - TEST-(DLF) >>  acc_7: 0.4023  acc_5: 0.4767  acc_2: 0.8186  F1_score: 0.8186  Corr: 0.7467  MAE: 0.8275  Loss: 0.8202 
2026-09-03 02:36:48,049 - MMSA [INFO] - >> Epoch: 33 TRAIN -(DLF) [1/33/1] >> total_loss: 2.5246  acc_7: 0.5826  acc_5: 0.6231  acc_2: 0.9350  F1_score: 0.9348  Corr: 0.9168  MAE: 0.4643 
2026-09-03 02:36:49,418 - MMSA [INFO] - VAL-(DLF) >>  acc_7: 0.4017  acc_5: 0.5066  acc_2: 0.8380  F1_score: 0.8378  Corr: 0.7657  MAE: 0.8104  Loss: 0.7731 
2026-09-03 02:36:52,655 - MMSA [INFO] - TEST-(DLF) >>  acc_7: 0.3907  acc_5: 0.4592  acc_2: 0.7896  F1_score: 0.7909  Corr: 0.7360  MAE: 0.8881  Loss: 0.8836 
2026-09-03 02:37:17,079 - MMSA [INFO] - >> Epoch: 34 TRAIN -(DLF) [1/34/1] >> total_loss: 2.5328  acc_7: 0.5530  acc_5: 0.6028  acc_2: 0.9415  F1_score: 0.9414  Corr: 0.9194  MAE: 0.4598 
2026-09-03 02:37:18,595 - MMSA [INFO] - VAL-(DLF) >>  acc_7: 0.3362  acc_5: 0.4498  acc_2: 0.8194  F1_score: 0.8204  Corr: 0.7479  MAE: 0.8884  Loss: 0.8320 
2026-09-03 02:37:21,982 - MMSA [INFO] - TEST-(DLF) >>  acc_7: 0.4009  acc_5: 0.4781  acc_2: 0.8232  F1_score: 0.8216  Corr: 0.7429  MAE: 0.8295  Loss: 0.8213 
2026-09-03 02:37:48,892 - MMSA [INFO] - >> Epoch: 35 TRAIN -(DLF) [2/35/1] >> total_loss: 2.4976  acc_7: 0.5592  acc_5: 0.6075  acc_2: 0.9431  F1_score: 0.9433  Corr: 0.9167  MAE: 0.4749 
2026-09-03 02:37:50,591 - MMSA [INFO] - VAL-(DLF) >>  acc_7: 0.3275  acc_5: 0.4454  acc_2: 0.8194  F1_score: 0.8204  Corr: 0.7412  MAE: 0.9254  Loss: 0.8668 
2026-09-03 02:37:54,218 - MMSA [INFO] - TEST-(DLF) >>  acc_7: 0.4096  acc_5: 0.4883  acc_2: 0.8308  F1_score: 0.8282  Corr: 0.7412  MAE: 0.8499  Loss: 0.8426 
2026-09-03 02:38:19,935 - MMSA [INFO] - >> Epoch: 36 TRAIN -(DLF) [3/36/1] >> total_loss: 2.4781  acc_7: 0.5685  acc_5: 0.6192  acc_2: 0.9456  F1_score: 0.9457  Corr: 0.9196  MAE: 0.4749 
2026-09-03 02:38:21,585 - MMSA [INFO] - VAL-(DLF) >>  acc_7: 0.3886  acc_5: 0.5022  acc_2: 0.8380  F1_score: 0.8387  Corr: 0.7521  MAE: 0.8726  Loss: 0.8220 
2026-09-03 02:38:25,342 - MMSA [INFO] - TEST-(DLF) >>  acc_7: 0.3994  acc_5: 0.4796  acc_2: 0.8186  F1_score: 0.8188  Corr: 0.7452  MAE: 0.8676  Loss: 0.8620 
2026-09-03 02:38:50,850 - MMSA [INFO] - >> Epoch: 37 TRAIN -(DLF) [4/37/1] >> total_loss: 2.4794  acc_7: 0.5880  acc_5: 0.6402  acc_2: 0.9439  F1_score: 0.9439  Corr: 0.9153  MAE: 0.4768 
2026-09-03 02:38:52,159 - MMSA [INFO] - VAL-(DLF) >>  acc_7: 0.4061  acc_5: 0.5197  acc_2: 0.8380  F1_score: 0.8384  Corr: 0.7592  MAE: 0.8458  Loss: 0.7980 
2026-09-03 02:38:55,703 - MMSA [INFO] - TEST-(DLF) >>  acc_7: 0.3848  acc_5: 0.4679  acc_2: 0.8171  F1_score: 0.8177  Corr: 0.7499  MAE: 0.8676  Loss: 0.8624 
2026-09-03 02:39:21,337 - MMSA [INFO] - >> Epoch: 38 TRAIN -(DLF) [5/38/1] >> total_loss: 2.4481  acc_7: 0.5903  acc_5: 0.6402  acc_2: 0.9439  F1_score: 0.9440  Corr: 0.9171  MAE: 0.4608 
2026-09-03 02:39:23,169 - MMSA [INFO] - VAL-(DLF) >>  acc_7: 0.3493  acc_5: 0.4629  acc_2: 0.8333  F1_score: 0.8341  Corr: 0.7573  MAE: 0.8523  Loss: 0.8018 
2026-09-03 02:39:26,928 - MMSA [INFO] - TEST-(DLF) >>  acc_7: 0.4067  acc_5: 0.4854  acc_2: 0.8430  F1_score: 0.8421  Corr: 0.7584  MAE: 0.8085  Loss: 0.8014 
2026-09-03 02:39:52,254 - MMSA [INFO] - >> Epoch: 39 TRAIN -(DLF) [6/39/1] >> total_loss: 2.3931  acc_7: 0.6083  acc_5: 0.6558  acc_2: 0.9521  F1_score: 0.9521  Corr: 0.9256  MAE: 0.4272 
2026-09-03 02:39:53,768 - MMSA [INFO] - VAL-(DLF) >>  acc_7: 0.4148  acc_5: 0.5197  acc_2: 0.8472  F1_score: 0.8475  Corr: 0.7709  MAE: 0.7925  Loss: 0.7479 
2026-09-03 02:39:57,181 - MMSA [INFO] - TEST-(DLF) >>  acc_7: 0.4023  acc_5: 0.4738  acc_2: 0.8079  F1_score: 0.8089  Corr: 0.7547  MAE: 0.8432  Loss: 0.8391 
2026-09-03 02:40:23,634 - MMSA [INFO] - >> Epoch: 40 TRAIN -(DLF) [1/40/1] >> total_loss: 2.4276  acc_7: 0.5919  acc_5: 0.6363  acc_2: 0.9448  F1_score: 0.9447  Corr: 0.9240  MAE: 0.4327 
2026-09-03 02:40:25,063 - MMSA [INFO] - VAL-(DLF) >>  acc_7: 0.3624  acc_5: 0.4716  acc_2: 0.8472  F1_score: 0.8478  Corr: 0.7628  MAE: 0.8282  Loss: 0.7777 
2026-09-03 02:40:28,224 - MMSA [INFO] - TEST-(DLF) >>  acc_7: 0.4082  acc_5: 0.4869  acc_2: 0.8247  F1_score: 0.8247  Corr: 0.7578  MAE: 0.8121  Loss: 0.8060 
2026-09-03 02:40:54,009 - MMSA [INFO] - >> Epoch: 41 TRAIN -(DLF) [2/41/1] >> total_loss: 2.3625  acc_7: 0.5974  acc_5: 0.6472  acc_2: 0.9480  F1_score: 0.9481  Corr: 0.9286  MAE: 0.4232 
2026-09-03 02:40:55,608 - MMSA [INFO] - VAL-(DLF) >>  acc_7: 0.3493  acc_5: 0.4672  acc_2: 0.8380  F1_score: 0.8387  Corr: 0.7590  MAE: 0.8466  Loss: 0.7935 
2026-09-03 02:40:59,401 - MMSA [INFO] - TEST-(DLF) >>  acc_7: 0.4067  acc_5: 0.4869  acc_2: 0.8338  F1_score: 0.8334  Corr: 0.7564  MAE: 0.8199  Loss: 0.8142 
2026-09-03 02:41:24,097 - MMSA [INFO] - >> Epoch: 42 TRAIN -(DLF) [3/42/1] >> total_loss: 2.3696  acc_7: 0.6098  acc_5: 0.6565  acc_2: 0.9504  F1_score: 0.9505  Corr: 0.9243  MAE: 0.4296 
2026-09-03 02:41:25,895 - MMSA [INFO] - VAL-(DLF) >>  acc_7: 0.3930  acc_5: 0.5066  acc_2: 0.8472  F1_score: 0.8473  Corr: 0.7664  MAE: 0.8281  Loss: 0.7730 
2026-09-03 02:41:29,649 - MMSA [INFO] - TEST-(DLF) >>  acc_7: 0.3994  acc_5: 0.4825  acc_2: 0.8125  F1_score: 0.8134  Corr: 0.7493  MAE: 0.8670  Loss: 0.8630 
2026-09-03 02:41:54,157 - MMSA [INFO] - >> Epoch: 43 TRAIN -(DLF) [4/43/1] >> total_loss: 2.3733  acc_7: 0.6075  acc_5: 0.6597  acc_2: 0.9569  F1_score: 0.9569  Corr: 0.9285  MAE: 0.4285 
2026-09-03 02:41:55,790 - MMSA [INFO] - VAL-(DLF) >>  acc_7: 0.3537  acc_5: 0.4716  acc_2: 0.8519  F1_score: 0.8522  Corr: 0.7622  MAE: 0.8573  Loss: 0.8051 
2026-09-03 02:41:59,522 - MMSA [INFO] - TEST-(DLF) >>  acc_7: 0.4096  acc_5: 0.4927  acc_2: 0.8277  F1_score: 0.8276  Corr: 0.7545  MAE: 0.8292  Loss: 0.8234 
2026-09-03 02:42:23,808 - MMSA [INFO] - >> Epoch: 44 TRAIN -(DLF) [5/44/1] >> total_loss: 2.3549  acc_7: 0.6083  acc_5: 0.6589  acc_2: 0.9513  F1_score: 0.9513  Corr: 0.9264  MAE: 0.4268 
2026-09-03 02:42:25,385 - MMSA [INFO] - VAL-(DLF) >>  acc_7: 0.3450  acc_5: 0.4629  acc_2: 0.8426  F1_score: 0.8431  Corr: 0.7633  MAE: 0.8535  Loss: 0.8002 
2026-09-03 02:42:28,712 - MMSA [INFO] - TEST-(DLF) >>  acc_7: 0.4082  acc_5: 0.4913  acc_2: 0.8247  F1_score: 0.8243  Corr: 0.7560  MAE: 0.8179  Loss: 0.8118 
2026-09-03 02:42:53,250 - MMSA [INFO] - >> Epoch: 45 TRAIN -(DLF) [6/45/1] >> total_loss: 2.3114  acc_7: 0.6090  acc_5: 0.6597  acc_2: 0.9545  F1_score: 0.9545  Corr: 0.9282  MAE: 0.4229 
2026-09-03 02:42:54,609 - MMSA [INFO] - VAL-(DLF) >>  acc_7: 0.3712  acc_5: 0.4803  acc_2: 0.8472  F1_score: 0.8475  Corr: 0.7697  MAE: 0.8199  Loss: 0.7635 
2026-09-03 02:42:57,962 - MMSA [INFO] - TEST-(DLF) >>  acc_7: 0.4067  acc_5: 0.4883  acc_2: 0.8247  F1_score: 0.8252  Corr: 0.7555  MAE: 0.8366  Loss: 0.8305 
2026-09-03 02:43:22,222 - MMSA [INFO] - >> Epoch: 46 TRAIN -(DLF) [7/46/1] >> total_loss: 2.3313  acc_7: 0.6285  acc_5: 0.6783  acc_2: 0.9504  F1_score: 0.9504  Corr: 0.9290  MAE: 0.4174 
2026-09-03 02:43:23,483 - MMSA [INFO] - VAL-(DLF) >>  acc_7: 0.3712  acc_5: 0.4803  acc_2: 0.8519  F1_score: 0.8522  Corr: 0.7699  MAE: 0.8173  Loss: 0.7606 
2026-09-03 02:43:26,687 - MMSA [INFO] - TEST-(DLF) >>  acc_7: 0.4125  acc_5: 0.4942  acc_2: 0.8247  F1_score: 0.8250  Corr: 0.7593  MAE: 0.8193  Loss: 0.8127 
2026-09-03 02:43:50,791 - MMSA [INFO] - >> Epoch: 47 TRAIN -(DLF) [8/47/1] >> total_loss: 2.3003  acc_7: 0.6207  acc_5: 0.6698  acc_2: 0.9513  F1_score: 0.9513  Corr: 0.9317  MAE: 0.4098 
2026-09-03 02:43:52,204 - MMSA [INFO] - VAL-(DLF) >>  acc_7: 0.3624  acc_5: 0.4803  acc_2: 0.8426  F1_score: 0.8432  Corr: 0.7658  MAE: 0.8428  Loss: 0.7859 
2026-09-03 02:43:55,686 - MMSA [INFO] - TEST-(DLF) >>  acc_7: 0.4242  acc_5: 0.5058  acc_2: 0.8354  F1_score: 0.8345  Corr: 0.7618  MAE: 0.7972  Loss: 0.7907 
2026-09-03 02:44:19,775 - MMSA [INFO] - >> Epoch: 48 TRAIN -(DLF) [9/48/1] >> total_loss: 2.3175  acc_7: 0.6145  acc_5: 0.6604  acc_2: 0.9480  F1_score: 0.9481  Corr: 0.9308  MAE: 0.4221 
2026-09-03 02:44:21,338 - MMSA [INFO] - VAL-(DLF) >>  acc_7: 0.3624  acc_5: 0.4716  acc_2: 0.8472  F1_score: 0.8478  Corr: 0.7688  MAE: 0.8223  Loss: 0.7649 
2026-09-03 02:44:24,961 - MMSA [INFO] - TEST-(DLF) >>  acc_7: 0.4184  acc_5: 0.4985  acc_2: 0.8293  F1_score: 0.8290  Corr: 0.7604  MAE: 0.8027  Loss: 0.7966 
2026-09-03 02:44:49,106 - MMSA [INFO] - >> Epoch: 49 TRAIN -(DLF) [10/49/1] >> total_loss: 2.3131  acc_7: 0.6355  acc_5: 0.6791  acc_2: 0.9456  F1_score: 0.9456  Corr: 0.9273  MAE: 0.4205 
2026-09-03 02:44:50,495 - MMSA [INFO] - VAL-(DLF) >>  acc_7: 0.4148  acc_5: 0.5197  acc_2: 0.8426  F1_score: 0.8426  Corr: 0.7749  MAE: 0.7917  Loss: 0.7448 
2026-09-03 02:44:53,829 - MMSA [INFO] - TEST-(DLF) >>  acc_7: 0.3819  acc_5: 0.4577  acc_2: 0.8216  F1_score: 0.8226  Corr: 0.7542  MAE: 0.8519  Loss: 0.8473 
2026-09-03 02:45:20,057 - MMSA [INFO] - >> Epoch: 50 TRAIN -(DLF) [1/50/1] >> total_loss: 2.326  acc_7: 0.6192  acc_5: 0.6682  acc_2: 0.9383  F1_score: 0.9380  Corr: 0.9313  MAE: 0.4245 
2026-09-03 02:45:21,386 - MMSA [INFO] - VAL-(DLF) >>  acc_7: 0.4061  acc_5: 0.5109  acc_2: 0.8380  F1_score: 0.8378  Corr: 0.7742  MAE: 0.7912  Loss: 0.7465 
2026-09-03 02:45:24,886 - MMSA [INFO] - TEST-(DLF) >>  acc_7: 0.3965  acc_5: 0.4738  acc_2: 0.8216  F1_score: 0.8226  Corr: 0.7564  MAE: 0.8425  Loss: 0.8384 
2026-09-03 02:45:49,497 - MMSA [INFO] - >> Epoch: 51 TRAIN -(DLF) [2/51/1] >> total_loss: 2.3046  acc_7: 0.6340  acc_5: 0.6807  acc_2: 0.9448  F1_score: 0.9447  Corr: 0.9326  MAE: 0.4114 
2026-09-03 02:45:51,419 - MMSA [INFO] - VAL-(DLF) >>  acc_7: 0.3974  acc_5: 0.5022  acc_2: 0.8287  F1_score: 0.8290  Corr: 0.7697  MAE: 0.8035  Loss: 0.7590 
2026-09-03 02:45:56,376 - MMSA [INFO] - TEST-(DLF) >>  acc_7: 0.3950  acc_5: 0.4723  acc_2: 0.8186  F1_score: 0.8190  Corr: 0.7602  MAE: 0.8128  Loss: 0.8078 
2026-09-03 02:46:21,351 - MMSA [INFO] - >> Epoch: 52 TRAIN -(DLF) [3/52/1] >> total_loss: 2.2714  acc_7: 0.6355  acc_5: 0.6830  acc_2: 0.9513  F1_score: 0.9513  Corr: 0.9353  MAE: 0.3983 
2026-09-03 02:46:22,705 - MMSA [INFO] - VAL-(DLF) >>  acc_7: 0.3799  acc_5: 0.4934  acc_2: 0.8333  F1_score: 0.8339  Corr: 0.7650  MAE: 0.8248  Loss: 0.7795 
2026-09-03 02:46:26,262 - MMSA [INFO] - TEST-(DLF) >>  acc_7: 0.4052  acc_5: 0.4825  acc_2: 0.8262  F1_score: 0.8258  Corr: 0.7617  MAE: 0.8051  Loss: 0.7999 
2026-09-03 02:46:50,275 - MMSA [INFO] - >> Epoch: 53 TRAIN -(DLF) [4/53/1] >> total_loss: 2.2466  acc_7: 0.6394  acc_5: 0.6916  acc_2: 0.9496  F1_score: 0.9497  Corr: 0.9372  MAE: 0.3962 
2026-09-03 02:46:51,970 - MMSA [INFO] - VAL-(DLF) >>  acc_7: 0.3712  acc_5: 0.4847  acc_2: 0.8380  F1_score: 0.8384  Corr: 0.7631  MAE: 0.8387  Loss: 0.7921 
2026-09-03 02:46:55,494 - MMSA [INFO] - TEST-(DLF) >>  acc_7: 0.4125  acc_5: 0.4898  acc_2: 0.8247  F1_score: 0.8244  Corr: 0.7619  MAE: 0.8156  Loss: 0.8107 
2026-09-03 02:47:20,018 - MMSA [INFO] - >> Epoch: 54 TRAIN -(DLF) [5/54/1] >> total_loss: 2.2613  acc_7: 0.6347  acc_5: 0.6869  acc_2: 0.9569  F1_score: 0.9570  Corr: 0.9363  MAE: 0.3978 
2026-09-03 02:47:21,419 - MMSA [INFO] - VAL-(DLF) >>  acc_7: 0.3712  acc_5: 0.4891  acc_2: 0.8380  F1_score: 0.8387  Corr: 0.7631  MAE: 0.8445  Loss: 0.7955 
2026-09-03 02:47:24,763 - MMSA [INFO] - TEST-(DLF) >>  acc_7: 0.4096  acc_5: 0.4854  acc_2: 0.8338  F1_score: 0.8330  Corr: 0.7646  MAE: 0.8078  Loss: 0.8028 
2026-09-03 02:47:48,579 - MMSA [INFO] - >> Epoch: 55 TRAIN -(DLF) [6/55/1] >> total_loss: 2.2635  acc_7: 0.6137  acc_5: 0.6721  acc_2: 0.9448  F1_score: 0.9449  Corr: 0.9364  MAE: 0.3996 
2026-09-03 02:47:50,061 - MMSA [INFO] - VAL-(DLF) >>  acc_7: 0.3755  acc_5: 0.4934  acc_2: 0.8472  F1_score: 0.8478  Corr: 0.7658  MAE: 0.8368  Loss: 0.7866 
2026-09-03 02:47:53,331 - MMSA [INFO] - TEST-(DLF) >>  acc_7: 0.4140  acc_5: 0.4898  acc_2: 0.8354  F1_score: 0.8346  Corr: 0.7672  MAE: 0.8031  Loss: 0.7982 
2026-09-03 02:48:17,184 - MMSA [INFO] - >> Epoch: 56 TRAIN -(DLF) [7/56/1] >> total_loss: 2.243  acc_7: 0.6231  acc_5: 0.6822  acc_2: 0.9529  F1_score: 0.9529  Corr: 0.9371  MAE: 0.3983 
2026-09-03 02:48:18,640 - MMSA [INFO] - VAL-(DLF) >>  acc_7: 0.3712  acc_5: 0.4934  acc_2: 0.8426  F1_score: 0.8430  Corr: 0.7684  MAE: 0.8284  Loss: 0.7779 
2026-09-03 02:48:22,180 - MMSA [INFO] - TEST-(DLF) >>  acc_7: 0.4111  acc_5: 0.4883  acc_2: 0.8323  F1_score: 0.8321  Corr: 0.7672  MAE: 0.8117  Loss: 0.8070 
2026-09-03 02:48:46,145 - MMSA [INFO] - >> Epoch: 57 TRAIN -(DLF) [8/57/1] >> total_loss: 2.2457  acc_7: 0.6550  acc_5: 0.7056  acc_2: 0.9545  F1_score: 0.9545  Corr: 0.9384  MAE: 0.3914 
2026-09-03 02:48:47,461 - MMSA [INFO] - VAL-(DLF) >>  acc_7: 0.3930  acc_5: 0.5153  acc_2: 0.8426  F1_score: 0.8430  Corr: 0.7702  MAE: 0.8226  Loss: 0.7723 
2026-09-03 02:48:50,941 - MMSA [INFO] - TEST-(DLF) >>  acc_7: 0.4111  acc_5: 0.4898  acc_2: 0.8293  F1_score: 0.8296  Corr: 0.7664  MAE: 0.8221  Loss: 0.8177 
2026-09-03 02:49:14,524 - MMSA [INFO] - >> Epoch: 58 TRAIN -(DLF) [9/58/1] >> total_loss: 2.2445  acc_7: 0.6308  acc_5: 0.6861  acc_2: 0.9610  F1_score: 0.9610  Corr: 0.9404  MAE: 0.3925 
2026-09-03 02:49:15,950 - MMSA [INFO] - VAL-(DLF) >>  acc_7: 0.3755  acc_5: 0.4978  acc_2: 0.8426  F1_score: 0.8430  Corr: 0.7690  MAE: 0.8268  Loss: 0.7752 
2026-09-03 02:49:19,284 - MMSA [INFO] - TEST-(DLF) >>  acc_7: 0.4140  acc_5: 0.4913  acc_2: 0.8293  F1_score: 0.8291  Corr: 0.7676  MAE: 0.8098  Loss: 0.8052 
2026-09-03 02:49:43,139 - MMSA [INFO] - >> Epoch: 59 TRAIN -(DLF) [10/59/1] >> total_loss: 2.293  acc_7: 0.6394  acc_5: 0.6916  acc_2: 0.9634  F1_score: 0.9635  Corr: 0.9358  MAE: 0.3954 
2026-09-03 02:49:44,635 - MMSA [INFO] - VAL-(DLF) >>  acc_7: 0.3624  acc_5: 0.4803  acc_2: 0.8380  F1_score: 0.8387  Corr: 0.7659  MAE: 0.8379  Loss: 0.7844 
2026-09-03 02:49:47,998 - MMSA [INFO] - TEST-(DLF) >>  acc_7: 0.4286  acc_5: 0.5058  acc_2: 0.8293  F1_score: 0.8281  Corr: 0.7692  MAE: 0.7859  Loss: 0.7806 
2026-09-03 02:50:12,365 - MMSA [INFO] - >> Epoch: 60 TRAIN -(DLF) [11/60/1] >> total_loss: 2.2521  acc_7: 0.6386  acc_5: 0.6916  acc_2: 0.9513  F1_score: 0.9513  Corr: 0.9385  MAE: 0.3907 
2026-09-03 02:50:14,042 - MMSA [INFO] - VAL-(DLF) >>  acc_7: 0.3624  acc_5: 0.4803  acc_2: 0.8287  F1_score: 0.8296  Corr: 0.7639  MAE: 0.8444  Loss: 0.7905 
2026-09-03 02:50:17,889 - MMSA [INFO] - TEST-(DLF) >>  acc_7: 0.4315  acc_5: 0.5087  acc_2: 0.8338  F1_score: 0.8324  Corr: 0.7687  MAE: 0.7831  Loss: 0.7778 
2026-09-03 02:50:42,204 - MMSA [INFO] - >> Epoch: 61 TRAIN -(DLF) [12/61/1] >> total_loss: 2.2557  acc_7: 0.6207  acc_5: 0.6729  acc_2: 0.9431  F1_score: 0.9433  Corr: 0.9365  MAE: 0.4058 
2026-09-03 02:50:43,693 - MMSA [INFO] - VAL-(DLF) >>  acc_7: 0.3755  acc_5: 0.4934  acc_2: 0.8426  F1_score: 0.8432  Corr: 0.7655  MAE: 0.8370  Loss: 0.7849 
2026-09-03 02:50:48,106 - MMSA [INFO] - TEST-(DLF) >>  acc_7: 0.4227  acc_5: 0.4985  acc_2: 0.8323  F1_score: 0.8314  Corr: 0.7683  MAE: 0.7898  Loss: 0.7848 
2026-09-03 02:51:13,657 - MMSA [INFO] - >> Epoch: 62 TRAIN -(DLF) [13/62/1] >> total_loss: 2.2092  acc_7: 0.6379  acc_5: 0.6885  acc_2: 0.9496  F1_score: 0.9497  Corr: 0.9387  MAE: 0.3910 
2026-09-03 02:51:15,044 - MMSA [INFO] - VAL-(DLF) >>  acc_7: 0.3843  acc_5: 0.5022  acc_2: 0.8380  F1_score: 0.8384  Corr: 0.7686  MAE: 0.8203  Loss: 0.7715 
2026-09-03 02:51:18,388 - MMSA [INFO] - TEST-(DLF) >>  acc_7: 0.4140  acc_5: 0.4898  acc_2: 0.8323  F1_score: 0.8321  Corr: 0.7680  MAE: 0.8013  Loss: 0.7966 
2026-09-03 02:51:42,109 - MMSA [INFO] - >> Epoch: 63 TRAIN -(DLF) [14/63/1] >> total_loss: 2.245  acc_7: 0.6386  acc_5: 0.6877  acc_2: 0.9569  F1_score: 0.9570  Corr: 0.9404  MAE: 0.3845 
2026-09-03 02:51:43,559 - MMSA [INFO] - VAL-(DLF) >>  acc_7: 0.4105  acc_5: 0.5240  acc_2: 0.8426  F1_score: 0.8430  Corr: 0.7712  MAE: 0.8076  Loss: 0.7621 
2026-09-03 02:51:46,959 - MMSA [INFO] - TEST-(DLF) >>  acc_7: 0.4096  acc_5: 0.4854  acc_2: 0.8262  F1_score: 0.8267  Corr: 0.7673  MAE: 0.8162  Loss: 0.8120 
2026-09-03 02:52:10,669 - MMSA [INFO] - >> Epoch: 64 TRAIN -(DLF) [15/64/1] >> total_loss: 2.225  acc_7: 0.6308  acc_5: 0.6822  acc_2: 0.9529  F1_score: 0.9528  Corr: 0.9397  MAE: 0.3871 
2026-09-03 02:52:11,994 - MMSA [INFO] - VAL-(DLF) >>  acc_7: 0.4061  acc_5: 0.5197  acc_2: 0.8426  F1_score: 0.8430  Corr: 0.7712  MAE: 0.8083  Loss: 0.7625 
2026-09-03 02:52:15,560 - MMSA [INFO] - TEST-(DLF) >>  acc_7: 0.4096  acc_5: 0.4854  acc_2: 0.8277  F1_score: 0.8282  Corr: 0.7677  MAE: 0.8137  Loss: 0.8094 
2026-09-03 02:52:39,241 - MMSA [INFO] - >> Epoch: 65 TRAIN -(DLF) [16/65/1] >> total_loss: 2.2121  acc_7: 0.6464  acc_5: 0.6978  acc_2: 0.9569  F1_score: 0.9569  Corr: 0.9402  MAE: 0.3791 
2026-09-03 02:52:40,634 - MMSA [INFO] - VAL-(DLF) >>  acc_7: 0.3930  acc_5: 0.5109  acc_2: 0.8426  F1_score: 0.8430  Corr: 0.7704  MAE: 0.8113  Loss: 0.7643 
2026-09-03 02:52:44,337 - MMSA [INFO] - TEST-(DLF) >>  acc_7: 0.4140  acc_5: 0.4898  acc_2: 0.8323  F1_score: 0.8324  Corr: 0.7685  MAE: 0.8028  Loss: 0.7983 
2026-09-03 02:53:07,935 - MMSA [INFO] - >> Epoch: 66 TRAIN -(DLF) [17/66/1] >> total_loss: 2.2019  acc_7: 0.6449  acc_5: 0.6970  acc_2: 0.9618  F1_score: 0.9619  Corr: 0.9424  MAE: 0.3764 
2026-09-03 02:53:09,367 - MMSA [INFO] - VAL-(DLF) >>  acc_7: 0.3843  acc_5: 0.5022  acc_2: 0.8426  F1_score: 0.8431  Corr: 0.7689  MAE: 0.8191  Loss: 0.7701 
2026-09-03 02:53:12,950 - MMSA [INFO] - TEST-(DLF) >>  acc_7: 0.4184  acc_5: 0.4942  acc_2: 0.8308  F1_score: 0.8305  Corr: 0.7692  MAE: 0.7922  Loss: 0.7873 
2026-09-03 02:53:37,020 - MMSA [INFO] - >> Epoch: 67 TRAIN -(DLF) [18/67/1] >> total_loss: 2.2104  acc_7: 0.6558  acc_5: 0.7056  acc_2: 0.9537  F1_score: 0.9537  Corr: 0.9400  MAE: 0.3789 
2026-09-03 02:53:38,500 - MMSA [INFO] - VAL-(DLF) >>  acc_7: 0.3799  acc_5: 0.4978  acc_2: 0.8380  F1_score: 0.8386  Corr: 0.7685  MAE: 0.8225  Loss: 0.7723 
2026-09-03 02:53:42,026 - MMSA [INFO] - TEST-(DLF) >>  acc_7: 0.4184  acc_5: 0.4956  acc_2: 0.8262  F1_score: 0.8256  Corr: 0.7692  MAE: 0.7898  Loss: 0.7848 
2026-09-03 02:54:06,120 - MMSA [INFO] - >> Epoch: 68 TRAIN -(DLF) [19/68/1] >> total_loss: 2.2018  acc_7: 0.6511  acc_5: 0.7017  acc_2: 0.9651  F1_score: 0.9651  Corr: 0.9415  MAE: 0.3770 
2026-09-03 02:54:07,425 - MMSA [INFO] - VAL-(DLF) >>  acc_7: 0.3843  acc_5: 0.5022  acc_2: 0.8380  F1_score: 0.8386  Corr: 0.7686  MAE: 0.8225  Loss: 0.7722 
2026-09-03 02:54:10,606 - MMSA [INFO] - TEST-(DLF) >>  acc_7: 0.4184  acc_5: 0.4956  acc_2: 0.8277  F1_score: 0.8272  Corr: 0.7690  MAE: 0.7913  Loss: 0.7863 
2026-09-03 02:54:33,141 - MMSA [INFO] - >> Epoch: 69 TRAIN -(DLF) [20/69/1] >> total_loss: 2.2019  acc_7: 0.6355  acc_5: 0.6846  acc_2: 0.9496  F1_score: 0.9497  Corr: 0.9398  MAE: 0.3813 
2026-09-03 02:54:34,799 - MMSA [INFO] - VAL-(DLF) >>  acc_7: 0.3799  acc_5: 0.4978  acc_2: 0.8380  F1_score: 0.8386  Corr: 0.7687  MAE: 0.8224  Loss: 0.7720 
2026-09-03 02:54:38,424 - MMSA [INFO] - TEST-(DLF) >>  acc_7: 0.4198  acc_5: 0.4971  acc_2: 0.8277  F1_score: 0.8273  Corr: 0.7688  MAE: 0.7924  Loss: 0.7874 
2026-09-03 02:54:42,614 - MMSA [INFO] - TEST-(DLF) >>  acc_7: 0.3819  acc_5: 0.4577  acc_2: 0.8216  F1_score: 0.8226  Corr: 0.7542  MAE: 0.8519  Loss: 0.8473 
2026-09-03 02:54:44,345 - MMSA [INFO] - Results saved to result/normal/mosi_serial_ccdr.csv.
2026-09-03 02:55:25,176 - MMSA [INFO] - Using device: cuda:0
2026-09-03 02:55:25,177 - MMSA [INFO] - Architecture: serial_ccdr, use_ccdr=True
2026-09-03 02:55:25,501 - MMSA [INFO] - train samples: (1284,)
2026-09-03 02:55:25,837 - MMSA [INFO] - valid samples: (229,)
2026-09-03 02:55:26,167 - MMSA [INFO] - test samples: (686,)
2026-09-03 02:55:31,583 - MMSA [INFO] - Optimizer: AdamW, bert_lr=2e-05, other_lr=0.0001, weight_decay=0.005
2026-09-03 02:56:29,825 - MMSA [INFO] - >> Epoch: 1 TRAIN -(DLF) [1/1/1] >> total_loss: 4.8502  acc_7: 0.2079  acc_5: 0.2079  acc_2: 0.5898  F1_score: 0.5300  Corr: 0.2766  MAE: 1.2719 
2026-09-03 02:56:34,311 - MMSA [INFO] - VAL-(DLF) >>  acc_7: 0.2576  acc_5: 0.2576  acc_2: 0.7130  F1_score: 0.6930  Corr: 0.5579  MAE: 1.2106  Loss: 1.2192 
2026-09-03 02:56:46,703 - MMSA [INFO] - TEST-(DLF) >>  acc_7: 0.2085  acc_5: 0.2085  acc_2: 0.6372  F1_score: 0.6273  Corr: 0.5616  MAE: 1.2707  Loss: 1.2687 
2026-09-03 02:57:45,279 - MMSA [INFO] - >> Epoch: 2 TRAIN -(DLF) [1/2/1] >> total_loss: 4.0647  acc_7: 0.2874  acc_5: 0.2944  acc_2: 0.7896  F1_score: 0.7887  Corr: 0.6581  MAE: 0.9560 
2026-09-03 02:57:49,216 - MMSA [INFO] - VAL-(DLF) >>  acc_7: 0.3188  acc_5: 0.3930  acc_2: 0.8287  F1_score: 0.8296  Corr: 0.6976  MAE: 0.9406  Loss: 0.9379 
2026-09-03 02:58:01,029 - MMSA [INFO] - TEST-(DLF) >>  acc_7: 0.3440  acc_5: 0.3659  acc_2: 0.8323  F1_score: 0.8297  Corr: 0.7064  MAE: 0.8927  Loss: 0.8921 
2026-09-03 02:58:59,409 - MMSA [INFO] - >> Epoch: 3 TRAIN -(DLF) [1/3/1] >> total_loss: 3.499  acc_7: 0.4120  acc_5: 0.4346  acc_2: 0.8587  F1_score: 0.8590  Corr: 0.7823  MAE: 0.7285 
2026-09-03 02:59:03,701 - MMSA [INFO] - VAL-(DLF) >>  acc_7: 0.3537  acc_5: 0.4367  acc_2: 0.8519  F1_score: 0.8522  Corr: 0.7449  MAE: 0.8456  Loss: 0.8418 
2026-09-03 02:59:15,848 - MMSA [INFO] - TEST-(DLF) >>  acc_7: 0.3513  acc_5: 0.3819  acc_2: 0.8079  F1_score: 0.8088  Corr: 0.7433  MAE: 0.8929  Loss: 0.8928 
2026-09-03 03:00:15,024 - MMSA [INFO] - >> Epoch: 4 TRAIN -(DLF) [1/4/1] >> total_loss: 3.1391  acc_7: 0.4759  acc_5: 0.5086  acc_2: 0.8928  F1_score: 0.8931  Corr: 0.8416  MAE: 0.6291 
2026-09-03 03:00:19,524 - MMSA [INFO] - VAL-(DLF) >>  acc_7: 0.3537  acc_5: 0.4454  acc_2: 0.8194  F1_score: 0.8204  Corr: 0.7420  MAE: 0.8682  Loss: 0.8617 
2026-09-03 03:00:31,901 - MMSA [INFO] - TEST-(DLF) >>  acc_7: 0.3878  acc_5: 0.4548  acc_2: 0.8506  F1_score: 0.8488  Corr: 0.7657  MAE: 0.7860  Loss: 0.7856 
2026-09-03 03:01:31,998 - MMSA [INFO] - >> Epoch: 5 TRAIN -(DLF) [2/5/1] >> total_loss: 2.9127  acc_7: 0.4852  acc_5: 0.5187  acc_2: 0.9155  F1_score: 0.9157  Corr: 0.8734  MAE: 0.5641 
2026-09-03 03:01:36,389 - MMSA [INFO] - VAL-(DLF) >>  acc_7: 0.3755  acc_5: 0.4672  acc_2: 0.8241  F1_score: 0.8210  Corr: 0.7686  MAE: 0.8496  Loss: 0.8463 
2026-09-03 03:01:48,055 - MMSA [INFO] - TEST-(DLF) >>  acc_7: 0.3484  acc_5: 0.4067  acc_2: 0.7896  F1_score: 0.7906  Corr: 0.7478  MAE: 0.9598  Loss: 0.9600 
2026-09-03 03:02:47,261 - MMSA [INFO] - >> Epoch: 6 TRAIN -(DLF) [3/6/1] >> total_loss: 2.7491  acc_7: 0.5202  acc_5: 0.5607  acc_2: 0.9245  F1_score: 0.9246  Corr: 0.8877  MAE: 0.5275 
2026-09-03 03:02:51,845 - MMSA [INFO] - VAL-(DLF) >>  acc_7: 0.3581  acc_5: 0.4672  acc_2: 0.8287  F1_score: 0.8296  Corr: 0.7455  MAE: 0.8580  Loss: 0.8509 
2026-09-03 03:03:05,060 - MMSA [INFO] - TEST-(DLF) >>  acc_7: 0.4009  acc_5: 0.4723  acc_2: 0.8491  F1_score: 0.8468  Corr: 0.7623  MAE: 0.7902  Loss: 0.7901 
2026-09-03 03:04:02,530 - MMSA [INFO] - >> Epoch: 7 TRAIN -(DLF) [4/7/1] >> total_loss: 2.6197  acc_7: 0.5545  acc_5: 0.6028  acc_2: 0.9301  F1_score: 0.9302  Corr: 0.9046  MAE: 0.4905 
2026-09-03 03:04:07,005 - MMSA [INFO] - VAL-(DLF) >>  acc_7: 0.4236  acc_5: 0.5328  acc_2: 0.8657  F1_score: 0.8661  Corr: 0.7852  MAE: 0.7604  Loss: 0.7573 
2026-09-03 03:04:19,859 - MMSA [INFO] - TEST-(DLF) >>  acc_7: 0.4198  acc_5: 0.4869  acc_2: 0.8201  F1_score: 0.8206  Corr: 0.7746  MAE: 0.7904  Loss: 0.7902 
2026-09-03 03:05:25,938 - MMSA [INFO] - >> Epoch: 8 TRAIN -(DLF) [1/8/1] >> total_loss: 2.4873  acc_7: 0.5732  acc_5: 0.6199  acc_2: 0.9448  F1_score: 0.9448  Corr: 0.9146  MAE: 0.4627 
2026-09-03 03:05:31,477 - MMSA [INFO] - VAL-(DLF) >>  acc_7: 0.4367  acc_5: 0.5502  acc_2: 0.8472  F1_score: 0.8471  Corr: 0.7836  MAE: 0.7695  Loss: 0.7664 
2026-09-03 03:05:47,088 - MMSA [INFO] - TEST-(DLF) >>  acc_7: 0.3980  acc_5: 0.4665  acc_2: 0.8125  F1_score: 0.8136  Corr: 0.7696  MAE: 0.8216  Loss: 0.8218 
2026-09-03 03:06:51,799 - MMSA [INFO] - >> Epoch: 9 TRAIN -(DLF) [2/9/1] >> total_loss: 2.3391  acc_7: 0.6192  acc_5: 0.6745  acc_2: 0.9464  F1_score: 0.9464  Corr: 0.9298  MAE: 0.4174 
2026-09-03 03:06:56,267 - MMSA [INFO] - VAL-(DLF) >>  acc_7: 0.3886  acc_5: 0.5022  acc_2: 0.8472  F1_score: 0.8478  Corr: 0.7758  MAE: 0.7966  Loss: 0.7909 
2026-09-03 03:07:10,286 - MMSA [INFO] - TEST-(DLF) >>  acc_7: 0.4388  acc_5: 0.5117  acc_2: 0.8354  F1_score: 0.8345  Corr: 0.7778  MAE: 0.7646  Loss: 0.7646 
2026-09-03 03:08:12,739 - MMSA [INFO] - >> Epoch: 10 TRAIN -(DLF) [3/10/1] >> total_loss: 2.2479  acc_7: 0.6417  acc_5: 0.6955  acc_2: 0.9448  F1_score: 0.9448  Corr: 0.9361  MAE: 0.3967 
2026-09-03 03:08:17,179 - MMSA [INFO] - VAL-(DLF) >>  acc_7: 0.3537  acc_5: 0.4629  acc_2: 0.8287  F1_score: 0.8296  Corr: 0.7538  MAE: 0.8790  Loss: 0.8720 
2026-09-03 03:08:31,542 - MMSA [INFO] - TEST-(DLF) >>  acc_7: 0.4344  acc_5: 0.5117  acc_2: 0.8354  F1_score: 0.8304  Corr: 0.7680  MAE: 0.7798  Loss: 0.7797 
2026-09-03 03:09:31,657 - MMSA [INFO] - >> Epoch: 11 TRAIN -(DLF) [4/11/1] >> total_loss: 2.3023  acc_7: 0.5763  acc_5: 0.6285  acc_2: 0.9293  F1_score: 0.9294  Corr: 0.9252  MAE: 0.4454 
2026-09-03 03:09:36,586 - MMSA [INFO] - VAL-(DLF) >>  acc_7: 0.4410  acc_5: 0.5590  acc_2: 0.8333  F1_score: 0.8333  Corr: 0.7842  MAE: 0.7694  Loss: 0.7631 
2026-09-03 03:09:49,181 - MMSA [INFO] - TEST-(DLF) >>  acc_7: 0.4140  acc_5: 0.4854  acc_2: 0.8201  F1_score: 0.8211  Corr: 0.7709  MAE: 0.8075  Loss: 0.8077 
2026-09-03 03:10:49,312 - MMSA [INFO] - >> Epoch: 12 TRAIN -(DLF) [5/12/1] >> total_loss: 2.1255  acc_7: 0.6550  acc_5: 0.7040  acc_2: 0.9529  F1_score: 0.9529  Corr: 0.9465  MAE: 0.3668 
2026-09-03 04:29:56,986 - MMSA [INFO] - VAL-(DLF) >>  acc_7: 0.4061  acc_5: 0.5328  acc_2: 0.8519  F1_score: 0.8524  Corr: 0.7811  MAE: 0.7819  Loss: 0.7758 
2026-09-03 04:30:08,939 - MMSA [INFO] - TEST-(DLF) >>  acc_7: 0.4373  acc_5: 0.5131  acc_2: 0.8384  F1_score: 0.8384  Corr: 0.7778  MAE: 0.7740  Loss: 0.7742 
2026-09-03 04:31:08,815 - MMSA [INFO] - >> Epoch: 13 TRAIN -(DLF) [6/13/1] >> total_loss: 2.0648  acc_7: 0.6526  acc_5: 0.7118  acc_2: 0.9553  F1_score: 0.9554  Corr: 0.9509  MAE: 0.3549 
2026-09-03 04:31:13,272 - MMSA [INFO] - VAL-(DLF) >>  acc_7: 0.4236  acc_5: 0.5415  acc_2: 0.8472  F1_score: 0.8475  Corr: 0.7803  MAE: 0.7840  Loss: 0.7781 
2026-09-03 04:31:25,587 - MMSA [INFO] - TEST-(DLF) >>  acc_7: 0.4475  acc_5: 0.5248  acc_2: 0.8277  F1_score: 0.8279  Corr: 0.7777  MAE: 0.7700  Loss: 0.7703 
2026-09-03 04:32:24,048 - MMSA [INFO] - >> Epoch: 14 TRAIN -(DLF) [7/14/1] >> total_loss: 2.0149  acc_7: 0.6978  acc_5: 0.7531  acc_2: 0.9634  F1_score: 0.9634  Corr: 0.9563  MAE: 0.3352 
2026-09-03 04:32:28,302 - MMSA [INFO] - VAL-(DLF) >>  acc_7: 0.4192  acc_5: 0.5371  acc_2: 0.8472  F1_score: 0.8475  Corr: 0.7804  MAE: 0.7902  Loss: 0.7850 
2026-09-03 04:32:39,675 - MMSA [INFO] - TEST-(DLF) >>  acc_7: 0.4271  acc_5: 0.5087  acc_2: 0.8323  F1_score: 0.8329  Corr: 0.7814  MAE: 0.7789  Loss: 0.7793 
2026-09-03 04:33:37,836 - MMSA [INFO] - >> Epoch: 15 TRAIN -(DLF) [8/15/1] >> total_loss: 1.9967  acc_7: 0.6791  acc_5: 0.7461  acc_2: 0.9643  F1_score: 0.9643  Corr: 0.9567  MAE: 0.3323 
2026-09-03 04:33:42,437 - MMSA [INFO] - VAL-(DLF) >>  acc_7: 0.3930  acc_5: 0.5066  acc_2: 0.8519  F1_score: 0.8524  Corr: 0.7773  MAE: 0.7929  Loss: 0.7873 
2026-09-03 04:33:54,342 - MMSA [INFO] - TEST-(DLF) >>  acc_7: 0.4329  acc_5: 0.5160  acc_2: 0.8384  F1_score: 0.8384  Corr: 0.7819  MAE: 0.7594  Loss: 0.7596 
2026-09-03 04:34:53,195 - MMSA [INFO] - >> Epoch: 16 TRAIN -(DLF) [9/16/1] >> total_loss: 1.9542  acc_7: 0.6994  acc_5: 0.7625  acc_2: 0.9667  F1_score: 0.9667  Corr: 0.9592  MAE: 0.3218 
2026-09-03 04:34:58,199 - MMSA [INFO] - VAL-(DLF) >>  acc_7: 0.4236  acc_5: 0.5328  acc_2: 0.8519  F1_score: 0.8525  Corr: 0.7836  MAE: 0.7724  Loss: 0.7660 
2026-09-03 04:35:09,500 - MMSA [INFO] - TEST-(DLF) >>  acc_7: 0.4461  acc_5: 0.5262  acc_2: 0.8399  F1_score: 0.8395  Corr: 0.7829  MAE: 0.7451  Loss: 0.7452 
2026-09-03 04:36:09,288 - MMSA [INFO] - >> Epoch: 17 TRAIN -(DLF) [10/17/1] >> total_loss: 1.9473  acc_7: 0.7002  acc_5: 0.7570  acc_2: 0.9691  F1_score: 0.9691  Corr: 0.9604  MAE: 0.3201 
2026-09-03 04:36:13,871 - MMSA [INFO] - VAL-(DLF) >>  acc_7: 0.4410  acc_5: 0.5371  acc_2: 0.8472  F1_score: 0.8477  Corr: 0.7856  MAE: 0.7546  Loss: 0.7491 
2026-09-03 04:36:26,034 - MMSA [INFO] - TEST-(DLF) >>  acc_7: 0.4402  acc_5: 0.5117  acc_2: 0.8369  F1_score: 0.8371  Corr: 0.7821  MAE: 0.7553  Loss: 0.7556 
2026-09-03 04:37:24,863 - MMSA [INFO] - >> Epoch: 18 TRAIN -(DLF) [1/18/1] >> total_loss: 1.8892  acc_7: 0.7243  acc_5: 0.7757  acc_2: 0.9691  F1_score: 0.9691  Corr: 0.9660  MAE: 0.2920 
2026-09-03 04:37:29,478 - MMSA [INFO] - VAL-(DLF) >>  acc_7: 0.4541  acc_5: 0.5502  acc_2: 0.8426  F1_score: 0.8428  Corr: 0.7891  MAE: 0.7446  Loss: 0.7397 
2026-09-03 04:37:41,337 - MMSA [INFO] - TEST-(DLF) >>  acc_7: 0.4417  acc_5: 0.5117  acc_2: 0.8262  F1_score: 0.8268  Corr: 0.7836  MAE: 0.7634  Loss: 0.7636 
2026-09-03 04:38:40,222 - MMSA [INFO] - >> Epoch: 19 TRAIN -(DLF) [1/19/1] >> total_loss: 1.8922  acc_7: 0.7181  acc_5: 0.7726  acc_2: 0.9610  F1_score: 0.9610  Corr: 0.9655  MAE: 0.2996 
2026-09-03 04:38:44,606 - MMSA [INFO] - VAL-(DLF) >>  acc_7: 0.4410  acc_5: 0.5371  acc_2: 0.8519  F1_score: 0.8522  Corr: 0.7859  MAE: 0.7563  Loss: 0.7506 
2026-09-03 04:38:57,288 - MMSA [INFO] - TEST-(DLF) >>  acc_7: 0.4461  acc_5: 0.5190  acc_2: 0.8415  F1_score: 0.8417  Corr: 0.7833  MAE: 0.7506  Loss: 0.7506 
2026-09-03 04:39:53,443 - MMSA [INFO] - >> Epoch: 20 TRAIN -(DLF) [2/20/1] >> total_loss: 1.8891  acc_7: 0.7025  acc_5: 0.7640  acc_2: 0.9651  F1_score: 0.9651  Corr: 0.9658  MAE: 0.2999 
2026-09-03 04:39:57,610 - MMSA [INFO] - VAL-(DLF) >>  acc_7: 0.4105  acc_5: 0.5153  acc_2: 0.8472  F1_score: 0.8477  Corr: 0.7846  MAE: 0.7714  Loss: 0.7650 
2026-09-03 04:40:10,704 - MMSA [INFO] - TEST-(DLF) >>  acc_7: 0.4475  acc_5: 0.5292  acc_2: 0.8354  F1_score: 0.8352  Corr: 0.7857  MAE: 0.7445  Loss: 0.7445 
2026-09-03 04:41:11,972 - MMSA [INFO] - >> Epoch: 21 TRAIN -(DLF) [3/21/1] >> total_loss: 1.8614  acc_7: 0.7095  acc_5: 0.7741  acc_2: 0.9643  F1_score: 0.9642  Corr: 0.9650  MAE: 0.2933 
2026-09-03 04:41:16,155 - MMSA [INFO] - VAL-(DLF) >>  acc_7: 0.4410  acc_5: 0.5502  acc_2: 0.8426  F1_score: 0.8430  Corr: 0.7888  MAE: 0.7566  Loss: 0.7510 
2026-09-03 04:41:27,384 - MMSA [INFO] - TEST-(DLF) >>  acc_7: 0.4534  acc_5: 0.5292  acc_2: 0.8338  F1_score: 0.8340  Corr: 0.7812  MAE: 0.7544  Loss: 0.7545 
2026-09-03 04:42:25,289 - MMSA [INFO] - >> Epoch: 22 TRAIN -(DLF) [4/22/1] >> total_loss: 1.8325  acc_7: 0.7157  acc_5: 0.7882  acc_2: 0.9699  F1_score: 0.9700  Corr: 0.9702  MAE: 0.2750 
2026-09-03 04:42:29,955 - MMSA [INFO] - VAL-(DLF) >>  acc_7: 0.4192  acc_5: 0.5328  acc_2: 0.8426  F1_score: 0.8428  Corr: 0.7887  MAE: 0.7445  Loss: 0.7400 
2026-09-03 04:42:42,134 - MMSA [INFO] - TEST-(DLF) >>  acc_7: 0.4402  acc_5: 0.5073  acc_2: 0.8262  F1_score: 0.8267  Corr: 0.7811  MAE: 0.7629  Loss: 0.7631 
2026-09-03 04:43:39,000 - MMSA [INFO] - >> Epoch: 23 TRAIN -(DLF) [5/23/1] >> total_loss: 1.8331  acc_7: 0.7422  acc_5: 0.7897  acc_2: 0.9732  F1_score: 0.9732  Corr: 0.9703  MAE: 0.2790 
2026-09-03 04:43:43,361 - MMSA [INFO] - VAL-(DLF) >>  acc_7: 0.4279  acc_5: 0.5284  acc_2: 0.8426  F1_score: 0.8430  Corr: 0.7901  MAE: 0.7506  Loss: 0.7456 
2026-09-03 04:43:55,423 - MMSA [INFO] - TEST-(DLF) >>  acc_7: 0.4490  acc_5: 0.5160  acc_2: 0.8399  F1_score: 0.8398  Corr: 0.7845  MAE: 0.7453  Loss: 0.7453 
2026-09-03 04:44:53,129 - MMSA [INFO] - >> Epoch: 24 TRAIN -(DLF) [6/24/1] >> total_loss: 1.8193  acc_7: 0.7079  acc_5: 0.7687  acc_2: 0.9748  F1_score: 0.9748  Corr: 0.9695  MAE: 0.2818 
2026-09-03 04:44:57,239 - MMSA [INFO] - VAL-(DLF) >>  acc_7: 0.4367  acc_5: 0.5328  acc_2: 0.8472  F1_score: 0.8478  Corr: 0.7879  MAE: 0.7682  Loss: 0.7619 
2026-09-03 04:45:09,875 - MMSA [INFO] - TEST-(DLF) >>  acc_7: 0.4577  acc_5: 0.5335  acc_2: 0.8415  F1_score: 0.8409  Corr: 0.7847  MAE: 0.7403  Loss: 0.7401 
2026-09-03 04:46:08,558 - MMSA [INFO] - >> Epoch: 25 TRAIN -(DLF) [7/25/1] >> total_loss: 1.7903  acc_7: 0.7368  acc_5: 0.7905  acc_2: 0.9773  F1_score: 0.9773  Corr: 0.9721  MAE: 0.2714 
2026-09-03 04:46:12,677 - MMSA [INFO] - VAL-(DLF) >>  acc_7: 0.4323  acc_5: 0.5328  acc_2: 0.8472  F1_score: 0.8478  Corr: 0.7891  MAE: 0.7523  Loss: 0.7467 
2026-09-03 04:46:24,354 - MMSA [INFO] - TEST-(DLF) >>  acc_7: 0.4577  acc_5: 0.5306  acc_2: 0.8369  F1_score: 0.8365  Corr: 0.7824  MAE: 0.7395  Loss: 0.7394 
2026-09-03 04:47:22,315 - MMSA [INFO] - >> Epoch: 26 TRAIN -(DLF) [8/26/1] >> total_loss: 1.7741  acc_7: 0.7399  acc_5: 0.7991  acc_2: 0.9699  F1_score: 0.9700  Corr: 0.9727  MAE: 0.2654 
2026-09-03 04:47:27,256 - MMSA [INFO] - VAL-(DLF) >>  acc_7: 0.4236  acc_5: 0.5328  acc_2: 0.8472  F1_score: 0.8477  Corr: 0.7909  MAE: 0.7463  Loss: 0.7411 
2026-09-03 04:47:39,539 - MMSA [INFO] - TEST-(DLF) >>  acc_7: 0.4475  acc_5: 0.5204  acc_2: 0.8338  F1_score: 0.8340  Corr: 0.7794  MAE: 0.7532  Loss: 0.7533 
2026-09-03 04:48:37,844 - MMSA [INFO] - >> Epoch: 27 TRAIN -(DLF) [9/27/1] >> total_loss: 1.7648  acc_7: 0.7344  acc_5: 0.7967  acc_2: 0.9748  F1_score: 0.9748  Corr: 0.9728  MAE: 0.2601 
2026-09-03 04:48:42,426 - MMSA [INFO] - VAL-(DLF) >>  acc_7: 0.4410  acc_5: 0.5502  acc_2: 0.8519  F1_score: 0.8520  Corr: 0.7953  MAE: 0.7385  Loss: 0.7338 
2026-09-03 04:48:54,313 - MMSA [INFO] - TEST-(DLF) >>  acc_7: 0.4373  acc_5: 0.5117  acc_2: 0.8262  F1_score: 0.8268  Corr: 0.7802  MAE: 0.7645  Loss: 0.7646 
2026-09-03 04:49:54,516 - MMSA [INFO] - >> Epoch: 28 TRAIN -(DLF) [1/28/1] >> total_loss: 1.774  acc_7: 0.7523  acc_5: 0.8139  acc_2: 0.9659  F1_score: 0.9659  Corr: 0.9729  MAE: 0.2646 
2026-09-03 04:49:58,735 - MMSA [INFO] - VAL-(DLF) >>  acc_7: 0.4279  acc_5: 0.5371  acc_2: 0.8380  F1_score: 0.8384  Corr: 0.7918  MAE: 0.7504  Loss: 0.7451 
2026-09-03 04:50:10,635 - MMSA [INFO] - TEST-(DLF) >>  acc_7: 0.4446  acc_5: 0.5219  acc_2: 0.8354  F1_score: 0.8350  Corr: 0.7814  MAE: 0.7495  Loss: 0.7495 
2026-09-03 04:51:12,319 - MMSA [INFO] - >> Epoch: 29 TRAIN -(DLF) [2/29/1] >> total_loss: 1.7487  acc_7: 0.7586  acc_5: 0.8115  acc_2: 0.9789  F1_score: 0.9789  Corr: 0.9741  MAE: 0.2583 
2026-09-03 04:51:16,563 - MMSA [INFO] - VAL-(DLF) >>  acc_7: 0.4323  acc_5: 0.5328  acc_2: 0.8380  F1_score: 0.8384  Corr: 0.7927  MAE: 0.7438  Loss: 0.7385 
2026-09-03 04:51:27,806 - MMSA [INFO] - TEST-(DLF) >>  acc_7: 0.4461  acc_5: 0.5248  acc_2: 0.8354  F1_score: 0.8350  Corr: 0.7819  MAE: 0.7429  Loss: 0.7429 
2026-09-03 04:52:25,914 - MMSA [INFO] - >> Epoch: 30 TRAIN -(DLF) [3/30/1] >> total_loss: 1.7473  acc_7: 0.7336  acc_5: 0.7975  acc_2: 0.9756  F1_score: 0.9756  Corr: 0.9731  MAE: 0.2610 
2026-09-03 04:52:30,319 - MMSA [INFO] - VAL-(DLF) >>  acc_7: 0.4279  acc_5: 0.5328  acc_2: 0.8472  F1_score: 0.8475  Corr: 0.7921  MAE: 0.7492  Loss: 0.7436 
2026-09-03 04:52:42,140 - MMSA [INFO] - TEST-(DLF) >>  acc_7: 0.4359  acc_5: 0.5160  acc_2: 0.8308  F1_score: 0.8311  Corr: 0.7810  MAE: 0.7556  Loss: 0.7556 
2026-09-03 04:53:40,302 - MMSA [INFO] - >> Epoch: 31 TRAIN -(DLF) [4/31/1] >> total_loss: 1.7277  acc_7: 0.7547  acc_5: 0.8076  acc_2: 0.9781  F1_score: 0.9781  Corr: 0.9755  MAE: 0.2520 
2026-09-03 04:53:44,798 - MMSA [INFO] - VAL-(DLF) >>  acc_7: 0.4323  acc_5: 0.5284  acc_2: 0.8519  F1_score: 0.8524  Corr: 0.7913  MAE: 0.7511  Loss: 0.7451 
2026-09-03 04:53:56,613 - MMSA [INFO] - TEST-(DLF) >>  acc_7: 0.4548  acc_5: 0.5292  acc_2: 0.8338  F1_score: 0.8332  Corr: 0.7830  MAE: 0.7384  Loss: 0.7383 
2026-09-03 04:54:54,540 - MMSA [INFO] - >> Epoch: 32 TRAIN -(DLF) [5/32/1] >> total_loss: 1.754  acc_7: 0.7181  acc_5: 0.7812  acc_2: 0.9716  F1_score: 0.9716  Corr: 0.9738  MAE: 0.2638 
2026-09-03 04:54:59,171 - MMSA [INFO] - VAL-(DLF) >>  acc_7: 0.4367  acc_5: 0.5459  acc_2: 0.8565  F1_score: 0.8568  Corr: 0.7928  MAE: 0.7445  Loss: 0.7393 
2026-09-03 04:55:11,589 - MMSA [INFO] - TEST-(DLF) >>  acc_7: 0.4504  acc_5: 0.5277  acc_2: 0.8399  F1_score: 0.8402  Corr: 0.7813  MAE: 0.7542  Loss: 0.7541 
2026-09-03 04:56:11,154 - MMSA [INFO] - >> Epoch: 33 TRAIN -(DLF) [6/33/1] >> total_loss: 1.7385  acc_7: 0.7399  acc_5: 0.7975  acc_2: 0.9829  F1_score: 0.9829  Corr: 0.9764  MAE: 0.2491 
2026-09-03 04:56:16,256 - MMSA [INFO] - VAL-(DLF) >>  acc_7: 0.4279  acc_5: 0.5284  acc_2: 0.8519  F1_score: 0.8524  Corr: 0.7896  MAE: 0.7520  Loss: 0.7460 
2026-09-03 04:56:28,098 - MMSA [INFO] - TEST-(DLF) >>  acc_7: 0.4475  acc_5: 0.5175  acc_2: 0.8384  F1_score: 0.8383  Corr: 0.7808  MAE: 0.7460  Loss: 0.7459 
2026-09-03 04:57:27,223 - MMSA [INFO] - >> Epoch: 34 TRAIN -(DLF) [7/34/1] >> total_loss: 1.7107  acc_7: 0.7508  acc_5: 0.8146  acc_2: 0.9846  F1_score: 0.9846  Corr: 0.9777  MAE: 0.2394 
2026-09-03 04:57:31,529 - MMSA [INFO] - VAL-(DLF) >>  acc_7: 0.4192  acc_5: 0.5197  acc_2: 0.8565  F1_score: 0.8569  Corr: 0.7915  MAE: 0.7436  Loss: 0.7386 
2026-09-03 04:57:43,038 - MMSA [INFO] - TEST-(DLF) >>  acc_7: 0.4431  acc_5: 0.5190  acc_2: 0.8308  F1_score: 0.8313  Corr: 0.7813  MAE: 0.7539  Loss: 0.7539 
2026-09-03 04:58:41,904 - MMSA [INFO] - >> Epoch: 35 TRAIN -(DLF) [8/35/1] >> total_loss: 1.7014  acc_7: 0.7609  acc_5: 0.8232  acc_2: 0.9838  F1_score: 0.9838  Corr: 0.9782  MAE: 0.2434 
2026-09-03 04:58:46,368 - MMSA [INFO] - VAL-(DLF) >>  acc_7: 0.4148  acc_5: 0.5197  acc_2: 0.8519  F1_score: 0.8522  Corr: 0.7907  MAE: 0.7513  Loss: 0.7465 
2026-09-03 04:58:59,120 - MMSA [INFO] - TEST-(DLF) >>  acc_7: 0.4388  acc_5: 0.5160  acc_2: 0.8277  F1_score: 0.8283  Corr: 0.7810  MAE: 0.7613  Loss: 0.7614 
2026-09-03 04:59:56,618 - MMSA [INFO] - >> Epoch: 36 TRAIN -(DLF) [9/36/1] >> total_loss: 1.72  acc_7: 0.7453  acc_5: 0.8053  acc_2: 0.9838  F1_score: 0.9837  Corr: 0.9767  MAE: 0.2515 
2026-09-03 05:00:01,824 - MMSA [INFO] - VAL-(DLF) >>  acc_7: 0.4148  acc_5: 0.5153  acc_2: 0.8472  F1_score: 0.8478  Corr: 0.7884  MAE: 0.7554  Loss: 0.7499 
2026-09-03 05:00:14,507 - MMSA [INFO] - TEST-(DLF) >>  acc_7: 0.4431  acc_5: 0.5146  acc_2: 0.8445  F1_score: 0.8435  Corr: 0.7817  MAE: 0.7379  Loss: 0.7378 
2026-09-03 05:01:20,573 - MMSA [INFO] - >> Epoch: 37 TRAIN -(DLF) [10/37/1] >> total_loss: 1.7173  acc_7: 0.7422  acc_5: 0.8045  acc_2: 0.9789  F1_score: 0.9789  Corr: 0.9762  MAE: 0.2502 
2026-09-03 05:01:24,688 - MMSA [INFO] - VAL-(DLF) >>  acc_7: 0.4061  acc_5: 0.5109  acc_2: 0.8565  F1_score: 0.8569  Corr: 0.7895  MAE: 0.7514  Loss: 0.7466 
2026-09-03 05:01:36,840 - MMSA [INFO] - TEST-(DLF) >>  acc_7: 0.4504  acc_5: 0.5277  acc_2: 0.8338  F1_score: 0.8341  Corr: 0.7799  MAE: 0.7549  Loss: 0.7550 
2026-09-03 05:02:33,211 - MMSA [INFO] - >> Epoch: 38 TRAIN -(DLF) [11/38/1] >> total_loss: 1.6883  acc_7: 0.7695  acc_5: 0.8248  acc_2: 0.9829  F1_score: 0.9830  Corr: 0.9781  MAE: 0.2398 
2026-09-03 05:02:36,719 - MMSA [INFO] - VAL-(DLF) >>  acc_7: 0.4105  acc_5: 0.5153  acc_2: 0.8565  F1_score: 0.8569  Corr: 0.7893  MAE: 0.7551  Loss: 0.7500 
2026-09-03 05:02:48,236 - MMSA [INFO] - TEST-(DLF) >>  acc_7: 0.4461  acc_5: 0.5233  acc_2: 0.8369  F1_score: 0.8371  Corr: 0.7800  MAE: 0.7552  Loss: 0.7553 
2026-09-03 05:03:46,487 - MMSA [INFO] - >> Epoch: 39 TRAIN -(DLF) [12/39/1] >> total_loss: 1.6952  acc_7: 0.7321  acc_5: 0.7921  acc_2: 0.9748  F1_score: 0.9748  Corr: 0.9778  MAE: 0.2461 
2026-09-03 05:03:50,988 - MMSA [INFO] - VAL-(DLF) >>  acc_7: 0.4192  acc_5: 0.5284  acc_2: 0.8519  F1_score: 0.8524  Corr: 0.7892  MAE: 0.7570  Loss: 0.7509 
2026-09-03 05:04:04,413 - MMSA [INFO] - TEST-(DLF) >>  acc_7: 0.4534  acc_5: 0.5233  acc_2: 0.8308  F1_score: 0.8300  Corr: 0.7809  MAE: 0.7432  Loss: 0.7430 
2026-09-03 05:05:19,506 - MMSA [INFO] - >> Epoch: 40 TRAIN -(DLF) [13/40/1] >> total_loss: 1.6818  acc_7: 0.7516  acc_5: 0.8084  acc_2: 0.9813  F1_score: 0.9813  Corr: 0.9788  MAE: 0.2383 
2026-09-03 05:05:26,978 - MMSA [INFO] - VAL-(DLF) >>  acc_7: 0.4061  acc_5: 0.5109  acc_2: 0.8565  F1_score: 0.8569  Corr: 0.7907  MAE: 0.7452  Loss: 0.7402 
2026-09-03 05:05:48,268 - MMSA [INFO] - TEST-(DLF) >>  acc_7: 0.4402  acc_5: 0.5190  acc_2: 0.8293  F1_score: 0.8298  Corr: 0.7803  MAE: 0.7493  Loss: 0.7493 
2026-09-03 05:07:03,192 - MMSA [INFO] - >> Epoch: 41 TRAIN -(DLF) [14/41/1] >> total_loss: 1.6829  acc_7: 0.7609  acc_5: 0.8185  acc_2: 0.9781  F1_score: 0.9781  Corr: 0.9785  MAE: 0.2354 
2026-09-03 05:07:08,795 - MMSA [INFO] - VAL-(DLF) >>  acc_7: 0.4236  acc_5: 0.5284  acc_2: 0.8565  F1_score: 0.8569  Corr: 0.7897  MAE: 0.7485  Loss: 0.7434 
2026-09-03 05:07:21,043 - MMSA [INFO] - TEST-(DLF) >>  acc_7: 0.4373  acc_5: 0.5146  acc_2: 0.8369  F1_score: 0.8367  Corr: 0.7810  MAE: 0.7452  Loss: 0.7452 
2026-09-03 05:08:35,921 - MMSA [INFO] - >> Epoch: 42 TRAIN -(DLF) [15/42/1] >> total_loss: 1.679  acc_7: 0.7516  acc_5: 0.8170  acc_2: 0.9878  F1_score: 0.9878  Corr: 0.9779  MAE: 0.2379 
2026-09-03 05:08:42,052 - MMSA [INFO] - VAL-(DLF) >>  acc_7: 0.4105  acc_5: 0.5197  acc_2: 0.8565  F1_score: 0.8569  Corr: 0.7901  MAE: 0.7459  Loss: 0.7411 
2026-09-03 05:08:56,304 - MMSA [INFO] - TEST-(DLF) >>  acc_7: 0.4446  acc_5: 0.5219  acc_2: 0.8338  F1_score: 0.8339  Corr: 0.7811  MAE: 0.7466  Loss: 0.7466 
2026-09-03 05:09:56,744 - MMSA [INFO] - >> Epoch: 43 TRAIN -(DLF) [16/43/1] >> total_loss: 1.7003  acc_7: 0.7593  acc_5: 0.8201  acc_2: 0.9821  F1_score: 0.9821  Corr: 0.9778  MAE: 0.2427 
2026-09-03 05:10:01,128 - MMSA [INFO] - VAL-(DLF) >>  acc_7: 0.4192  acc_5: 0.5197  acc_2: 0.8565  F1_score: 0.8569  Corr: 0.7911  MAE: 0.7449  Loss: 0.7400 
2026-09-03 05:10:13,373 - MMSA [INFO] - TEST-(DLF) >>  acc_7: 0.4475  acc_5: 0.5248  acc_2: 0.8277  F1_score: 0.8283  Corr: 0.7809  MAE: 0.7521  Loss: 0.7522 
2026-09-03 05:11:15,273 - MMSA [INFO] - >> Epoch: 44 TRAIN -(DLF) [17/44/1] >> total_loss: 1.6761  acc_7: 0.7858  acc_5: 0.8435  acc_2: 0.9838  F1_score: 0.9837  Corr: 0.9794  MAE: 0.2342 
2026-09-03 05:11:19,614 - MMSA [INFO] - VAL-(DLF) >>  acc_7: 0.4061  acc_5: 0.5109  acc_2: 0.8565  F1_score: 0.8569  Corr: 0.7914  MAE: 0.7437  Loss: 0.7388 
2026-09-03 05:11:32,142 - MMSA [INFO] - TEST-(DLF) >>  acc_7: 0.4461  acc_5: 0.5248  acc_2: 0.8277  F1_score: 0.8283  Corr: 0.7808  MAE: 0.7524  Loss: 0.7524 
2026-09-03 05:12:31,446 - MMSA [INFO] - >> Epoch: 45 TRAIN -(DLF) [18/45/1] >> total_loss: 1.6799  acc_7: 0.7765  acc_5: 0.8279  acc_2: 0.9821  F1_score: 0.9821  Corr: 0.9797  MAE: 0.2318 
2026-09-03 05:12:36,207 - MMSA [INFO] - VAL-(DLF) >>  acc_7: 0.4061  acc_5: 0.5197  acc_2: 0.8565  F1_score: 0.8569  Corr: 0.7914  MAE: 0.7481  Loss: 0.7425 
2026-09-03 05:12:48,271 - MMSA [INFO] - TEST-(DLF) >>  acc_7: 0.4490  acc_5: 0.5233  acc_2: 0.8323  F1_score: 0.8324  Corr: 0.7811  MAE: 0.7502  Loss: 0.7501 
2026-09-03 05:13:48,034 - MMSA [INFO] - >> Epoch: 46 TRAIN -(DLF) [19/46/1] >> total_loss: 1.6673  acc_7: 0.7718  acc_5: 0.8372  acc_2: 0.9821  F1_score: 0.9821  Corr: 0.9804  MAE: 0.2315 
2026-09-03 05:13:52,766 - MMSA [INFO] - VAL-(DLF) >>  acc_7: 0.4148  acc_5: 0.5240  acc_2: 0.8565  F1_score: 0.8569  Corr: 0.7922  MAE: 0.7405  Loss: 0.7354 
2026-09-03 05:14:05,004 - MMSA [INFO] - TEST-(DLF) >>  acc_7: 0.4475  acc_5: 0.5175  acc_2: 0.8293  F1_score: 0.8297  Corr: 0.7814  MAE: 0.7474  Loss: 0.7474 
2026-09-03 05:15:05,481 - MMSA [INFO] - >> Epoch: 47 TRAIN -(DLF) [20/47/1] >> total_loss: 1.6817  acc_7: 0.7671  acc_5: 0.8255  acc_2: 0.9862  F1_score: 0.9862  Corr: 0.9791  MAE: 0.2351 
2026-09-03 05:15:10,282 - MMSA [INFO] - VAL-(DLF) >>  acc_7: 0.4105  acc_5: 0.5197  acc_2: 0.8565  F1_score: 0.8569  Corr: 0.7916  MAE: 0.7454  Loss: 0.7400 
2026-09-03 05:15:21,954 - MMSA [INFO] - TEST-(DLF) >>  acc_7: 0.4504  acc_5: 0.5219  acc_2: 0.8338  F1_score: 0.8340  Corr: 0.7818  MAE: 0.7475  Loss: 0.7474 
2026-09-03 05:15:35,484 - MMSA [INFO] - TEST-(DLF) >>  acc_7: 0.4373  acc_5: 0.5117  acc_2: 0.8262  F1_score: 0.8268  Corr: 0.7802  MAE: 0.7645  Loss: 0.7646 
2026-09-03 05:15:37,132 - MMSA [INFO] - Results saved to result/normal/mosi_serial_ccdr.csv.
2026-09-03 05:18:20,873 - MMSA [INFO] - Using device: cuda:0
2026-09-03 05:18:20,874 - MMSA [INFO] - Architecture: serial_ccdr, use_ccdr=True
2026-09-03 05:18:21,670 - MMSA [INFO] - train samples: (1284,)
2026-09-03 05:18:22,055 - MMSA [INFO] - valid samples: (229,)
2026-09-03 05:18:22,423 - MMSA [INFO] - test samples: (686,)
2026-09-03 05:18:28,232 - MMSA [INFO] - Optimizer: AdamW, bert_lr=2e-05, other_lr=0.0001, weight_decay=0.005
2026-09-03 05:19:03,005 - MMSA [INFO] - >> Epoch: 1 TRAIN -(DLF) [1/1/1] >> total_loss: 4.944  acc_7: 0.1955  acc_5: 0.1955  acc_2: 0.5833  F1_score: 0.5393  Corr: 0.2042  MAE: 1.2951 
2026-09-03 05:19:05,242 - MMSA [INFO] - VAL-(DLF) >>  acc_7: 0.2358  acc_5: 0.2358  acc_2: 0.6157  F1_score: 0.5423  Corr: 0.4054  MAE: 1.3167  Loss: 1.3501 
2026-09-03 05:19:11,262 - MMSA [INFO] - TEST-(DLF) >>  acc_7: 0.1851  acc_5: 0.1851  acc_2: 0.5198  F1_score: 0.4542  Corr: 0.4390  MAE: 1.3825  Loss: 1.3815 
2026-09-03 05:19:47,550 - MMSA [INFO] - >> Epoch: 2 TRAIN -(DLF) [1/2/1] >> total_loss: 4.6163  acc_7: 0.2181  acc_5: 0.2181  acc_2: 0.6344  F1_score: 0.5766  Corr: 0.4782  MAE: 1.1996 
2026-09-03 05:19:50,301 - MMSA [INFO] - VAL-(DLF) >>  acc_7: 0.2576  acc_5: 0.2576  acc_2: 0.7685  F1_score: 0.7645  Corr: 0.5515  MAE: 1.1797  Loss: 1.2047 
2026-09-03 05:19:56,361 - MMSA [INFO] - TEST-(DLF) >>  acc_7: 0.2172  acc_5: 0.2172  acc_2: 0.7027  F1_score: 0.7039  Corr: 0.5419  MAE: 1.2085  Loss: 1.2072 
2026-09-03 05:20:34,563 - MMSA [INFO] - >> Epoch: 3 TRAIN -(DLF) [1/3/1] >> total_loss: 4.1513  acc_7: 0.2734  acc_5: 0.2749  acc_2: 0.7717  F1_score: 0.7695  Corr: 0.6587  MAE: 0.9891 
2026-09-03 05:20:37,443 - MMSA [INFO] - VAL-(DLF) >>  acc_7: 0.3013  acc_5: 0.3668  acc_2: 0.8380  F1_score: 0.8383  Corr: 0.6950  MAE: 0.9477  Loss: 0.9536 
2026-09-03 05:20:43,586 - MMSA [INFO] - TEST-(DLF) >>  acc_7: 0.3192  acc_5: 0.3367  acc_2: 0.8293  F1_score: 0.8291  Corr: 0.6861  MAE: 0.9821  Loss: 0.9809 
2026-09-03 05:21:22,082 - MMSA [INFO] - >> Epoch: 4 TRAIN -(DLF) [1/4/1] >> total_loss: 3.7146  acc_7: 0.3777  acc_5: 0.3972  acc_2: 0.8400  F1_score: 0.8403  Corr: 0.7472  MAE: 0.7907 
2026-09-03 05:21:24,406 - MMSA [INFO] - VAL-(DLF) >>  acc_7: 0.2882  acc_5: 0.3537  acc_2: 0.7963  F1_score: 0.7968  Corr: 0.7054  MAE: 0.9679  Loss: 0.9529 
2026-09-03 05:21:30,859 - MMSA [INFO] - TEST-(DLF) >>  acc_7: 0.3484  acc_5: 0.3659  acc_2: 0.8232  F1_score: 0.8167  Corr: 0.7102  MAE: 0.8737  Loss: 0.8725 
2026-09-03 05:22:07,966 - MMSA [INFO] - >> Epoch: 5 TRAIN -(DLF) [1/5/1] >> total_loss: 3.5722  acc_7: 0.3995  acc_5: 0.4198  acc_2: 0.8432  F1_score: 0.8436  Corr: 0.7637  MAE: 0.7538 
2026-09-03 05:22:10,116 - MMSA [INFO] - VAL-(DLF) >>  acc_7: 0.3406  acc_5: 0.4236  acc_2: 0.8380  F1_score: 0.8358  Corr: 0.7202  MAE: 0.9254  Loss: 0.9186 
2026-09-03 05:22:16,228 - MMSA [INFO] - TEST-(DLF) >>  acc_7: 0.3032  acc_5: 0.3309  acc_2: 0.7912  F1_score: 0.7919  Corr: 0.7238  MAE: 1.0555  Loss: 1.0549 
2026-09-03 05:22:54,370 - MMSA [INFO] - >> Epoch: 6 TRAIN -(DLF) [1/6/1] >> total_loss: 3.3546  acc_7: 0.4354  acc_5: 0.4673  acc_2: 0.8790  F1_score: 0.8792  Corr: 0.8148  MAE: 0.6769 
2026-09-03 05:22:56,943 - MMSA [INFO] - VAL-(DLF) >>  acc_7: 0.3231  acc_5: 0.3974  acc_2: 0.8611  F1_score: 0.8618  Corr: 0.7387  MAE: 0.8629  Loss: 0.8462 
2026-09-03 05:23:02,929 - MMSA [INFO] - TEST-(DLF) >>  acc_7: 0.3542  acc_5: 0.3819  acc_2: 0.8399  F1_score: 0.8388  Corr: 0.7486  MAE: 0.8449  Loss: 0.8440 
2026-09-03 05:23:41,110 - MMSA [INFO] - >> Epoch: 7 TRAIN -(DLF) [1/7/1] >> total_loss: 3.1558  acc_7: 0.4712  acc_5: 0.5047  acc_2: 0.9058  F1_score: 0.9059  Corr: 0.8513  MAE: 0.6132 
2026-09-03 05:23:44,031 - MMSA [INFO] - VAL-(DLF) >>  acc_7: 0.3144  acc_5: 0.3930  acc_2: 0.8472  F1_score: 0.8480  Corr: 0.7398  MAE: 0.8670  Loss: 0.8483 
2026-09-03 05:23:50,666 - MMSA [INFO] - TEST-(DLF) >>  acc_7: 0.3732  acc_5: 0.4155  acc_2: 0.8384  F1_score: 0.8367  Corr: 0.7454  MAE: 0.8400  Loss: 0.8391 
2026-09-03 05:24:28,625 - MMSA [INFO] - >> Epoch: 8 TRAIN -(DLF) [2/8/1] >> total_loss: 3.0145  acc_7: 0.4953  acc_5: 0.5257  acc_2: 0.9058  F1_score: 0.9060  Corr: 0.8636  MAE: 0.5800 
2026-09-03 05:24:30,986 - MMSA [INFO] - VAL-(DLF) >>  acc_7: 0.3624  acc_5: 0.4454  acc_2: 0.8565  F1_score: 0.8546  Corr: 0.7646  MAE: 0.8565  Loss: 0.8497 
2026-09-03 05:24:38,125 - MMSA [INFO] - TEST-(DLF) >>  acc_7: 0.3338  acc_5: 0.3776  acc_2: 0.7896  F1_score: 0.7902  Corr: 0.7429  MAE: 0.9998  Loss: 0.9994 
2026-09-03 05:25:12,583 - MMSA [INFO] - >> Epoch: 9 TRAIN -(DLF) [3/9/1] >> total_loss: 2.9483  acc_7: 0.4829  acc_5: 0.5226  acc_2: 0.9171  F1_score: 0.9172  Corr: 0.8681  MAE: 0.5855 
2026-09-03 05:25:15,062 - MMSA [INFO] - VAL-(DLF) >>  acc_7: 0.3712  acc_5: 0.4716  acc_2: 0.8565  F1_score: 0.8566  Corr: 0.7616  MAE: 0.8344  Loss: 0.8133 
2026-09-03 05:25:21,053 - MMSA [INFO] - TEST-(DLF) >>  acc_7: 0.3980  acc_5: 0.4767  acc_2: 0.8293  F1_score: 0.8292  Corr: 0.7489  MAE: 0.8411  Loss: 0.8403 
2026-09-03 05:26:00,843 - MMSA [INFO] - >> Epoch: 10 TRAIN -(DLF) [1/10/1] >> total_loss: 2.8156  acc_7: 0.5164  acc_5: 0.5537  acc_2: 0.9285  F1_score: 0.9283  Corr: 0.8872  MAE: 0.5333 
2026-09-03 05:26:03,346 - MMSA [INFO] - VAL-(DLF) >>  acc_7: 0.3231  acc_5: 0.4236  acc_2: 0.8241  F1_score: 0.8249  Corr: 0.7428  MAE: 0.9499  Loss: 0.9253 
2026-09-03 05:26:09,294 - MMSA [INFO] - TEST-(DLF) >>  acc_7: 0.4009  acc_5: 0.4767  acc_2: 0.8399  F1_score: 0.8342  Corr: 0.7492  MAE: 0.8196  Loss: 0.8186 
2026-09-03 05:26:46,170 - MMSA [INFO] - >> Epoch: 11 TRAIN -(DLF) [2/11/1] >> total_loss: 2.9144  acc_7: 0.4330  acc_5: 0.4704  acc_2: 0.8968  F1_score: 0.8971  Corr: 0.8676  MAE: 0.6138 
2026-09-03 05:26:48,715 - MMSA [INFO] - VAL-(DLF) >>  acc_7: 0.3974  acc_5: 0.5066  acc_2: 0.8519  F1_score: 0.8505  Corr: 0.7742  MAE: 0.8252  Loss: 0.8162 
2026-09-03 05:26:55,148 - MMSA [INFO] - TEST-(DLF) >>  acc_7: 0.3688  acc_5: 0.4373  acc_2: 0.8049  F1_score: 0.8059  Corr: 0.7466  MAE: 0.9293  Loss: 0.9293 
2026-09-03 05:27:32,913 - MMSA [INFO] - >> Epoch: 12 TRAIN -(DLF) [3/12/1] >> total_loss: 2.7197  acc_7: 0.5117  acc_5: 0.5506  acc_2: 0.9188  F1_score: 0.9189  Corr: 0.8935  MAE: 0.5317 
2026-09-03 05:27:35,251 - MMSA [INFO] - VAL-(DLF) >>  acc_7: 0.4192  acc_5: 0.5328  acc_2: 0.8426  F1_score: 0.8411  Corr: 0.7674  MAE: 0.8033  Loss: 0.7925 
2026-09-03 05:27:42,091 - MMSA [INFO] - TEST-(DLF) >>  acc_7: 0.3790  acc_5: 0.4461  acc_2: 0.8064  F1_score: 0.8075  Corr: 0.7529  MAE: 0.8997  Loss: 0.8994 
2026-09-03 05:28:20,354 - MMSA [INFO] - >> Epoch: 13 TRAIN -(DLF) [1/13/1] >> total_loss: 2.6877  acc_7: 0.5280  acc_5: 0.5678  acc_2: 0.9180  F1_score: 0.9177  Corr: 0.8997  MAE: 0.5205 
2026-09-03 05:28:23,083 - MMSA [INFO] - VAL-(DLF) >>  acc_7: 0.3537  acc_5: 0.4629  acc_2: 0.8426  F1_score: 0.8434  Corr: 0.7711  MAE: 0.8126  Loss: 0.7958 
2026-09-03 05:28:29,632 - MMSA [INFO] - TEST-(DLF) >>  acc_7: 0.4402  acc_5: 0.5087  acc_2: 0.8415  F1_score: 0.8388  Corr: 0.7710  MAE: 0.7602  Loss: 0.7595 
2026-09-03 05:29:07,534 - MMSA [INFO] - >> Epoch: 14 TRAIN -(DLF) [2/14/1] >> total_loss: 2.5734  acc_7: 0.5569  acc_5: 0.5989  acc_2: 0.9261  F1_score: 0.9262  Corr: 0.9092  MAE: 0.4817 
2026-09-03 05:29:10,028 - MMSA [INFO] - VAL-(DLF) >>  acc_7: 0.4105  acc_5: 0.5197  acc_2: 0.8750  F1_score: 0.8752  Corr: 0.7789  MAE: 0.7783  Loss: 0.7686 
2026-09-03 05:29:17,319 - MMSA [INFO] - TEST-(DLF) >>  acc_7: 0.4111  acc_5: 0.4854  acc_2: 0.8277  F1_score: 0.8284  Corr: 0.7693  MAE: 0.8153  Loss: 0.8152 
2026-09-03 05:29:58,199 - MMSA [INFO] - >> Epoch: 15 TRAIN -(DLF) [1/15/1] >> total_loss: 2.4628  acc_7: 0.6044  acc_5: 0.6542  acc_2: 0.9488  F1_score: 0.9489  Corr: 0.9221  MAE: 0.4377 
2026-09-03 05:30:00,819 - MMSA [INFO] - VAL-(DLF) >>  acc_7: 0.4148  acc_5: 0.5240  acc_2: 0.8565  F1_score: 0.8564  Corr: 0.7748  MAE: 0.7889  Loss: 0.7850 
2026-09-03 05:30:07,130 - MMSA [INFO] - TEST-(DLF) >>  acc_7: 0.4038  acc_5: 0.4781  acc_2: 0.8110  F1_score: 0.8121  Corr: 0.7563  MAE: 0.8397  Loss: 0.8397 
2026-09-03 05:30:44,133 - MMSA [INFO] - >> Epoch: 16 TRAIN -(DLF) [2/16/1] >> total_loss: 2.4286  acc_7: 0.6005  acc_5: 0.6519  acc_2: 0.9342  F1_score: 0.9342  Corr: 0.9229  MAE: 0.4394 
2026-09-03 05:30:46,759 - MMSA [INFO] - VAL-(DLF) >>  acc_7: 0.3755  acc_5: 0.4847  acc_2: 0.8565  F1_score: 0.8572  Corr: 0.7768  MAE: 0.8015  Loss: 0.7881 
2026-09-03 05:30:55,270 - MMSA [INFO] - TEST-(DLF) >>  acc_7: 0.4315  acc_5: 0.5102  acc_2: 0.8354  F1_score: 0.8345  Corr: 0.7698  MAE: 0.7711  Loss: 0.7705 
2026-09-03 05:31:31,298 - MMSA [INFO] - >> Epoch: 17 TRAIN -(DLF) [3/17/1] >> total_loss: 2.3253  acc_7: 0.6379  acc_5: 0.6869  acc_2: 0.9545  F1_score: 0.9545  Corr: 0.9305  MAE: 0.4064 
2026-09-03 05:31:33,874 - MMSA [INFO] - VAL-(DLF) >>  acc_7: 0.3886  acc_5: 0.4978  acc_2: 0.8611  F1_score: 0.8618  Corr: 0.7781  MAE: 0.8046  Loss: 0.7876 
2026-09-03 05:31:40,665 - MMSA [INFO] - TEST-(DLF) >>  acc_7: 0.4402  acc_5: 0.5190  acc_2: 0.8369  F1_score: 0.8359  Corr: 0.7726  MAE: 0.7632  Loss: 0.7626 
2026-09-03 05:32:17,818 - MMSA [INFO] - >> Epoch: 18 TRAIN -(DLF) [4/18/1] >> total_loss: 2.3052  acc_7: 0.6246  acc_5: 0.6807  acc_2: 0.9423  F1_score: 0.9424  Corr: 0.9325  MAE: 0.4133 
2026-09-03 05:32:20,284 - MMSA [INFO] - VAL-(DLF) >>  acc_7: 0.4410  acc_5: 0.5459  acc_2: 0.8565  F1_score: 0.8559  Corr: 0.7866  MAE: 0.7639  Loss: 0.7566 
2026-09-03 05:32:26,701 - MMSA [INFO] - TEST-(DLF) >>  acc_7: 0.4155  acc_5: 0.4898  acc_2: 0.8186  F1_score: 0.8196  Corr: 0.7643  MAE: 0.8208  Loss: 0.8205 
2026-09-03 05:33:05,895 - MMSA [INFO] - >> Epoch: 19 TRAIN -(DLF) [1/19/1] >> total_loss: 2.2413  acc_7: 0.6238  acc_5: 0.6760  acc_2: 0.9513  F1_score: 0.9513  Corr: 0.9357  MAE: 0.3889 
2026-09-03 05:33:08,603 - MMSA [INFO] - VAL-(DLF) >>  acc_7: 0.4105  acc_5: 0.5153  acc_2: 0.8796  F1_score: 0.8796  Corr: 0.7871  MAE: 0.7640  Loss: 0.7522 
2026-09-03 05:33:15,129 - MMSA [INFO] - TEST-(DLF) >>  acc_7: 0.4286  acc_5: 0.5073  acc_2: 0.8216  F1_score: 0.8224  Corr: 0.7660  MAE: 0.8004  Loss: 0.8001 
2026-09-03 05:33:52,818 - MMSA [INFO] - >> Epoch: 20 TRAIN -(DLF) [1/20/1] >> total_loss: 2.2052  acc_7: 0.6371  acc_5: 0.6931  acc_2: 0.9578  F1_score: 0.9578  Corr: 0.9425  MAE: 0.3733 
2026-09-03 05:33:55,625 - MMSA [INFO] - VAL-(DLF) >>  acc_7: 0.4017  acc_5: 0.5066  acc_2: 0.8704  F1_score: 0.8707  Corr: 0.7882  MAE: 0.7709  Loss: 0.7577 
2026-09-03 05:34:03,183 - MMSA [INFO] - TEST-(DLF) >>  acc_7: 0.4388  acc_5: 0.5160  acc_2: 0.8216  F1_score: 0.8219  Corr: 0.7655  MAE: 0.7812  Loss: 0.7806 
2026-09-03 05:34:39,754 - MMSA [INFO] - >> Epoch: 21 TRAIN -(DLF) [2/21/1] >> total_loss: 2.1692  acc_7: 0.6379  acc_5: 0.6931  acc_2: 0.9586  F1_score: 0.9586  Corr: 0.9446  MAE: 0.3745 
2026-09-03 05:34:42,079 - MMSA [INFO] - VAL-(DLF) >>  acc_7: 0.3886  acc_5: 0.4934  acc_2: 0.8611  F1_score: 0.8618  Corr: 0.7826  MAE: 0.7748  Loss: 0.7605 
2026-09-03 05:34:48,039 - MMSA [INFO] - TEST-(DLF) >>  acc_7: 0.4504  acc_5: 0.5233  acc_2: 0.8338  F1_score: 0.8328  Corr: 0.7670  MAE: 0.7604  Loss: 0.7595 
2026-09-03 05:35:24,824 - MMSA [INFO] - >> Epoch: 22 TRAIN -(DLF) [3/22/1] >> total_loss: 2.1548  acc_7: 0.6379  acc_5: 0.6916  acc_2: 0.9529  F1_score: 0.9529  Corr: 0.9462  MAE: 0.3703 
2026-09-03 05:35:27,373 - MMSA [INFO] - VAL-(DLF) >>  acc_7: 0.3886  acc_5: 0.5022  acc_2: 0.8565  F1_score: 0.8571  Corr: 0.7828  MAE: 0.7947  Loss: 0.7744 
2026-09-03 05:35:33,515 - MMSA [INFO] - TEST-(DLF) >>  acc_7: 0.4606  acc_5: 0.5408  acc_2: 0.8308  F1_score: 0.8291  Corr: 0.7670  MAE: 0.7617  Loss: 0.7609 
2026-09-03 05:36:11,997 - MMSA [INFO] - >> Epoch: 23 TRAIN -(DLF) [4/23/1] >> total_loss: 2.1252  acc_7: 0.6674  acc_5: 0.7251  acc_2: 0.9464  F1_score: 0.9465  Corr: 0.9483  MAE: 0.3522 
2026-09-03 05:36:14,426 - MMSA [INFO] - VAL-(DLF) >>  acc_7: 0.4105  acc_5: 0.5197  acc_2: 0.8519  F1_score: 0.8524  Corr: 0.7934  MAE: 0.7525  Loss: 0.7374 
2026-09-03 05:36:20,358 - MMSA [INFO] - TEST-(DLF) >>  acc_7: 0.4548  acc_5: 0.5292  acc_2: 0.8232  F1_score: 0.8236  Corr: 0.7685  MAE: 0.7629  Loss: 0.7621 
2026-09-03 05:36:58,657 - MMSA [INFO] - >> Epoch: 24 TRAIN -(DLF) [1/24/1] >> total_loss: 2.0546  acc_7: 0.6713  acc_5: 0.7290  acc_2: 0.9594  F1_score: 0.9594  Corr: 0.9518  MAE: 0.3425 
2026-09-03 05:37:01,093 - MMSA [INFO] - VAL-(DLF) >>  acc_7: 0.4192  acc_5: 0.5284  acc_2: 0.8472  F1_score: 0.8477  Corr: 0.7921  MAE: 0.7480  Loss: 0.7363 
2026-09-03 05:37:08,180 - MMSA [INFO] - TEST-(DLF) >>  acc_7: 0.4519  acc_5: 0.5277  acc_2: 0.8247  F1_score: 0.8253  Corr: 0.7709  MAE: 0.7668  Loss: 0.7661 
2026-09-03 05:37:48,828 - MMSA [INFO] - >> Epoch: 25 TRAIN -(DLF) [1/25/1] >> total_loss: 2.0767  acc_7: 0.6628  acc_5: 0.7173  acc_2: 0.9521  F1_score: 0.9521  Corr: 0.9496  MAE: 0.3576 
2026-09-03 05:37:52,358 - MMSA [INFO] - VAL-(DLF) >>  acc_7: 0.4236  acc_5: 0.5371  acc_2: 0.8611  F1_score: 0.8613  Corr: 0.7861  MAE: 0.7763  Loss: 0.7650 
2026-09-03 05:37:58,222 - MMSA [INFO] - TEST-(DLF) >>  acc_7: 0.4286  acc_5: 0.5058  acc_2: 0.8201  F1_score: 0.8209  Corr: 0.7675  MAE: 0.8121  Loss: 0.8118 
2026-09-03 05:38:34,452 - MMSA [INFO] - >> Epoch: 26 TRAIN -(DLF) [2/26/1] >> total_loss: 2.103  acc_7: 0.6698  acc_5: 0.7305  acc_2: 0.9496  F1_score: 0.9497  Corr: 0.9472  MAE: 0.3679 
2026-09-03 05:38:37,076 - MMSA [INFO] - VAL-(DLF) >>  acc_7: 0.3974  acc_5: 0.5066  acc_2: 0.8611  F1_score: 0.8615  Corr: 0.7844  MAE: 0.7638  Loss: 0.7526 
2026-09-03 05:38:44,198 - MMSA [INFO] - TEST-(DLF) >>  acc_7: 0.4431  acc_5: 0.5131  acc_2: 0.8186  F1_score: 0.8192  Corr: 0.7702  MAE: 0.7691  Loss: 0.7686 
2026-09-03 05:39:21,777 - MMSA [INFO] - >> Epoch: 27 TRAIN -(DLF) [3/27/1] >> total_loss: 2.0714  acc_7: 0.6643  acc_5: 0.7204  acc_2: 0.9423  F1_score: 0.9422  Corr: 0.9508  MAE: 0.3606 
2026-09-03 05:39:24,298 - MMSA [INFO] - VAL-(DLF) >>  acc_7: 0.3799  acc_5: 0.4934  acc_2: 0.8472  F1_score: 0.8479  Corr: 0.7842  MAE: 0.7886  Loss: 0.7683 
2026-09-03 05:39:31,114 - MMSA [INFO] - TEST-(DLF) >>  acc_7: 0.4665  acc_5: 0.5466  acc_2: 0.8293  F1_score: 0.8280  Corr: 0.7739  MAE: 0.7421  Loss: 0.7412 
2026-09-03 05:40:08,284 - MMSA [INFO] - >> Epoch: 28 TRAIN -(DLF) [4/28/1] >> total_loss: 2.0461  acc_7: 0.6597  acc_5: 0.7173  acc_2: 0.9561  F1_score: 0.9560  Corr: 0.9513  MAE: 0.3526 
2026-09-03 05:40:10,863 - MMSA [INFO] - VAL-(DLF) >>  acc_7: 0.4148  acc_5: 0.5197  acc_2: 0.8565  F1_score: 0.8568  Corr: 0.7922  MAE: 0.7587  Loss: 0.7418 
2026-09-03 05:40:17,162 - MMSA [INFO] - TEST-(DLF) >>  acc_7: 0.4490  acc_5: 0.5262  acc_2: 0.8262  F1_score: 0.8265  Corr: 0.7760  MAE: 0.7633  Loss: 0.7627 
2026-09-03 05:40:53,945 - MMSA [INFO] - >> Epoch: 29 TRAIN -(DLF) [5/29/1] >> total_loss: 1.95  acc_7: 0.7017  acc_5: 0.7539  acc_2: 0.9610  F1_score: 0.9610  Corr: 0.9591  MAE: 0.3172 
2026-09-03 05:40:56,552 - MMSA [INFO] - VAL-(DLF) >>  acc_7: 0.4498  acc_5: 0.5502  acc_2: 0.8519  F1_score: 0.8514  Corr: 0.7934  MAE: 0.7371  Loss: 0.7222 
2026-09-03 05:41:02,510 - MMSA [INFO] - TEST-(DLF) >>  acc_7: 0.4242  acc_5: 0.4971  acc_2: 0.8216  F1_score: 0.8227  Corr: 0.7712  MAE: 0.7893  Loss: 0.7888 
2026-09-03 05:41:39,748 - MMSA [INFO] - >> Epoch: 30 TRAIN -(DLF) [1/30/1] >> total_loss: 1.9507  acc_7: 0.6908  acc_5: 0.7453  acc_2: 0.9634  F1_score: 0.9634  Corr: 0.9599  MAE: 0.3156 
2026-09-03 05:41:41,983 - MMSA [INFO] - VAL-(DLF) >>  acc_7: 0.4105  acc_5: 0.5197  acc_2: 0.8657  F1_score: 0.8660  Corr: 0.7942  MAE: 0.7454  Loss: 0.7242 
2026-09-03 05:41:49,316 - MMSA [INFO] - TEST-(DLF) >>  acc_7: 0.4548  acc_5: 0.5306  acc_2: 0.8308  F1_score: 0.8310  Corr: 0.7780  MAE: 0.7481  Loss: 0.7473 
2026-09-03 05:42:25,337 - MMSA [INFO] - >> Epoch: 31 TRAIN -(DLF) [2/31/1] >> total_loss: 1.9178  acc_7: 0.7009  acc_5: 0.7516  acc_2: 0.9659  F1_score: 0.9658  Corr: 0.9618  MAE: 0.3112 
2026-09-03 05:42:28,096 - MMSA [INFO] - VAL-(DLF) >>  acc_7: 0.4367  acc_5: 0.5459  acc_2: 0.8611  F1_score: 0.8613  Corr: 0.7977  MAE: 0.7193  Loss: 0.7030 
2026-09-03 05:42:33,996 - MMSA [INFO] - TEST-(DLF) >>  acc_7: 0.4563  acc_5: 0.5306  acc_2: 0.8323  F1_score: 0.8330  Corr: 0.7763  MAE: 0.7496  Loss: 0.7488 
2026-09-03 05:43:13,168 - MMSA [INFO] - >> Epoch: 32 TRAIN -(DLF) [1/32/1] >> total_loss: 1.9534  acc_7: 0.6931  acc_5: 0.7500  acc_2: 0.9569  F1_score: 0.9569  Corr: 0.9590  MAE: 0.3268 
2026-09-03 05:43:15,564 - MMSA [INFO] - VAL-(DLF) >>  acc_7: 0.4760  acc_5: 0.5764  acc_2: 0.8472  F1_score: 0.8469  Corr: 0.7985  MAE: 0.7296  Loss: 0.7149 
2026-09-03 05:43:21,605 - MMSA [INFO] - TEST-(DLF) >>  acc_7: 0.4329  acc_5: 0.5087  acc_2: 0.8186  F1_score: 0.8196  Corr: 0.7743  MAE: 0.8008  Loss: 0.8001 
2026-09-03 05:43:56,600 - MMSA [INFO] - >> Epoch: 33 TRAIN -(DLF) [2/33/1] >> total_loss: 1.9509  acc_7: 0.6667  acc_5: 0.7336  acc_2: 0.9578  F1_score: 0.9578  Corr: 0.9588  MAE: 0.3295 
2026-09-03 05:43:59,059 - MMSA [INFO] - VAL-(DLF) >>  acc_7: 0.4367  acc_5: 0.5459  acc_2: 0.8565  F1_score: 0.8569  Corr: 0.7993  MAE: 0.7199  Loss: 0.7047 
2026-09-03 05:44:05,058 - MMSA [INFO] - TEST-(DLF) >>  acc_7: 0.4650  acc_5: 0.5321  acc_2: 0.8308  F1_score: 0.8313  Corr: 0.7804  MAE: 0.7457  Loss: 0.7449 
2026-09-03 05:44:41,278 - MMSA [INFO] - >> Epoch: 34 TRAIN -(DLF) [3/34/1] >> total_loss: 1.9196  acc_7: 0.7025  acc_5: 0.7593  acc_2: 0.9537  F1_score: 0.9537  Corr: 0.9594  MAE: 0.3150 
2026-09-03 05:44:43,592 - MMSA [INFO] - VAL-(DLF) >>  acc_7: 0.4585  acc_5: 0.5677  acc_2: 0.8519  F1_score: 0.8516  Corr: 0.8012  MAE: 0.7230  Loss: 0.7123 
2026-09-03 05:44:49,895 - MMSA [INFO] - TEST-(DLF) >>  acc_7: 0.4155  acc_5: 0.4869  acc_2: 0.8216  F1_score: 0.8227  Corr: 0.7816  MAE: 0.7894  Loss: 0.7889 
2026-09-03 05:45:24,952 - MMSA [INFO] - >> Epoch: 35 TRAIN -(DLF) [4/35/1] >> total_loss: 1.9178  acc_7: 0.7017  acc_5: 0.7625  acc_2: 0.9586  F1_score: 0.9586  Corr: 0.9604  MAE: 0.3153 
2026-09-03 05:45:27,364 - MMSA [INFO] - VAL-(DLF) >>  acc_7: 0.4454  acc_5: 0.5415  acc_2: 0.8565  F1_score: 0.8568  Corr: 0.7981  MAE: 0.7350  Loss: 0.7160 
2026-09-03 05:45:33,277 - MMSA [INFO] - TEST-(DLF) >>  acc_7: 0.4548  acc_5: 0.5248  acc_2: 0.8369  F1_score: 0.8373  Corr: 0.7879  MAE: 0.7411  Loss: 0.7404 
2026-09-03 05:46:11,614 - MMSA [INFO] - >> Epoch: 36 TRAIN -(DLF) [5/36/1] >> total_loss: 1.8697  acc_7: 0.7165  acc_5: 0.7765  acc_2: 0.9675  F1_score: 0.9675  Corr: 0.9651  MAE: 0.2928 
2026-09-03 05:46:14,339 - MMSA [INFO] - VAL-(DLF) >>  acc_7: 0.4672  acc_5: 0.5721  acc_2: 0.8426  F1_score: 0.8428  Corr: 0.7997  MAE: 0.7185  Loss: 0.7036 
2026-09-03 05:46:20,189 - MMSA [INFO] - TEST-(DLF) >>  acc_7: 0.4534  acc_5: 0.5204  acc_2: 0.8384  F1_score: 0.8391  Corr: 0.7912  MAE: 0.7416  Loss: 0.7411 
2026-09-03 05:46:54,205 - MMSA [INFO] - >> Epoch: 37 TRAIN -(DLF) [6/37/1] >> total_loss: 1.8606  acc_7: 0.7368  acc_5: 0.7936  acc_2: 0.9659  F1_score: 0.9659  Corr: 0.9657  MAE: 0.2882 
2026-09-03 05:46:56,540 - MMSA [INFO] - VAL-(DLF) >>  acc_7: 0.4760  acc_5: 0.5764  acc_2: 0.8380  F1_score: 0.8381  Corr: 0.7992  MAE: 0.7212  Loss: 0.7052 
2026-09-03 05:47:02,123 - MMSA [INFO] - TEST-(DLF) >>  acc_7: 0.4519  acc_5: 0.5219  acc_2: 0.8369  F1_score: 0.8375  Corr: 0.7925  MAE: 0.7376  Loss: 0.7371 
2026-09-03 05:47:37,524 - MMSA [INFO] - >> Epoch: 38 TRAIN -(DLF) [7/38/1] >> total_loss: 1.8669  acc_7: 0.7040  acc_5: 0.7625  acc_2: 0.9618  F1_score: 0.9617  Corr: 0.9644  MAE: 0.2964 
2026-09-03 05:47:39,838 - MMSA [INFO] - VAL-(DLF) >>  acc_7: 0.4672  acc_5: 0.5677  acc_2: 0.8380  F1_score: 0.8383  Corr: 0.7986  MAE: 0.7263  Loss: 0.7069 
2026-09-03 05:47:46,486 - MMSA [INFO] - TEST-(DLF) >>  acc_7: 0.4534  acc_5: 0.5277  acc_2: 0.8430  F1_score: 0.8434  Corr: 0.7909  MAE: 0.7310  Loss: 0.7304 
2026-09-03 05:48:21,316 - MMSA [INFO] - >> Epoch: 39 TRAIN -(DLF) [8/39/1] >> total_loss: 1.8495  acc_7: 0.7165  acc_5: 0.7780  acc_2: 0.9643  F1_score: 0.9642  Corr: 0.9637  MAE: 0.2964 
2026-09-03 05:48:24,324 - MMSA [INFO] - VAL-(DLF) >>  acc_7: 0.4672  acc_5: 0.5677  acc_2: 0.8472  F1_score: 0.8475  Corr: 0.7999  MAE: 0.7179  Loss: 0.6992 
2026-09-03 05:48:30,423 - MMSA [INFO] - TEST-(DLF) >>  acc_7: 0.4592  acc_5: 0.5321  acc_2: 0.8323  F1_score: 0.8329  Corr: 0.7845  MAE: 0.7387  Loss: 0.7379 
2026-09-03 05:49:07,454 - MMSA [INFO] - >> Epoch: 40 TRAIN -(DLF) [1/40/1] >> total_loss: 1.8685  acc_7: 0.7111  acc_5: 0.7648  acc_2: 0.9610  F1_score: 0.9610  Corr: 0.9643  MAE: 0.2981 
2026-09-03 05:49:09,852 - MMSA [INFO] - VAL-(DLF) >>  acc_7: 0.4760  acc_5: 0.5764  acc_2: 0.8472  F1_score: 0.8473  Corr: 0.7983  MAE: 0.7298  Loss: 0.7128 
2026-09-03 05:49:15,530 - MMSA [INFO] - TEST-(DLF) >>  acc_7: 0.4373  acc_5: 0.5131  acc_2: 0.8308  F1_score: 0.8315  Corr: 0.7830  MAE: 0.7629  Loss: 0.7622 
2026-09-03 05:49:51,107 - MMSA [INFO] - >> Epoch: 41 TRAIN -(DLF) [2/41/1] >> total_loss: 1.8141  acc_7: 0.7336  acc_5: 0.7983  acc_2: 0.9781  F1_score: 0.9781  Corr: 0.9689  MAE: 0.2751 
2026-09-03 05:49:53,890 - MMSA [INFO] - VAL-(DLF) >>  acc_7: 0.4541  acc_5: 0.5590  acc_2: 0.8426  F1_score: 0.8428  Corr: 0.7991  MAE: 0.7197  Loss: 0.7070 
2026-09-03 05:49:59,719 - MMSA [INFO] - TEST-(DLF) >>  acc_7: 0.4534  acc_5: 0.5190  acc_2: 0.8262  F1_score: 0.8269  Corr: 0.7864  MAE: 0.7486  Loss: 0.7479 
2026-09-03 05:50:34,653 - MMSA [INFO] - >> Epoch: 42 TRAIN -(DLF) [3/42/1] >> total_loss: 1.8193  acc_7: 0.7188  acc_5: 0.7788  acc_2: 0.9675  F1_score: 0.9675  Corr: 0.9673  MAE: 0.2836 
2026-09-03 05:50:37,043 - MMSA [INFO] - VAL-(DLF) >>  acc_7: 0.4716  acc_5: 0.5721  acc_2: 0.8565  F1_score: 0.8570  Corr: 0.7980  MAE: 0.7220  Loss: 0.7066 
2026-09-03 05:50:42,858 - MMSA [INFO] - TEST-(DLF) >>  acc_7: 0.4577  acc_5: 0.5248  acc_2: 0.8354  F1_score: 0.8360  Corr: 0.7894  MAE: 0.7380  Loss: 0.7374 
2026-09-03 05:51:19,809 - MMSA [INFO] - >> Epoch: 43 TRAIN -(DLF) [4/43/1] >> total_loss: 1.811  acc_7: 0.7336  acc_5: 0.7843  acc_2: 0.9716  F1_score: 0.9716  Corr: 0.9686  MAE: 0.2767 
2026-09-03 05:51:22,060 - MMSA [INFO] - VAL-(DLF) >>  acc_7: 0.4541  acc_5: 0.5677  acc_2: 0.8519  F1_score: 0.8519  Corr: 0.7989  MAE: 0.7195  Loss: 0.7065 
2026-09-03 05:51:27,652 - MMSA [INFO] - TEST-(DLF) >>  acc_7: 0.4373  acc_5: 0.5058  acc_2: 0.8323  F1_score: 0.8332  Corr: 0.7878  MAE: 0.7578  Loss: 0.7572 
2026-09-03 05:52:02,137 - MMSA [INFO] - >> Epoch: 44 TRAIN -(DLF) [5/44/1] >> total_loss: 1.7937  acc_7: 0.7336  acc_5: 0.7921  acc_2: 0.9659  F1_score: 0.9659  Corr: 0.9701  MAE: 0.2720 
2026-09-03 05:52:04,875 - MMSA [INFO] - VAL-(DLF) >>  acc_7: 0.4367  acc_5: 0.5546  acc_2: 0.8519  F1_score: 0.8525  Corr: 0.7975  MAE: 0.7247  Loss: 0.7095 
2026-09-03 05:52:10,460 - MMSA [INFO] - TEST-(DLF) >>  acc_7: 0.4723  acc_5: 0.5423  acc_2: 0.8460  F1_score: 0.8462  Corr: 0.7904  MAE: 0.7272  Loss: 0.7265 
2026-09-03 05:52:46,877 - MMSA [INFO] - >> Epoch: 45 TRAIN -(DLF) [6/45/1] >> total_loss: 1.8004  acc_7: 0.7344  acc_5: 0.7913  acc_2: 0.9773  F1_score: 0.9773  Corr: 0.9694  MAE: 0.2757 
2026-09-03 05:52:49,228 - MMSA [INFO] - VAL-(DLF) >>  acc_7: 0.4498  acc_5: 0.5502  acc_2: 0.8611  F1_score: 0.8613  Corr: 0.8027  MAE: 0.7095  Loss: 0.6956 
2026-09-03 05:52:55,716 - MMSA [INFO] - TEST-(DLF) >>  acc_7: 0.4490  acc_5: 0.5219  acc_2: 0.8323  F1_score: 0.8331  Corr: 0.7884  MAE: 0.7432  Loss: 0.7425 
2026-09-03 05:53:33,141 - MMSA [INFO] - >> Epoch: 46 TRAIN -(DLF) [1/46/1] >> total_loss: 1.7612  acc_7: 0.7492  acc_5: 0.8053  acc_2: 0.9708  F1_score: 0.9707  Corr: 0.9710  MAE: 0.2670 
2026-09-03 05:53:35,538 - MMSA [INFO] - VAL-(DLF) >>  acc_7: 0.4541  acc_5: 0.5502  acc_2: 0.8519  F1_score: 0.8525  Corr: 0.8031  MAE: 0.7223  Loss: 0.7042 
2026-09-03 05:53:41,489 - MMSA [INFO] - TEST-(DLF) >>  acc_7: 0.4781  acc_5: 0.5481  acc_2: 0.8415  F1_score: 0.8415  Corr: 0.7916  MAE: 0.7227  Loss: 0.7220 
2026-09-03 05:54:17,417 - MMSA [INFO] - >> Epoch: 47 TRAIN -(DLF) [2/47/1] >> total_loss: 1.7647  acc_7: 0.7578  acc_5: 0.8139  acc_2: 0.9724  F1_score: 0.9724  Corr: 0.9713  MAE: 0.2646 
2026-09-03 05:54:20,006 - MMSA [INFO] - VAL-(DLF) >>  acc_7: 0.4629  acc_5: 0.5633  acc_2: 0.8611  F1_score: 0.8613  Corr: 0.8032  MAE: 0.7118  Loss: 0.6981 
2026-09-03 05:54:25,979 - MMSA [INFO] - TEST-(DLF) >>  acc_7: 0.4534  acc_5: 0.5204  acc_2: 0.8338  F1_score: 0.8345  Corr: 0.7904  MAE: 0.7372  Loss: 0.7366 
2026-09-03 05:55:03,824 - MMSA [INFO] - >> Epoch: 48 TRAIN -(DLF) [3/48/1] >> total_loss: 1.8028  acc_7: 0.7298  acc_5: 0.7850  acc_2: 0.9708  F1_score: 0.9708  Corr: 0.9693  MAE: 0.2785 
2026-09-03 05:55:06,548 - MMSA [INFO] - VAL-(DLF) >>  acc_7: 0.4629  acc_5: 0.5721  acc_2: 0.8565  F1_score: 0.8566  Corr: 0.8006  MAE: 0.7252  Loss: 0.7077 
2026-09-03 05:55:12,763 - MMSA [INFO] - TEST-(DLF) >>  acc_7: 0.4519  acc_5: 0.5248  acc_2: 0.8338  F1_score: 0.8345  Corr: 0.7883  MAE: 0.7458  Loss: 0.7452 
2026-09-03 05:55:50,226 - MMSA [INFO] - >> Epoch: 49 TRAIN -(DLF) [4/49/1] >> total_loss: 1.7874  acc_7: 0.7321  acc_5: 0.7952  acc_2: 0.9773  F1_score: 0.9773  Corr: 0.9711  MAE: 0.2790 
2026-09-03 05:55:53,835 - MMSA [INFO] - VAL-(DLF) >>  acc_7: 0.4629  acc_5: 0.5633  acc_2: 0.8519  F1_score: 0.8520  Corr: 0.8020  MAE: 0.7158  Loss: 0.7028 
2026-09-03 05:56:00,286 - MMSA [INFO] - TEST-(DLF) >>  acc_7: 0.4665  acc_5: 0.5394  acc_2: 0.8354  F1_score: 0.8361  Corr: 0.7912  MAE: 0.7339  Loss: 0.7332 
2026-09-03 05:56:36,453 - MMSA [INFO] - >> Epoch: 50 TRAIN -(DLF) [5/50/1] >> total_loss: 1.7729  acc_7: 0.7438  acc_5: 0.8006  acc_2: 0.9691  F1_score: 0.9692  Corr: 0.9714  MAE: 0.2681 
2026-09-03 05:56:38,837 - MMSA [INFO] - VAL-(DLF) >>  acc_7: 0.4585  acc_5: 0.5677  acc_2: 0.8565  F1_score: 0.8564  Corr: 0.7997  MAE: 0.7379  Loss: 0.7272 
2026-09-03 05:56:44,968 - MMSA [INFO] - TEST-(DLF) >>  acc_7: 0.4315  acc_5: 0.5204  acc_2: 0.8338  F1_score: 0.8347  Corr: 0.7910  MAE: 0.7732  Loss: 0.7728 
2026-09-03 05:57:22,229 - MMSA [INFO] - >> Epoch: 51 TRAIN -(DLF) [6/51/1] >> total_loss: 1.7959  acc_7: 0.7095  acc_5: 0.7819  acc_2: 0.9659  F1_score: 0.9658  Corr: 0.9708  MAE: 0.2873 
2026-09-03 05:57:24,953 - MMSA [INFO] - VAL-(DLF) >>  acc_7: 0.4105  acc_5: 0.5022  acc_2: 0.8472  F1_score: 0.8480  Corr: 0.7983  MAE: 0.7404  Loss: 0.7233 
2026-09-03 05:57:30,945 - MMSA [INFO] - TEST-(DLF) >>  acc_7: 0.4825  acc_5: 0.5554  acc_2: 0.8476  F1_score: 0.8472  Corr: 0.7951  MAE: 0.7103  Loss: 0.7096 
2026-09-03 06:02:21,737 - MMSA [INFO] - Using device: cuda:0
2026-09-03 06:02:21,738 - MMSA [INFO] - Architecture: serial_ccdr, use_ccdr=True
2026-09-03 06:02:22,344 - MMSA [INFO] - train samples: (1284,)
2026-09-03 06:02:22,656 - MMSA [INFO] - valid samples: (229,)
2026-09-03 06:02:22,959 - MMSA [INFO] - test samples: (686,)
2026-09-03 06:02:28,481 - MMSA [INFO] - Optimizer: AdamW, bert_lr=2e-05, other_lr=0.0001, weight_decay=0.005
2026-09-03 06:03:02,744 - MMSA [INFO] - >> Epoch: 1 TRAIN -(DLF) [1/1/1] >> total_loss: 5.0787  acc_7: 0.1963  acc_5: 0.1963  acc_2: 0.5881  F1_score: 0.5414  Corr: 0.2085  MAE: 1.2941 
2026-09-03 06:03:04,859 - MMSA [INFO] - VAL-(DLF) >>  acc_7: 0.2489  acc_5: 0.2489  acc_2: 0.6157  F1_score: 0.5423  Corr: 0.4101  MAE: 1.3140  Loss: 1.3476 
2026-09-03 06:03:10,933 - MMSA [INFO] - TEST-(DLF) >>  acc_7: 0.1808  acc_5: 0.1808  acc_2: 0.5168  F1_score: 0.4468  Corr: 0.4439  MAE: 1.3819  Loss: 1.3809 
2026-09-03 06:03:43,034 - MMSA [INFO] - >> Epoch: 2 TRAIN -(DLF) [1/2/1] >> total_loss: 4.7371  acc_7: 0.2173  acc_5: 0.2173  acc_2: 0.6361  F1_score: 0.5809  Corr: 0.4855  MAE: 1.1943 
2026-09-03 06:03:45,280 - MMSA [INFO] - VAL-(DLF) >>  acc_7: 0.2664  acc_5: 0.2664  acc_2: 0.7870  F1_score: 0.7845  Corr: 0.5600  MAE: 1.1697  Loss: 1.1938 
2026-09-03 06:03:51,225 - MMSA [INFO] - TEST-(DLF) >>  acc_7: 0.2230  acc_5: 0.2230  acc_2: 0.7149  F1_score: 0.7165  Corr: 0.5503  MAE: 1.1957  Loss: 1.1944 
2026-09-03 06:04:26,103 - MMSA [INFO] - >> Epoch: 3 TRAIN -(DLF) [1/3/1] >> total_loss: 4.2409  acc_7: 0.2796  acc_5: 0.2812  acc_2: 0.7799  F1_score: 0.7783  Corr: 0.6649  MAE: 0.9763 
2026-09-03 06:04:28,465 - MMSA [INFO] - VAL-(DLF) >>  acc_7: 0.3057  acc_5: 0.3755  acc_2: 0.8519  F1_score: 0.8524  Corr: 0.6985  MAE: 0.9393  Loss: 0.9432 
2026-09-03 06:04:34,256 - MMSA [INFO] - TEST-(DLF) >>  acc_7: 0.3280  acc_5: 0.3455  acc_2: 0.8277  F1_score: 0.8274  Corr: 0.6886  MAE: 0.9680  Loss: 0.9668 
2026-09-03 06:05:10,263 - MMSA [INFO] - >> Epoch: 4 TRAIN -(DLF) [1/4/1] >> total_loss: 3.7871  acc_7: 0.3847  acc_5: 0.4050  acc_2: 0.8440  F1_score: 0.8444  Corr: 0.7521  MAE: 0.7818 
2026-09-03 06:05:12,481 - MMSA [INFO] - VAL-(DLF) >>  acc_7: 0.2838  acc_5: 0.3493  acc_2: 0.7870  F1_score: 0.7870  Corr: 0.7008  MAE: 0.9806  Loss: 0.9640 
2026-09-03 06:05:18,122 - MMSA [INFO] - TEST-(DLF) >>  acc_7: 0.3513  acc_5: 0.3688  acc_2: 0.8216  F1_score: 0.8145  Corr: 0.7070  MAE: 0.8771  Loss: 0.8758 
2026-09-03 06:05:55,970 - MMSA [INFO] - >> Epoch: 5 TRAIN -(DLF) [2/5/1] >> total_loss: 3.6711  acc_7: 0.4019  acc_5: 0.4229  acc_2: 0.8408  F1_score: 0.8412  Corr: 0.7606  MAE: 0.7588 
2026-09-03 06:05:58,577 - MMSA [INFO] - VAL-(DLF) >>  acc_7: 0.3275  acc_5: 0.4105  acc_2: 0.8472  F1_score: 0.8452  Corr: 0.7219  MAE: 0.9320  Loss: 0.9246 
2026-09-03 06:06:04,739 - MMSA [INFO] - TEST-(DLF) >>  acc_7: 0.2930  acc_5: 0.3222  acc_2: 0.7835  F1_score: 0.7841  Corr: 0.7217  MAE: 1.0659  Loss: 1.0652 
2026-09-03 06:06:41,981 - MMSA [INFO] - >> Epoch: 6 TRAIN -(DLF) [1/6/1] >> total_loss: 3.4283  acc_7: 0.4346  acc_5: 0.4665  acc_2: 0.8806  F1_score: 0.8808  Corr: 0.8164  MAE: 0.6746 
2026-09-03 06:06:44,433 - MMSA [INFO] - VAL-(DLF) >>  acc_7: 0.3450  acc_5: 0.4236  acc_2: 0.8611  F1_score: 0.8618  Corr: 0.7380  MAE: 0.8652  Loss: 0.8471 
2026-09-03 06:06:50,082 - MMSA [INFO] - TEST-(DLF) >>  acc_7: 0.3542  acc_5: 0.3878  acc_2: 0.8430  F1_score: 0.8419  Corr: 0.7466  MAE: 0.8421  Loss: 0.8412 
2026-09-03 06:07:27,467 - MMSA [INFO] - >> Epoch: 7 TRAIN -(DLF) [1/7/1] >> total_loss: 3.224  acc_7: 0.4618  acc_5: 0.4969  acc_2: 0.9139  F1_score: 0.9140  Corr: 0.8520  MAE: 0.6119 
2026-09-03 06:07:29,890 - MMSA [INFO] - VAL-(DLF) >>  acc_7: 0.3231  acc_5: 0.4017  acc_2: 0.8426  F1_score: 0.8434  Corr: 0.7425  MAE: 0.8618  Loss: 0.8430 
2026-09-03 06:07:35,919 - MMSA [INFO] - TEST-(DLF) >>  acc_7: 0.3644  acc_5: 0.4082  acc_2: 0.8323  F1_score: 0.8311  Corr: 0.7447  MAE: 0.8515  Loss: 0.8507 
2026-09-03 06:08:14,005 - MMSA [INFO] - >> Epoch: 8 TRAIN -(DLF) [1/8/1] >> total_loss: 3.0666  acc_7: 0.4992  acc_5: 0.5319  acc_2: 0.9188  F1_score: 0.9190  Corr: 0.8679  MAE: 0.5696 
2026-09-03 06:08:16,917 - MMSA [INFO] - VAL-(DLF) >>  acc_7: 0.3668  acc_5: 0.4498  acc_2: 0.8611  F1_score: 0.8601  Corr: 0.7679  MAE: 0.8294  Loss: 0.8192 
2026-09-03 06:08:23,685 - MMSA [INFO] - TEST-(DLF) >>  acc_7: 0.3499  acc_5: 0.3965  acc_2: 0.7942  F1_score: 0.7953  Corr: 0.7474  MAE: 0.9421  Loss: 0.9417 
2026-09-03 06:09:03,493 - MMSA [INFO] - >> Epoch: 9 TRAIN -(DLF) [1/9/1] >> total_loss: 2.98  acc_7: 0.4930  acc_5: 0.5327  acc_2: 0.9253  F1_score: 0.9254  Corr: 0.8749  MAE: 0.5681 
2026-09-03 06:09:06,075 - MMSA [INFO] - VAL-(DLF) >>  acc_7: 0.3712  acc_5: 0.4760  acc_2: 0.8611  F1_score: 0.8613  Corr: 0.7636  MAE: 0.8322  Loss: 0.8116 
2026-09-03 06:09:12,430 - MMSA [INFO] - TEST-(DLF) >>  acc_7: 0.3994  acc_5: 0.4752  acc_2: 0.8186  F1_score: 0.8190  Corr: 0.7484  MAE: 0.8512  Loss: 0.8504 
2026-09-03 06:09:50,345 - MMSA [INFO] - >> Epoch: 10 TRAIN -(DLF) [1/10/1] >> total_loss: 2.8731  acc_7: 0.5093  acc_5: 0.5475  acc_2: 0.9326  F1_score: 0.9325  Corr: 0.8889  MAE: 0.5310 
2026-09-03 06:09:52,803 - MMSA [INFO] - VAL-(DLF) >>  acc_7: 0.2969  acc_5: 0.4017  acc_2: 0.8380  F1_score: 0.8388  Corr: 0.7460  MAE: 0.9314  Loss: 0.9061 
2026-09-03 06:09:58,669 - MMSA [INFO] - TEST-(DLF) >>  acc_7: 0.4111  acc_5: 0.4869  acc_2: 0.8338  F1_score: 0.8290  Corr: 0.7520  MAE: 0.8096  Loss: 0.8086 
2026-09-03 06:10:34,300 - MMSA [INFO] - >> Epoch: 11 TRAIN -(DLF) [2/11/1] >> total_loss: 2.947  acc_7: 0.4517  acc_5: 0.4914  acc_2: 0.9033  F1_score: 0.9036  Corr: 0.8735  MAE: 0.5934 
2026-09-03 06:10:36,490 - MMSA [INFO] - VAL-(DLF) >>  acc_7: 0.4017  acc_5: 0.5109  acc_2: 0.8519  F1_score: 0.8505  Corr: 0.7753  MAE: 0.8180  Loss: 0.8070 
2026-09-03 06:10:42,172 - MMSA [INFO] - TEST-(DLF) >>  acc_7: 0.3834  acc_5: 0.4490  acc_2: 0.8079  F1_score: 0.8090  Corr: 0.7461  MAE: 0.9047  Loss: 0.9045 
2026-09-03 06:11:21,110 - MMSA [INFO] - >> Epoch: 12 TRAIN -(DLF) [1/12/1] >> total_loss: 2.7907  acc_7: 0.5171  acc_5: 0.5600  acc_2: 0.9180  F1_score: 0.9181  Corr: 0.8934  MAE: 0.5394 
2026-09-03 06:11:23,441 - MMSA [INFO] - VAL-(DLF) >>  acc_7: 0.4236  acc_5: 0.5371  acc_2: 0.8565  F1_score: 0.8556  Corr: 0.7690  MAE: 0.8077  Loss: 0.7956 
2026-09-03 06:11:29,308 - MMSA [INFO] - TEST-(DLF) >>  acc_7: 0.3863  acc_5: 0.4534  acc_2: 0.8095  F1_score: 0.8105  Corr: 0.7531  MAE: 0.8937  Loss: 0.8935 
2026-09-03 06:12:05,913 - MMSA [INFO] - >> Epoch: 13 TRAIN -(DLF) [1/13/1] >> total_loss: 2.7214  acc_7: 0.5483  acc_5: 0.5903  acc_2: 0.9269  F1_score: 0.9269  Corr: 0.9028  MAE: 0.4984 
2026-09-03 06:12:08,181 - MMSA [INFO] - VAL-(DLF) >>  acc_7: 0.3886  acc_5: 0.4978  acc_2: 0.8519  F1_score: 0.8526  Corr: 0.7713  MAE: 0.8071  Loss: 0.7922 
2026-09-03 06:12:14,070 - MMSA [INFO] - TEST-(DLF) >>  acc_7: 0.4300  acc_5: 0.5000  acc_2: 0.8354  F1_score: 0.8334  Corr: 0.7662  MAE: 0.7786  Loss: 0.7780 
2026-09-03 06:12:51,228 - MMSA [INFO] - >> Epoch: 14 TRAIN -(DLF) [1/14/1] >> total_loss: 2.6301  acc_7: 0.5639  acc_5: 0.6067  acc_2: 0.9374  F1_score: 0.9375  Corr: 0.9105  MAE: 0.4755 
2026-09-03 06:12:53,411 - MMSA [INFO] - VAL-(DLF) >>  acc_7: 0.4105  acc_5: 0.5197  acc_2: 0.8657  F1_score: 0.8661  Corr: 0.7800  MAE: 0.7871  Loss: 0.7748 
2026-09-03 06:12:59,127 - MMSA [INFO] - TEST-(DLF) >>  acc_7: 0.4082  acc_5: 0.4840  acc_2: 0.8262  F1_score: 0.8265  Corr: 0.7657  MAE: 0.8119  Loss: 0.8116 
2026-09-03 06:13:34,736 - MMSA [INFO] - >> Epoch: 15 TRAIN -(DLF) [1/15/1] >> total_loss: 2.5155  acc_7: 0.5997  acc_5: 0.6519  acc_2: 0.9472  F1_score: 0.9472  Corr: 0.9227  MAE: 0.4335 
2026-09-03 06:13:37,220 - MMSA [INFO] - VAL-(DLF) >>  acc_7: 0.4279  acc_5: 0.5371  acc_2: 0.8750  F1_score: 0.8751  Corr: 0.7813  MAE: 0.7782  Loss: 0.7691 
2026-09-03 06:13:42,825 - MMSA [INFO] - TEST-(DLF) >>  acc_7: 0.4096  acc_5: 0.4854  acc_2: 0.8308  F1_score: 0.8314  Corr: 0.7646  MAE: 0.7933  Loss: 0.7931 
2026-09-03 06:14:19,368 - MMSA [INFO] - >> Epoch: 16 TRAIN -(DLF) [1/16/1] >> total_loss: 2.4649  acc_7: 0.6176  acc_5: 0.6698  acc_2: 0.9537  F1_score: 0.9537  Corr: 0.9265  MAE: 0.4250 
2026-09-03 06:14:21,742 - MMSA [INFO] - VAL-(DLF) >>  acc_7: 0.4148  acc_5: 0.5328  acc_2: 0.8657  F1_score: 0.8661  Corr: 0.7818  MAE: 0.7905  Loss: 0.7761 
2026-09-03 06:14:27,487 - MMSA [INFO] - TEST-(DLF) >>  acc_7: 0.4242  acc_5: 0.5029  acc_2: 0.8323  F1_score: 0.8322  Corr: 0.7689  MAE: 0.7876  Loss: 0.7871 
2026-09-03 06:15:03,374 - MMSA [INFO] - >> Epoch: 17 TRAIN -(DLF) [2/17/1] >> total_loss: 2.3865  acc_7: 0.6308  acc_5: 0.6822  acc_2: 0.9569  F1_score: 0.9570  Corr: 0.9305  MAE: 0.4128 
2026-09-03 06:15:05,754 - MMSA [INFO] - VAL-(DLF) >>  acc_7: 0.3974  acc_5: 0.5109  acc_2: 0.8611  F1_score: 0.8616  Corr: 0.7811  MAE: 0.7912  Loss: 0.7758 
2026-09-03 06:15:12,926 - MMSA [INFO] - TEST-(DLF) >>  acc_7: 0.4329  acc_5: 0.5102  acc_2: 0.8323  F1_score: 0.8318  Corr: 0.7721  MAE: 0.7763  Loss: 0.7758 
2026-09-03 06:15:49,224 - MMSA [INFO] - >> Epoch: 18 TRAIN -(DLF) [3/18/1] >> total_loss: 2.3562  acc_7: 0.6324  acc_5: 0.6900  acc_2: 0.9407  F1_score: 0.9408  Corr: 0.9340  MAE: 0.4092 
2026-09-03 06:15:52,615 - MMSA [INFO] - VAL-(DLF) >>  acc_7: 0.4105  acc_5: 0.5197  acc_2: 0.8750  F1_score: 0.8749  Corr: 0.7867  MAE: 0.7625  Loss: 0.7547 
2026-09-03 06:15:59,852 - MMSA [INFO] - TEST-(DLF) >>  acc_7: 0.4169  acc_5: 0.4913  acc_2: 0.8232  F1_score: 0.8241  Corr: 0.7676  MAE: 0.8017  Loss: 0.8014 
2026-09-03 06:16:35,847 - MMSA [INFO] - >> Epoch: 19 TRAIN -(DLF) [1/19/1] >> total_loss: 2.2814  acc_7: 0.6386  acc_5: 0.6877  acc_2: 0.9529  F1_score: 0.9529  Corr: 0.9380  MAE: 0.3811 
2026-09-03 06:16:38,783 - MMSA [INFO] - VAL-(DLF) >>  acc_7: 0.4017  acc_5: 0.5066  acc_2: 0.8704  F1_score: 0.8707  Corr: 0.7877  MAE: 0.7684  Loss: 0.7549 
2026-09-03 06:16:44,324 - MMSA [INFO] - TEST-(DLF) >>  acc_7: 0.4257  acc_5: 0.5015  acc_2: 0.8232  F1_score: 0.8236  Corr: 0.7672  MAE: 0.7969  Loss: 0.7965 
2026-09-03 06:17:18,782 - MMSA [INFO] - >> Epoch: 20 TRAIN -(DLF) [2/20/1] >> total_loss: 2.2653  acc_7: 0.6550  acc_5: 0.7111  acc_2: 0.9594  F1_score: 0.9594  Corr: 0.9418  MAE: 0.3748 
2026-09-03 06:17:20,995 - MMSA [INFO] - VAL-(DLF) >>  acc_7: 0.4017  acc_5: 0.5066  acc_2: 0.8611  F1_score: 0.8609  Corr: 0.7905  MAE: 0.7588  Loss: 0.7495 
2026-09-03 06:17:27,065 - MMSA [INFO] - TEST-(DLF) >>  acc_7: 0.4227  acc_5: 0.4985  acc_2: 0.8125  F1_score: 0.8132  Corr: 0.7648  MAE: 0.7976  Loss: 0.7971 
2026-09-03 06:18:04,513 - MMSA [INFO] - >> Epoch: 21 TRAIN -(DLF) [1/21/1] >> total_loss: 2.2231  acc_7: 0.6379  acc_5: 0.6939  acc_2: 0.9626  F1_score: 0.9626  Corr: 0.9447  MAE: 0.3731 
2026-09-03 06:18:06,878 - MMSA [INFO] - VAL-(DLF) >>  acc_7: 0.4148  acc_5: 0.5197  acc_2: 0.8519  F1_score: 0.8525  Corr: 0.7856  MAE: 0.7699  Loss: 0.7557 
2026-09-03 06:18:12,757 - MMSA [INFO] - TEST-(DLF) >>  acc_7: 0.4490  acc_5: 0.5233  acc_2: 0.8338  F1_score: 0.8334  Corr: 0.7670  MAE: 0.7642  Loss: 0.7635 
2026-09-03 06:18:46,786 - MMSA [INFO] - >> Epoch: 22 TRAIN -(DLF) [2/22/1] >> total_loss: 2.1902  acc_7: 0.6534  acc_5: 0.7064  acc_2: 0.9634  F1_score: 0.9634  Corr: 0.9479  MAE: 0.3601 
2026-09-03 06:18:49,462 - MMSA [INFO] - VAL-(DLF) >>  acc_7: 0.4192  acc_5: 0.5328  acc_2: 0.8519  F1_score: 0.8525  Corr: 0.7874  MAE: 0.7769  Loss: 0.7583 
2026-09-03 06:18:55,287 - MMSA [INFO] - TEST-(DLF) >>  acc_7: 0.4621  acc_5: 0.5394  acc_2: 0.8384  F1_score: 0.8375  Corr: 0.7681  MAE: 0.7607  Loss: 0.7601 
2026-09-03 06:19:30,036 - MMSA [INFO] - >> Epoch: 23 TRAIN -(DLF) [3/23/1] >> total_loss: 2.1718  acc_7: 0.6854  acc_5: 0.7407  acc_2: 0.9521  F1_score: 0.9522  Corr: 0.9503  MAE: 0.3459 
2026-09-03 06:19:32,326 - MMSA [INFO] - VAL-(DLF) >>  acc_7: 0.4148  acc_5: 0.5284  acc_2: 0.8657  F1_score: 0.8661  Corr: 0.7921  MAE: 0.7602  Loss: 0.7460 
2026-09-03 06:19:38,107 - MMSA [INFO] - TEST-(DLF) >>  acc_7: 0.4592  acc_5: 0.5379  acc_2: 0.8155  F1_score: 0.8157  Corr: 0.7678  MAE: 0.7709  Loss: 0.7703 
2026-09-03 06:20:13,477 - MMSA [INFO] - >> Epoch: 24 TRAIN -(DLF) [1/24/1] >> total_loss: 2.1135  acc_7: 0.6752  acc_5: 0.7313  acc_2: 0.9634  F1_score: 0.9635  Corr: 0.9524  MAE: 0.3445 
2026-09-03 06:20:16,191 - MMSA [INFO] - VAL-(DLF) >>  acc_7: 0.4192  acc_5: 0.5328  acc_2: 0.8472  F1_score: 0.8479  Corr: 0.7876  MAE: 0.7682  Loss: 0.7535 
2026-09-03 06:20:21,788 - MMSA [INFO] - TEST-(DLF) >>  acc_7: 0.4563  acc_5: 0.5364  acc_2: 0.8247  F1_score: 0.8241  Corr: 0.7685  MAE: 0.7634  Loss: 0.7627 
2026-09-03 06:20:57,251 - MMSA [INFO] - >> Epoch: 25 TRAIN -(DLF) [2/25/1] >> total_loss: 2.1158  acc_7: 0.6706  acc_5: 0.7274  acc_2: 0.9594  F1_score: 0.9594  Corr: 0.9514  MAE: 0.3449 
2026-09-03 06:20:59,439 - MMSA [INFO] - VAL-(DLF) >>  acc_7: 0.3974  acc_5: 0.5109  acc_2: 0.8565  F1_score: 0.8568  Corr: 0.7860  MAE: 0.7776  Loss: 0.7672 
2026-09-03 06:21:04,906 - MMSA [INFO] - TEST-(DLF) >>  acc_7: 0.4213  acc_5: 0.4985  acc_2: 0.8201  F1_score: 0.8207  Corr: 0.7681  MAE: 0.8018  Loss: 0.8014 
2026-09-03 06:21:41,286 - MMSA [INFO] - >> Epoch: 26 TRAIN -(DLF) [3/26/1] >> total_loss: 2.1118  acc_7: 0.6706  acc_5: 0.7298  acc_2: 0.9578  F1_score: 0.9578  Corr: 0.9517  MAE: 0.3481 
2026-09-03 06:21:43,726 - MMSA [INFO] - VAL-(DLF) >>  acc_7: 0.4017  acc_5: 0.5109  acc_2: 0.8565  F1_score: 0.8556  Corr: 0.7871  MAE: 0.7737  Loss: 0.7665 
2026-09-03 06:21:49,684 - MMSA [INFO] - TEST-(DLF) >>  acc_7: 0.4227  acc_5: 0.4927  acc_2: 0.8125  F1_score: 0.8135  Corr: 0.7681  MAE: 0.8176  Loss: 0.8173 
2026-09-03 06:22:24,552 - MMSA [INFO] - >> Epoch: 27 TRAIN -(DLF) [4/27/1] >> total_loss: 2.1068  acc_7: 0.6526  acc_5: 0.7118  acc_2: 0.9553  F1_score: 0.9553  Corr: 0.9527  MAE: 0.3550 
2026-09-03 06:22:26,794 - MMSA [INFO] - VAL-(DLF) >>  acc_7: 0.4148  acc_5: 0.5153  acc_2: 0.8472  F1_score: 0.8473  Corr: 0.7849  MAE: 0.7646  Loss: 0.7561 
2026-09-03 06:22:32,557 - MMSA [INFO] - TEST-(DLF) >>  acc_7: 0.4519  acc_5: 0.5175  acc_2: 0.8262  F1_score: 0.8261  Corr: 0.7769  MAE: 0.7507  Loss: 0.7500 
2026-09-03 06:23:07,018 - MMSA [INFO] - >> Epoch: 28 TRAIN -(DLF) [5/28/1] >> total_loss: 2.065  acc_7: 0.6924  acc_5: 0.7500  acc_2: 0.9683  F1_score: 0.9683  Corr: 0.9569  MAE: 0.3294 
2026-09-03 06:23:09,202 - MMSA [INFO] - VAL-(DLF) >>  acc_7: 0.4192  acc_5: 0.5240  acc_2: 0.8657  F1_score: 0.8661  Corr: 0.7868  MAE: 0.7826  Loss: 0.7670 
2026-09-03 06:23:14,904 - MMSA [INFO] - TEST-(DLF) >>  acc_7: 0.4606  acc_5: 0.5350  acc_2: 0.8262  F1_score: 0.8258  Corr: 0.7776  MAE: 0.7570  Loss: 0.7565 
2026-09-03 06:23:50,156 - MMSA [INFO] - >> Epoch: 29 TRAIN -(DLF) [6/29/1] >> total_loss: 2.0195  acc_7: 0.7009  acc_5: 0.7523  acc_2: 0.9529  F1_score: 0.9529  Corr: 0.9576  MAE: 0.3256 
2026-09-03 06:23:52,498 - MMSA [INFO] - VAL-(DLF) >>  acc_7: 0.4367  acc_5: 0.5415  acc_2: 0.8565  F1_score: 0.8564  Corr: 0.7940  MAE: 0.7515  Loss: 0.7399 
2026-09-03 06:23:58,292 - MMSA [INFO] - TEST-(DLF) >>  acc_7: 0.4417  acc_5: 0.5175  acc_2: 0.8216  F1_score: 0.8222  Corr: 0.7733  MAE: 0.7685  Loss: 0.7678 
2026-09-03 06:24:34,424 - MMSA [INFO] - >> Epoch: 30 TRAIN -(DLF) [1/30/1] >> total_loss: 2.015  acc_7: 0.6931  acc_5: 0.7461  acc_2: 0.9602  F1_score: 0.9602  Corr: 0.9569  MAE: 0.3244 
2026-09-03 06:24:36,763 - MMSA [INFO] - VAL-(DLF) >>  acc_7: 0.4017  acc_5: 0.5109  acc_2: 0.8565  F1_score: 0.8569  Corr: 0.7916  MAE: 0.7454  Loss: 0.7312 
2026-09-03 06:24:42,439 - MMSA [INFO] - TEST-(DLF) >>  acc_7: 0.4431  acc_5: 0.5175  acc_2: 0.8232  F1_score: 0.8230  Corr: 0.7773  MAE: 0.7403  Loss: 0.7394 
2026-09-03 06:25:18,603 - MMSA [INFO] - >> Epoch: 31 TRAIN -(DLF) [1/31/1] >> total_loss: 1.9831  acc_7: 0.6939  acc_5: 0.7445  acc_2: 0.9651  F1_score: 0.9651  Corr: 0.9596  MAE: 0.3153 
2026-09-03 06:25:20,873 - MMSA [INFO] - VAL-(DLF) >>  acc_7: 0.4061  acc_5: 0.5109  acc_2: 0.8565  F1_score: 0.8571  Corr: 0.7897  MAE: 0.7569  Loss: 0.7412 
2026-09-03 06:25:26,393 - MMSA [INFO] - TEST-(DLF) >>  acc_7: 0.4621  acc_5: 0.5335  acc_2: 0.8293  F1_score: 0.8284  Corr: 0.7762  MAE: 0.7379  Loss: 0.7370 
2026-09-03 06:26:04,308 - MMSA [INFO] - >> Epoch: 32 TRAIN -(DLF) [2/32/1] >> total_loss: 2.0687  acc_7: 0.6682  acc_5: 0.7212  acc_2: 0.9529  F1_score: 0.9529  Corr: 0.9530  MAE: 0.3575 
2026-09-03 06:26:06,931 - MMSA [INFO] - VAL-(DLF) >>  acc_7: 0.4541  acc_5: 0.5502  acc_2: 0.8565  F1_score: 0.8556  Corr: 0.7947  MAE: 0.7404  Loss: 0.7321 
2026-09-03 06:26:12,451 - MMSA [INFO] - TEST-(DLF) >>  acc_7: 0.4257  acc_5: 0.5058  acc_2: 0.8293  F1_score: 0.8303  Corr: 0.7711  MAE: 0.7963  Loss: 0.7957 
2026-09-03 06:26:46,798 - MMSA [INFO] - >> Epoch: 33 TRAIN -(DLF) [3/33/1] >> total_loss: 1.9991  acc_7: 0.6900  acc_5: 0.7516  acc_2: 0.9578  F1_score: 0.9578  Corr: 0.9577  MAE: 0.3255 
2026-09-03 06:26:49,745 - MMSA [INFO] - VAL-(DLF) >>  acc_7: 0.4498  acc_5: 0.5502  acc_2: 0.8519  F1_score: 0.8519  Corr: 0.7855  MAE: 0.7501  Loss: 0.7417 
2026-09-03 06:26:55,587 - MMSA [INFO] - TEST-(DLF) >>  acc_7: 0.4519  acc_5: 0.5190  acc_2: 0.8247  F1_score: 0.8252  Corr: 0.7700  MAE: 0.7643  Loss: 0.7636 
2026-09-03 06:27:29,639 - MMSA [INFO] - >> Epoch: 34 TRAIN -(DLF) [4/34/1] >> total_loss: 1.9736  acc_7: 0.6924  acc_5: 0.7523  acc_2: 0.9553  F1_score: 0.9553  Corr: 0.9580  MAE: 0.3199 
2026-09-03 06:27:31,975 - MMSA [INFO] - VAL-(DLF) >>  acc_7: 0.4323  acc_5: 0.5371  acc_2: 0.8426  F1_score: 0.8418  Corr: 0.7830  MAE: 0.7599  Loss: 0.7556 
2026-09-03 06:27:37,590 - MMSA [INFO] - TEST-(DLF) >>  acc_7: 0.4184  acc_5: 0.4883  acc_2: 0.8171  F1_score: 0.8181  Corr: 0.7693  MAE: 0.7973  Loss: 0.7967 
2026-09-03 06:28:12,247 - MMSA [INFO] - >> Epoch: 35 TRAIN -(DLF) [5/35/1] >> total_loss: 1.9669  acc_7: 0.6955  acc_5: 0.7578  acc_2: 0.9545  F1_score: 0.9545  Corr: 0.9602  MAE: 0.3135 
2026-09-03 06:28:14,706 - MMSA [INFO] - VAL-(DLF) >>  acc_7: 0.4323  acc_5: 0.5371  acc_2: 0.8519  F1_score: 0.8522  Corr: 0.7881  MAE: 0.7732  Loss: 0.7573 
2026-09-03 06:28:21,112 - MMSA [INFO] - TEST-(DLF) >>  acc_7: 0.4490  acc_5: 0.5233  acc_2: 0.8354  F1_score: 0.8354  Corr: 0.7792  MAE: 0.7530  Loss: 0.7525 
2026-09-03 06:28:56,218 - MMSA [INFO] - >> Epoch: 36 TRAIN -(DLF) [6/36/1] >> total_loss: 1.9511  acc_7: 0.6854  acc_5: 0.7508  acc_2: 0.9618  F1_score: 0.9618  Corr: 0.9626  MAE: 0.3102 
2026-09-03 06:28:58,552 - MMSA [INFO] - VAL-(DLF) >>  acc_7: 0.4410  acc_5: 0.5371  acc_2: 0.8333  F1_score: 0.8328  Corr: 0.7906  MAE: 0.7404  Loss: 0.7361 
2026-09-03 06:29:04,187 - MMSA [INFO] - TEST-(DLF) >>  acc_7: 0.4315  acc_5: 0.4956  acc_2: 0.8247  F1_score: 0.8257  Corr: 0.7830  MAE: 0.7689  Loss: 0.7682 
2026-09-03 06:29:38,277 - MMSA [INFO] - >> Epoch: 37 TRAIN -(DLF) [7/37/1] >> total_loss: 1.9213  acc_7: 0.7165  acc_5: 0.7734  acc_2: 0.9569  F1_score: 0.9569  Corr: 0.9650  MAE: 0.2912 
2026-09-03 06:29:40,582 - MMSA [INFO] - VAL-(DLF) >>  acc_7: 0.4148  acc_5: 0.5197  acc_2: 0.8426  F1_score: 0.8433  Corr: 0.7872  MAE: 0.7643  Loss: 0.7469 
2026-09-03 06:29:46,221 - MMSA [INFO] - TEST-(DLF) >>  acc_7: 0.4519  acc_5: 0.5233  acc_2: 0.8445  F1_score: 0.8442  Corr: 0.7882  MAE: 0.7312  Loss: 0.7305 
2026-09-03 06:30:20,581 - MMSA [INFO] - >> Epoch: 38 TRAIN -(DLF) [8/38/1] >> total_loss: 1.9227  acc_7: 0.7079  acc_5: 0.7664  acc_2: 0.9659  F1_score: 0.9659  Corr: 0.9626  MAE: 0.2962 
2026-09-03 06:30:22,891 - MMSA [INFO] - VAL-(DLF) >>  acc_7: 0.4279  acc_5: 0.5328  acc_2: 0.8380  F1_score: 0.8383  Corr: 0.7906  MAE: 0.7443  Loss: 0.7329 
2026-09-03 06:30:29,011 - MMSA [INFO] - TEST-(DLF) >>  acc_7: 0.4621  acc_5: 0.5364  acc_2: 0.8384  F1_score: 0.8388  Corr: 0.7888  MAE: 0.7316  Loss: 0.7310 
2026-09-03 06:31:05,072 - MMSA [INFO] - >> Epoch: 39 TRAIN -(DLF) [9/39/1] >> total_loss: 1.9377  acc_7: 0.6986  acc_5: 0.7601  acc_2: 0.9643  F1_score: 0.9643  Corr: 0.9621  MAE: 0.3143 
2026-09-03 06:31:07,450 - MMSA [INFO] - VAL-(DLF) >>  acc_7: 0.4410  acc_5: 0.5459  acc_2: 0.8426  F1_score: 0.8430  Corr: 0.7912  MAE: 0.7507  Loss: 0.7391 
2026-09-03 06:31:13,054 - MMSA [INFO] - TEST-(DLF) >>  acc_7: 0.4373  acc_5: 0.5219  acc_2: 0.8369  F1_score: 0.8373  Corr: 0.7882  MAE: 0.7505  Loss: 0.7500 
2026-09-03 06:31:47,944 - MMSA [INFO] - >> Epoch: 40 TRAIN -(DLF) [10/40/1] >> total_loss: 1.9074  acc_7: 0.7157  acc_5: 0.7749  acc_2: 0.9667  F1_score: 0.9667  Corr: 0.9658  MAE: 0.2918 
2026-09-03 06:31:50,764 - MMSA [INFO] - VAL-(DLF) >>  acc_7: 0.4323  acc_5: 0.5371  acc_2: 0.8472  F1_score: 0.8477  Corr: 0.7917  MAE: 0.7425  Loss: 0.7318 
2026-09-03 06:31:56,251 - MMSA [INFO] - TEST-(DLF) >>  acc_7: 0.4548  acc_5: 0.5306  acc_2: 0.8430  F1_score: 0.8433  Corr: 0.7884  MAE: 0.7396  Loss: 0.7390 
2026-09-03 06:32:30,910 - MMSA [INFO] - >> Epoch: 41 TRAIN -(DLF) [11/41/1] >> total_loss: 1.8722  acc_7: 0.7344  acc_5: 0.7952  acc_2: 0.9764  F1_score: 0.9765  Corr: 0.9674  MAE: 0.2785 
2026-09-03 06:32:33,395 - MMSA [INFO] - VAL-(DLF) >>  acc_7: 0.4279  acc_5: 0.5328  acc_2: 0.8333  F1_score: 0.8337  Corr: 0.7928  MAE: 0.7431  Loss: 0.7326 
2026-09-03 06:32:39,094 - MMSA [INFO] - TEST-(DLF) >>  acc_7: 0.4504  acc_5: 0.5233  acc_2: 0.8415  F1_score: 0.8417  Corr: 0.7891  MAE: 0.7385  Loss: 0.7379 
2026-09-03 06:33:12,686 - MMSA [INFO] - >> Epoch: 42 TRAIN -(DLF) [12/42/1] >> total_loss: 1.8906  acc_7: 0.7188  acc_5: 0.7780  acc_2: 0.9651  F1_score: 0.9651  Corr: 0.9650  MAE: 0.2919 
2026-09-03 06:33:14,913 - MMSA [INFO] - VAL-(DLF) >>  acc_7: 0.4367  acc_5: 0.5415  acc_2: 0.8380  F1_score: 0.8378  Corr: 0.7931  MAE: 0.7348  Loss: 0.7258 
2026-09-03 06:33:21,123 - MMSA [INFO] - TEST-(DLF) >>  acc_7: 0.4621  acc_5: 0.5292  acc_2: 0.8399  F1_score: 0.8404  Corr: 0.7891  MAE: 0.7442  Loss: 0.7436 
2026-09-03 06:33:56,439 - MMSA [INFO] - >> Epoch: 43 TRAIN -(DLF) [1/43/1] >> total_loss: 1.8786  acc_7: 0.7305  acc_5: 0.7812  acc_2: 0.9683  F1_score: 0.9683  Corr: 0.9672  MAE: 0.2811 
2026-09-03 06:33:58,758 - MMSA [INFO] - VAL-(DLF) >>  acc_7: 0.4279  acc_5: 0.5328  acc_2: 0.8380  F1_score: 0.8381  Corr: 0.7927  MAE: 0.7369  Loss: 0.7257 
2026-09-03 06:34:05,516 - MMSA [INFO] - TEST-(DLF) >>  acc_7: 0.4504  acc_5: 0.5248  acc_2: 0.8399  F1_score: 0.8403  Corr: 0.7879  MAE: 0.7453  Loss: 0.7447 
2026-09-03 06:34:46,187 - MMSA [INFO] - >> Epoch: 44 TRAIN -(DLF) [1/44/1] >> total_loss: 1.8482  acc_7: 0.7391  acc_5: 0.7998  acc_2: 0.9699  F1_score: 0.9699  Corr: 0.9691  MAE: 0.2732 
2026-09-03 06:34:48,890 - MMSA [INFO] - VAL-(DLF) >>  acc_7: 0.4279  acc_5: 0.5328  acc_2: 0.8472  F1_score: 0.8477  Corr: 0.7922  MAE: 0.7362  Loss: 0.7261 
2026-09-03 06:34:54,976 - MMSA [INFO] - TEST-(DLF) >>  acc_7: 0.4636  acc_5: 0.5321  acc_2: 0.8399  F1_score: 0.8401  Corr: 0.7888  MAE: 0.7339  Loss: 0.7333 
2026-09-03 06:35:31,413 - MMSA [INFO] - >> Epoch: 45 TRAIN -(DLF) [2/45/1] >> total_loss: 1.8579  acc_7: 0.7360  acc_5: 0.7952  acc_2: 0.9724  F1_score: 0.9724  Corr: 0.9685  MAE: 0.2741 
2026-09-03 06:35:34,096 - MMSA [INFO] - VAL-(DLF) >>  acc_7: 0.4454  acc_5: 0.5502  acc_2: 0.8333  F1_score: 0.8333  Corr: 0.7957  MAE: 0.7267  Loss: 0.7173 
2026-09-03 06:35:46,911 - MMSA [INFO] - TEST-(DLF) >>  acc_7: 0.4563  acc_5: 0.5277  acc_2: 0.8399  F1_score: 0.8404  Corr: 0.7888  MAE: 0.7430  Loss: 0.7423 
2026-09-03 06:36:27,972 - MMSA [INFO] - >> Epoch: 46 TRAIN -(DLF) [1/46/1] >> total_loss: 1.8264  acc_7: 0.7399  acc_5: 0.8006  acc_2: 0.9716  F1_score: 0.9716  Corr: 0.9702  MAE: 0.2713 
2026-09-03 06:36:30,820 - MMSA [INFO] - VAL-(DLF) >>  acc_7: 0.4236  acc_5: 0.5328  acc_2: 0.8472  F1_score: 0.8479  Corr: 0.7931  MAE: 0.7488  Loss: 0.7320 
2026-09-03 06:36:37,096 - MMSA [INFO] - TEST-(DLF) >>  acc_7: 0.4825  acc_5: 0.5466  acc_2: 0.8415  F1_score: 0.8407  Corr: 0.7907  MAE: 0.7249  Loss: 0.7243 
2026-09-03 06:37:14,609 - MMSA [INFO] - >> Epoch: 47 TRAIN -(DLF) [2/47/1] >> total_loss: 1.8601  acc_7: 0.7430  acc_5: 0.7936  acc_2: 0.9667  F1_score: 0.9667  Corr: 0.9678  MAE: 0.2841 
2026-09-03 06:37:17,678 - MMSA [INFO] - VAL-(DLF) >>  acc_7: 0.4279  acc_5: 0.5459  acc_2: 0.8426  F1_score: 0.8424  Corr: 0.7963  MAE: 0.7336  Loss: 0.7263 
2026-09-03 06:37:25,675 - MMSA [INFO] - TEST-(DLF) >>  acc_7: 0.4504  acc_5: 0.5190  acc_2: 0.8354  F1_score: 0.8360  Corr: 0.7843  MAE: 0.7590  Loss: 0.7583 
2026-09-03 06:38:07,376 - MMSA [INFO] - >> Epoch: 48 TRAIN -(DLF) [3/48/1] >> total_loss: 1.8567  acc_7: 0.7368  acc_5: 0.7928  acc_2: 0.9667  F1_score: 0.9667  Corr: 0.9693  MAE: 0.2770 
2026-09-03 06:38:10,581 - MMSA [INFO] - VAL-(DLF) >>  acc_7: 0.4410  acc_5: 0.5459  acc_2: 0.8380  F1_score: 0.8378  Corr: 0.7946  MAE: 0.7368  Loss: 0.7248 
2026-09-03 06:38:18,488 - MMSA [INFO] - TEST-(DLF) >>  acc_7: 0.4504  acc_5: 0.5233  acc_2: 0.8369  F1_score: 0.8373  Corr: 0.7826  MAE: 0.7523  Loss: 0.7517 
2026-09-03 06:39:01,841 - MMSA [INFO] - >> Epoch: 49 TRAIN -(DLF) [4/49/1] >> total_loss: 1.8488  acc_7: 0.7274  acc_5: 0.7905  acc_2: 0.9756  F1_score: 0.9756  Corr: 0.9690  MAE: 0.2810 
2026-09-03 06:39:05,181 - MMSA [INFO] - VAL-(DLF) >>  acc_7: 0.4192  acc_5: 0.5197  acc_2: 0.8426  F1_score: 0.8431  Corr: 0.7946  MAE: 0.7361  Loss: 0.7237 
2026-09-03 06:39:12,081 - MMSA [INFO] - TEST-(DLF) >>  acc_7: 0.4840  acc_5: 0.5510  acc_2: 0.8384  F1_score: 0.8383  Corr: 0.7885  MAE: 0.7267  Loss: 0.7260 
2026-09-03 06:39:48,188 - MMSA [INFO] - >> Epoch: 50 TRAIN -(DLF) [5/50/1] >> total_loss: 1.8372  acc_7: 0.7461  acc_5: 0.8045  acc_2: 0.9708  F1_score: 0.9708  Corr: 0.9701  MAE: 0.2716 
2026-09-03 06:39:50,971 - MMSA [INFO] - VAL-(DLF) >>  acc_7: 0.4541  acc_5: 0.5633  acc_2: 0.8472  F1_score: 0.8471  Corr: 0.7936  MAE: 0.7498  Loss: 0.7421 
2026-09-03 06:39:58,230 - MMSA [INFO] - TEST-(DLF) >>  acc_7: 0.4431  acc_5: 0.5219  acc_2: 0.8338  F1_score: 0.8344  Corr: 0.7877  MAE: 0.7613  Loss: 0.7608 
2026-09-03 06:40:35,187 - MMSA [INFO] - >> Epoch: 51 TRAIN -(DLF) [6/51/1] >> total_loss: 1.8077  acc_7: 0.7453  acc_5: 0.8030  acc_2: 0.9724  F1_score: 0.9724  Corr: 0.9716  MAE: 0.2639 
2026-09-03 06:40:37,870 - MMSA [INFO] - VAL-(DLF) >>  acc_7: 0.4367  acc_5: 0.5371  acc_2: 0.8472  F1_score: 0.8475  Corr: 0.7950  MAE: 0.7377  Loss: 0.7302 
2026-09-03 06:40:44,935 - MMSA [INFO] - TEST-(DLF) >>  acc_7: 0.4519  acc_5: 0.5306  acc_2: 0.8369  F1_score: 0.8372  Corr: 0.7891  MAE: 0.7434  Loss: 0.7428 
2026-09-03 06:41:23,358 - MMSA [INFO] - >> Epoch: 52 TRAIN -(DLF) [7/52/1] >> total_loss: 1.8293  acc_7: 0.7259  acc_5: 0.7944  acc_2: 0.9708  F1_score: 0.9707  Corr: 0.9717  MAE: 0.2740 
2026-09-03 06:41:25,866 - MMSA [INFO] - VAL-(DLF) >>  acc_7: 0.4279  acc_5: 0.5371  acc_2: 0.8472  F1_score: 0.8475  Corr: 0.7952  MAE: 0.7408  Loss: 0.7323 
2026-09-03 06:41:32,401 - MMSA [INFO] - TEST-(DLF) >>  acc_7: 0.4504  acc_5: 0.5292  acc_2: 0.8399  F1_score: 0.8401  Corr: 0.7909  MAE: 0.7377  Loss: 0.7371 
2026-09-03 06:42:09,309 - MMSA [INFO] - >> Epoch: 53 TRAIN -(DLF) [8/53/1] >> total_loss: 1.7923  acc_7: 0.7453  acc_5: 0.8014  acc_2: 0.9748  F1_score: 0.9748  Corr: 0.9739  MAE: 0.2544 
2026-09-03 06:42:11,484 - MMSA [INFO] - VAL-(DLF) >>  acc_7: 0.4367  acc_5: 0.5371  acc_2: 0.8472  F1_score: 0.8473  Corr: 0.7964  MAE: 0.7316  Loss: 0.7234 
2026-09-03 06:42:18,514 - MMSA [INFO] - TEST-(DLF) >>  acc_7: 0.4577  acc_5: 0.5277  acc_2: 0.8399  F1_score: 0.8403  Corr: 0.7903  MAE: 0.7364  Loss: 0.7358 
2026-09-03 06:42:56,015 - MMSA [INFO] - >> Epoch: 54 TRAIN -(DLF) [9/54/1] >> total_loss: 1.8009  acc_7: 0.7399  acc_5: 0.7991  acc_2: 0.9732  F1_score: 0.9732  Corr: 0.9733  MAE: 0.2594 
2026-09-03 06:42:58,311 - MMSA [INFO] - VAL-(DLF) >>  acc_7: 0.4323  acc_5: 0.5284  acc_2: 0.8519  F1_score: 0.8522  Corr: 0.7959  MAE: 0.7386  Loss: 0.7267 
2026-09-03 06:43:03,872 - MMSA [INFO] - TEST-(DLF) >>  acc_7: 0.4650  acc_5: 0.5335  acc_2: 0.8415  F1_score: 0.8415  Corr: 0.7911  MAE: 0.7309  Loss: 0.7303 
2026-09-03 06:43:39,829 - MMSA [INFO] - >> Epoch: 55 TRAIN -(DLF) [10/55/1] >> total_loss: 1.8049  acc_7: 0.7531  acc_5: 0.8045  acc_2: 0.9659  F1_score: 0.9659  Corr: 0.9748  MAE: 0.2567 
2026-09-03 06:43:42,719 - MMSA [INFO] - VAL-(DLF) >>  acc_7: 0.4367  acc_5: 0.5371  acc_2: 0.8519  F1_score: 0.8522  Corr: 0.7946  MAE: 0.7361  Loss: 0.7273 
2026-09-03 06:43:48,541 - MMSA [INFO] - TEST-(DLF) >>  acc_7: 0.4577  acc_5: 0.5292  acc_2: 0.8430  F1_score: 0.8432  Corr: 0.7918  MAE: 0.7330  Loss: 0.7324 
2026-09-03 06:44:25,560 - MMSA [INFO] - >> Epoch: 56 TRAIN -(DLF) [11/56/1] >> total_loss: 1.7834  acc_7: 0.7625  acc_5: 0.8224  acc_2: 0.9732  F1_score: 0.9732  Corr: 0.9749  MAE: 0.2480 
2026-09-03 06:44:28,821 - MMSA [INFO] - VAL-(DLF) >>  acc_7: 0.4367  acc_5: 0.5371  acc_2: 0.8472  F1_score: 0.8475  Corr: 0.7939  MAE: 0.7428  Loss: 0.7335 
2026-09-03 06:44:35,282 - MMSA [INFO] - TEST-(DLF) >>  acc_7: 0.4461  acc_5: 0.5248  acc_2: 0.8415  F1_score: 0.8417  Corr: 0.7914  MAE: 0.7411  Loss: 0.7405 
2026-09-03 06:45:13,716 - MMSA [INFO] - >> Epoch: 57 TRAIN -(DLF) [12/57/1] >> total_loss: 1.7945  acc_7: 0.7461  acc_5: 0.8061  acc_2: 0.9789  F1_score: 0.9789  Corr: 0.9738  MAE: 0.2565 
2026-09-03 06:45:15,898 - MMSA [INFO] - VAL-(DLF) >>  acc_7: 0.4410  acc_5: 0.5328  acc_2: 0.8472  F1_score: 0.8477  Corr: 0.7939  MAE: 0.7380  Loss: 0.7275 
2026-09-03 06:45:22,518 - MMSA [INFO] - TEST-(DLF) >>  acc_7: 0.4621  acc_5: 0.5292  acc_2: 0.8445  F1_score: 0.8446  Corr: 0.7921  MAE: 0.7303  Loss: 0.7296 
2026-09-03 06:46:00,159 - MMSA [INFO] - >> Epoch: 58 TRAIN -(DLF) [13/58/1] >> total_loss: 1.7773  acc_7: 0.7625  acc_5: 0.8131  acc_2: 0.9764  F1_score: 0.9765  Corr: 0.9758  MAE: 0.2462 
2026-09-03 06:46:02,470 - MMSA [INFO] - VAL-(DLF) >>  acc_7: 0.4410  acc_5: 0.5328  acc_2: 0.8472  F1_score: 0.8477  Corr: 0.7937  MAE: 0.7403  Loss: 0.7286 
2026-09-03 06:46:08,534 - MMSA [INFO] - TEST-(DLF) >>  acc_7: 0.4621  acc_5: 0.5277  acc_2: 0.8445  F1_score: 0.8445  Corr: 0.7917  MAE: 0.7317  Loss: 0.7310 
2026-09-03 06:46:43,892 - MMSA [INFO] - >> Epoch: 59 TRAIN -(DLF) [14/59/1] >> total_loss: 1.7893  acc_7: 0.7477  acc_5: 0.8076  acc_2: 0.9756  F1_score: 0.9756  Corr: 0.9743  MAE: 0.2544 
2026-09-03 06:46:46,233 - MMSA [INFO] - VAL-(DLF) >>  acc_7: 0.4410  acc_5: 0.5371  acc_2: 0.8472  F1_score: 0.8477  Corr: 0.7941  MAE: 0.7355  Loss: 0.7247 
2026-09-03 06:46:52,306 - MMSA [INFO] - TEST-(DLF) >>  acc_7: 0.4606  acc_5: 0.5277  acc_2: 0.8415  F1_score: 0.8417  Corr: 0.7908  MAE: 0.7335  Loss: 0.7328 
2026-09-03 06:47:28,411 - MMSA [INFO] - >> Epoch: 60 TRAIN -(DLF) [15/60/1] >> total_loss: 1.781  acc_7: 0.7516  acc_5: 0.8037  acc_2: 0.9773  F1_score: 0.9773  Corr: 0.9752  MAE: 0.2507 
2026-09-03 06:47:30,807 - MMSA [INFO] - VAL-(DLF) >>  acc_7: 0.4279  acc_5: 0.5197  acc_2: 0.8472  F1_score: 0.8477  Corr: 0.7937  MAE: 0.7344  Loss: 0.7241 
2026-09-03 06:47:36,516 - MMSA [INFO] - TEST-(DLF) >>  acc_7: 0.4679  acc_5: 0.5350  acc_2: 0.8415  F1_score: 0.8417  Corr: 0.7901  MAE: 0.7327  Loss: 0.7320 
2026-09-03 06:48:10,801 - MMSA [INFO] - >> Epoch: 61 TRAIN -(DLF) [16/61/1] >> total_loss: 1.7783  acc_7: 0.7430  acc_5: 0.8076  acc_2: 0.9764  F1_score: 0.9765  Corr: 0.9735  MAE: 0.2559 
2026-09-03 06:48:13,218 - MMSA [INFO] - VAL-(DLF) >>  acc_7: 0.4323  acc_5: 0.5328  acc_2: 0.8472  F1_score: 0.8477  Corr: 0.7932  MAE: 0.7381  Loss: 0.7268 
2026-09-03 06:48:19,012 - MMSA [INFO] - TEST-(DLF) >>  acc_7: 0.4606  acc_5: 0.5277  acc_2: 0.8415  F1_score: 0.8417  Corr: 0.7896  MAE: 0.7361  Loss: 0.7354 
2026-09-03 06:48:55,676 - MMSA [INFO] - >> Epoch: 62 TRAIN -(DLF) [17/62/1] >> total_loss: 1.7645  acc_7: 0.7578  acc_5: 0.8115  acc_2: 0.9699  F1_score: 0.9699  Corr: 0.9754  MAE: 0.2448 
2026-09-03 06:48:58,247 - MMSA [INFO] - VAL-(DLF) >>  acc_7: 0.4367  acc_5: 0.5328  acc_2: 0.8426  F1_score: 0.8430  Corr: 0.7934  MAE: 0.7382  Loss: 0.7279 
2026-09-03 06:49:04,072 - MMSA [INFO] - TEST-(DLF) >>  acc_7: 0.4606  acc_5: 0.5306  acc_2: 0.8415  F1_score: 0.8417  Corr: 0.7889  MAE: 0.7400  Loss: 0.7394 
2026-09-03 06:49:40,033 - MMSA [INFO] - >> Epoch: 63 TRAIN -(DLF) [18/63/1] >> total_loss: 1.7745  acc_7: 0.7601  acc_5: 0.8224  acc_2: 0.9740  F1_score: 0.9740  Corr: 0.9756  MAE: 0.2511 
2026-09-03 06:49:42,234 - MMSA [INFO] - VAL-(DLF) >>  acc_7: 0.4323  acc_5: 0.5284  acc_2: 0.8472  F1_score: 0.8477  Corr: 0.7923  MAE: 0.7456  Loss: 0.7333 
2026-09-03 06:49:48,017 - MMSA [INFO] - TEST-(DLF) >>  acc_7: 0.4519  acc_5: 0.5233  acc_2: 0.8399  F1_score: 0.8396  Corr: 0.7898  MAE: 0.7333  Loss: 0.7326 
2026-09-03 06:50:24,566 - MMSA [INFO] - >> Epoch: 64 TRAIN -(DLF) [19/64/1] >> total_loss: 1.7644  acc_7: 0.7531  acc_5: 0.8092  acc_2: 0.9724  F1_score: 0.9724  Corr: 0.9756  MAE: 0.2463 
2026-09-03 06:50:27,039 - MMSA [INFO] - VAL-(DLF) >>  acc_7: 0.4323  acc_5: 0.5284  acc_2: 0.8472  F1_score: 0.8477  Corr: 0.7931  MAE: 0.7408  Loss: 0.7304 
2026-09-03 06:50:32,974 - MMSA [INFO] - TEST-(DLF) >>  acc_7: 0.4563  acc_5: 0.5292  acc_2: 0.8399  F1_score: 0.8401  Corr: 0.7890  MAE: 0.7385  Loss: 0.7379 
2026-09-03 06:51:11,056 - MMSA [INFO] - >> Epoch: 65 TRAIN -(DLF) [20/65/1] >> total_loss: 1.7672  acc_7: 0.7430  acc_5: 0.8022  acc_2: 0.9748  F1_score: 0.9748  Corr: 0.9744  MAE: 0.2538 
2026-09-03 06:51:14,027 - MMSA [INFO] - VAL-(DLF) >>  acc_7: 0.4323  acc_5: 0.5284  acc_2: 0.8426  F1_score: 0.8430  Corr: 0.7938  MAE: 0.7377  Loss: 0.7280 
2026-09-03 06:51:20,168 - MMSA [INFO] - TEST-(DLF) >>  acc_7: 0.4548  acc_5: 0.5277  acc_2: 0.8399  F1_score: 0.8401  Corr: 0.7882  MAE: 0.7415  Loss: 0.7408 
2026-09-03 06:51:27,146 - MMSA [INFO] - TEST-(DLF) >>  acc_7: 0.4563  acc_5: 0.5277  acc_2: 0.8399  F1_score: 0.8404  Corr: 0.7888  MAE: 0.7430  Loss: 0.7423 
2026-09-03 06:51:28,847 - MMSA [INFO] - Results saved to result/normal/mosi_serial_ccdr.csv.
2026-09-03 08:15:19,108 - MMSA [INFO] - Using device: cuda:0
2026-09-03 08:15:19,117 - MMSA [INFO] - Architecture: serial_ccdr, use_ccdr=True
2026-09-03 08:15:19,365 - MMSA [INFO] - train samples: (1284,)
2026-09-03 08:15:19,509 - MMSA [INFO] - valid samples: (229,)
2026-09-03 08:15:19,647 - MMSA [INFO] - test samples: (686,)
2026-09-03 08:15:23,192 - MMSA [INFO] - Optimizer: AdamW, bert_lr=2e-05, other_lr=0.0001, weight_decay=0.005
2026-09-03 08:15:38,487 - MMSA [INFO] - >> Epoch: 1 TRAIN -(DLF) [1/1/1] >> total_loss: 4.944  acc_7: 0.1955  acc_5: 0.1955  acc_2: 0.5833  F1_score: 0.5393  Corr: 0.2042  MAE: 1.2951 
2026-09-03 08:15:39,257 - MMSA [INFO] - VAL-(DLF) >>  acc_7: 0.2358  acc_5: 0.2358  acc_2: 0.6157  F1_score: 0.5423  Corr: 0.4054  MAE: 1.3167  Loss: 1.3501 
2026-09-03 08:15:41,437 - MMSA [INFO] - TEST-(DLF) >>  acc_7: 0.1851  acc_5: 0.1851  acc_2: 0.5198  F1_score: 0.4542  Corr: 0.4390  MAE: 1.3825  Loss: 1.3815 
2026-09-03 08:15:56,443 - MMSA [INFO] - >> Epoch: 2 TRAIN -(DLF) [1/2/1] >> total_loss: 4.6163  acc_7: 0.2181  acc_5: 0.2181  acc_2: 0.6344  F1_score: 0.5766  Corr: 0.4782  MAE: 1.1996 
2026-09-03 08:15:57,255 - MMSA [INFO] - VAL-(DLF) >>  acc_7: 0.2576  acc_5: 0.2576  acc_2: 0.7685  F1_score: 0.7645  Corr: 0.5515  MAE: 1.1797  Loss: 1.2047 
2026-09-03 08:15:59,404 - MMSA [INFO] - TEST-(DLF) >>  acc_7: 0.2172  acc_5: 0.2172  acc_2: 0.7027  F1_score: 0.7039  Corr: 0.5419  MAE: 1.2085  Loss: 1.2072 
2026-09-03 08:16:14,717 - MMSA [INFO] - >> Epoch: 3 TRAIN -(DLF) [1/3/1] >> total_loss: 4.1513  acc_7: 0.2734  acc_5: 0.2749  acc_2: 0.7717  F1_score: 0.7695  Corr: 0.6587  MAE: 0.9891 
2026-09-03 08:16:15,496 - MMSA [INFO] - VAL-(DLF) >>  acc_7: 0.3013  acc_5: 0.3668  acc_2: 0.8380  F1_score: 0.8383  Corr: 0.6950  MAE: 0.9477  Loss: 0.9536 
2026-09-03 08:16:17,620 - MMSA [INFO] - TEST-(DLF) >>  acc_7: 0.3192  acc_5: 0.3367  acc_2: 0.8293  F1_score: 0.8291  Corr: 0.6861  MAE: 0.9821  Loss: 0.9809 
2026-09-03 08:16:32,883 - MMSA [INFO] - >> Epoch: 4 TRAIN -(DLF) [1/4/1] >> total_loss: 3.7146  acc_7: 0.3777  acc_5: 0.3972  acc_2: 0.8400  F1_score: 0.8403  Corr: 0.7472  MAE: 0.7907 
2026-09-03 08:16:33,669 - MMSA [INFO] - VAL-(DLF) >>  acc_7: 0.2882  acc_5: 0.3537  acc_2: 0.7963  F1_score: 0.7968  Corr: 0.7054  MAE: 0.9679  Loss: 0.9529 
2026-09-03 08:16:35,765 - MMSA [INFO] - TEST-(DLF) >>  acc_7: 0.3484  acc_5: 0.3659  acc_2: 0.8232  F1_score: 0.8167  Corr: 0.7102  MAE: 0.8737  Loss: 0.8725 
2026-09-03 08:16:50,925 - MMSA [INFO] - >> Epoch: 5 TRAIN -(DLF) [1/5/1] >> total_loss: 3.5722  acc_7: 0.3995  acc_5: 0.4198  acc_2: 0.8432  F1_score: 0.8436  Corr: 0.7637  MAE: 0.7538 
2026-09-03 08:16:51,794 - MMSA [INFO] - VAL-(DLF) >>  acc_7: 0.3406  acc_5: 0.4236  acc_2: 0.8380  F1_score: 0.8358  Corr: 0.7202  MAE: 0.9254  Loss: 0.9186 
2026-09-03 08:16:53,921 - MMSA [INFO] - TEST-(DLF) >>  acc_7: 0.3032  acc_5: 0.3309  acc_2: 0.7912  F1_score: 0.7919  Corr: 0.7238  MAE: 1.0555  Loss: 1.0549 
2026-09-03 08:17:09,183 - MMSA [INFO] - >> Epoch: 6 TRAIN -(DLF) [1/6/1] >> total_loss: 3.3546  acc_7: 0.4354  acc_5: 0.4673  acc_2: 0.8790  F1_score: 0.8792  Corr: 0.8148  MAE: 0.6769 
2026-09-03 08:17:09,977 - MMSA [INFO] - VAL-(DLF) >>  acc_7: 0.3231  acc_5: 0.3974  acc_2: 0.8611  F1_score: 0.8618  Corr: 0.7387  MAE: 0.8629  Loss: 0.8462 
2026-09-03 08:17:12,112 - MMSA [INFO] - TEST-(DLF) >>  acc_7: 0.3542  acc_5: 0.3819  acc_2: 0.8399  F1_score: 0.8388  Corr: 0.7486  MAE: 0.8449  Loss: 0.8440 
2026-09-03 08:17:27,258 - MMSA [INFO] - >> Epoch: 7 TRAIN -(DLF) [1/7/1] >> total_loss: 3.1558  acc_7: 0.4712  acc_5: 0.5047  acc_2: 0.9058  F1_score: 0.9059  Corr: 0.8513  MAE: 0.6132 
2026-09-03 08:17:28,061 - MMSA [INFO] - VAL-(DLF) >>  acc_7: 0.3144  acc_5: 0.3930  acc_2: 0.8472  F1_score: 0.8480  Corr: 0.7398  MAE: 0.8670  Loss: 0.8483 
2026-09-03 08:17:30,194 - MMSA [INFO] - TEST-(DLF) >>  acc_7: 0.3732  acc_5: 0.4155  acc_2: 0.8384  F1_score: 0.8367  Corr: 0.7454  MAE: 0.8400  Loss: 0.8391 
2026-09-03 08:17:44,881 - MMSA [INFO] - >> Epoch: 8 TRAIN -(DLF) [2/8/1] >> total_loss: 3.0145  acc_7: 0.4953  acc_5: 0.5257  acc_2: 0.9058  F1_score: 0.9060  Corr: 0.8636  MAE: 0.5800 
2026-09-03 08:17:45,666 - MMSA [INFO] - VAL-(DLF) >>  acc_7: 0.3624  acc_5: 0.4454  acc_2: 0.8565  F1_score: 0.8546  Corr: 0.7646  MAE: 0.8565  Loss: 0.8497 
2026-09-03 08:17:47,720 - MMSA [INFO] - TEST-(DLF) >>  acc_7: 0.3338  acc_5: 0.3776  acc_2: 0.7896  F1_score: 0.7902  Corr: 0.7429  MAE: 0.9998  Loss: 0.9994 
2026-09-03 08:18:02,350 - MMSA [INFO] - >> Epoch: 9 TRAIN -(DLF) [3/9/1] >> total_loss: 2.9483  acc_7: 0.4829  acc_5: 0.5226  acc_2: 0.9171  F1_score: 0.9172  Corr: 0.8681  MAE: 0.5855 
2026-09-03 08:18:03,181 - MMSA [INFO] - VAL-(DLF) >>  acc_7: 0.3712  acc_5: 0.4716  acc_2: 0.8565  F1_score: 0.8566  Corr: 0.7616  MAE: 0.8344  Loss: 0.8133 
2026-09-03 08:18:05,301 - MMSA [INFO] - TEST-(DLF) >>  acc_7: 0.3980  acc_5: 0.4767  acc_2: 0.8293  F1_score: 0.8292  Corr: 0.7489  MAE: 0.8411  Loss: 0.8403 
2026-09-03 08:18:20,642 - MMSA [INFO] - >> Epoch: 10 TRAIN -(DLF) [1/10/1] >> total_loss: 2.8156  acc_7: 0.5164  acc_5: 0.5537  acc_2: 0.9285  F1_score: 0.9283  Corr: 0.8872  MAE: 0.5333 
2026-09-03 08:18:21,442 - MMSA [INFO] - VAL-(DLF) >>  acc_7: 0.3231  acc_5: 0.4236  acc_2: 0.8241  F1_score: 0.8249  Corr: 0.7428  MAE: 0.9499  Loss: 0.9253 
2026-09-03 08:18:23,565 - MMSA [INFO] - TEST-(DLF) >>  acc_7: 0.4009  acc_5: 0.4767  acc_2: 0.8399  F1_score: 0.8342  Corr: 0.7492  MAE: 0.8196  Loss: 0.8186 
2026-09-03 08:18:38,406 - MMSA [INFO] - >> Epoch: 11 TRAIN -(DLF) [2/11/1] >> total_loss: 2.9144  acc_7: 0.4330  acc_5: 0.4704  acc_2: 0.8968  F1_score: 0.8971  Corr: 0.8676  MAE: 0.6138 
2026-09-03 08:18:39,273 - MMSA [INFO] - VAL-(DLF) >>  acc_7: 0.3974  acc_5: 0.5066  acc_2: 0.8519  F1_score: 0.8505  Corr: 0.7742  MAE: 0.8252  Loss: 0.8162 
2026-09-03 08:18:41,502 - MMSA [INFO] - TEST-(DLF) >>  acc_7: 0.3688  acc_5: 0.4373  acc_2: 0.8049  F1_score: 0.8059  Corr: 0.7466  MAE: 0.9293  Loss: 0.9293 
2026-09-03 08:18:56,482 - MMSA [INFO] - >> Epoch: 12 TRAIN -(DLF) [3/12/1] >> total_loss: 2.7197  acc_7: 0.5117  acc_5: 0.5506  acc_2: 0.9188  F1_score: 0.9189  Corr: 0.8935  MAE: 0.5317 
2026-09-03 08:18:57,355 - MMSA [INFO] - VAL-(DLF) >>  acc_7: 0.4192  acc_5: 0.5328  acc_2: 0.8426  F1_score: 0.8411  Corr: 0.7674  MAE: 0.8033  Loss: 0.7925 
2026-09-03 08:18:59,551 - MMSA [INFO] - TEST-(DLF) >>  acc_7: 0.3790  acc_5: 0.4461  acc_2: 0.8064  F1_score: 0.8075  Corr: 0.7529  MAE: 0.8997  Loss: 0.8994 
2026-09-03 08:19:15,025 - MMSA [INFO] - >> Epoch: 13 TRAIN -(DLF) [1/13/1] >> total_loss: 2.6877  acc_7: 0.5280  acc_5: 0.5678  acc_2: 0.9180  F1_score: 0.9177  Corr: 0.8997  MAE: 0.5205 
2026-09-03 08:19:15,817 - MMSA [INFO] - VAL-(DLF) >>  acc_7: 0.3537  acc_5: 0.4629  acc_2: 0.8426  F1_score: 0.8434  Corr: 0.7711  MAE: 0.8126  Loss: 0.7958 
2026-09-03 08:19:17,924 - MMSA [INFO] - TEST-(DLF) >>  acc_7: 0.4402  acc_5: 0.5087  acc_2: 0.8415  F1_score: 0.8388  Corr: 0.7710  MAE: 0.7602  Loss: 0.7595 
2026-09-03 08:19:33,011 - MMSA [INFO] - >> Epoch: 14 TRAIN -(DLF) [2/14/1] >> total_loss: 2.5734  acc_7: 0.5569  acc_5: 0.5989  acc_2: 0.9261  F1_score: 0.9262  Corr: 0.9092  MAE: 0.4817 
2026-09-03 08:19:33,863 - MMSA [INFO] - VAL-(DLF) >>  acc_7: 0.4105  acc_5: 0.5197  acc_2: 0.8750  F1_score: 0.8752  Corr: 0.7789  MAE: 0.7783  Loss: 0.7686 
2026-09-03 08:19:36,067 - MMSA [INFO] - TEST-(DLF) >>  acc_7: 0.4111  acc_5: 0.4854  acc_2: 0.8277  F1_score: 0.8284  Corr: 0.7693  MAE: 0.8153  Loss: 0.8152 
2026-09-03 08:19:51,664 - MMSA [INFO] - >> Epoch: 15 TRAIN -(DLF) [1/15/1] >> total_loss: 2.4628  acc_7: 0.6044  acc_5: 0.6542  acc_2: 0.9488  F1_score: 0.9489  Corr: 0.9221  MAE: 0.4377 
2026-09-03 08:19:52,464 - MMSA [INFO] - VAL-(DLF) >>  acc_7: 0.4148  acc_5: 0.5240  acc_2: 0.8565  F1_score: 0.8564  Corr: 0.7748  MAE: 0.7889  Loss: 0.7850 
2026-09-03 08:19:54,549 - MMSA [INFO] - TEST-(DLF) >>  acc_7: 0.4038  acc_5: 0.4781  acc_2: 0.8110  F1_score: 0.8121  Corr: 0.7563  MAE: 0.8397  Loss: 0.8397 
2026-09-03 08:20:09,295 - MMSA [INFO] - >> Epoch: 16 TRAIN -(DLF) [2/16/1] >> total_loss: 2.4286  acc_7: 0.6005  acc_5: 0.6519  acc_2: 0.9342  F1_score: 0.9342  Corr: 0.9229  MAE: 0.4394 
2026-09-03 08:20:10,094 - MMSA [INFO] - VAL-(DLF) >>  acc_7: 0.3755  acc_5: 0.4847  acc_2: 0.8565  F1_score: 0.8572  Corr: 0.7768  MAE: 0.8015  Loss: 0.7881 
2026-09-03 08:20:12,181 - MMSA [INFO] - TEST-(DLF) >>  acc_7: 0.4315  acc_5: 0.5102  acc_2: 0.8354  F1_score: 0.8345  Corr: 0.7698  MAE: 0.7711  Loss: 0.7705 
2026-09-03 08:20:26,887 - MMSA [INFO] - >> Epoch: 17 TRAIN -(DLF) [3/17/1] >> total_loss: 2.3253  acc_7: 0.6379  acc_5: 0.6869  acc_2: 0.9545  F1_score: 0.9545  Corr: 0.9305  MAE: 0.4064 
2026-09-03 08:20:27,696 - MMSA [INFO] - VAL-(DLF) >>  acc_7: 0.3886  acc_5: 0.4978  acc_2: 0.8611  F1_score: 0.8618  Corr: 0.7781  MAE: 0.8046  Loss: 0.7876 
2026-09-03 08:20:29,871 - MMSA [INFO] - TEST-(DLF) >>  acc_7: 0.4402  acc_5: 0.5190  acc_2: 0.8369  F1_score: 0.8359  Corr: 0.7726  MAE: 0.7632  Loss: 0.7626 
2026-09-03 08:20:44,776 - MMSA [INFO] - >> Epoch: 18 TRAIN -(DLF) [4/18/1] >> total_loss: 2.3052  acc_7: 0.6246  acc_5: 0.6807  acc_2: 0.9423  F1_score: 0.9424  Corr: 0.9325  MAE: 0.4133 
2026-09-03 08:20:45,622 - MMSA [INFO] - VAL-(DLF) >>  acc_7: 0.4410  acc_5: 0.5459  acc_2: 0.8565  F1_score: 0.8559  Corr: 0.7866  MAE: 0.7639  Loss: 0.7566 
2026-09-03 08:20:47,717 - MMSA [INFO] - TEST-(DLF) >>  acc_7: 0.4155  acc_5: 0.4898  acc_2: 0.8186  F1_score: 0.8196  Corr: 0.7643  MAE: 0.8208  Loss: 0.8205 
2026-09-03 08:21:03,360 - MMSA [INFO] - >> Epoch: 19 TRAIN -(DLF) [1/19/1] >> total_loss: 2.2413  acc_7: 0.6238  acc_5: 0.6760  acc_2: 0.9513  F1_score: 0.9513  Corr: 0.9357  MAE: 0.3889 
2026-09-03 08:21:04,174 - MMSA [INFO] - VAL-(DLF) >>  acc_7: 0.4105  acc_5: 0.5153  acc_2: 0.8796  F1_score: 0.8796  Corr: 0.7871  MAE: 0.7640  Loss: 0.7522 
2026-09-03 08:21:06,349 - MMSA [INFO] - TEST-(DLF) >>  acc_7: 0.4286  acc_5: 0.5073  acc_2: 0.8216  F1_score: 0.8224  Corr: 0.7660  MAE: 0.8004  Loss: 0.8001 
2026-09-03 08:21:21,888 - MMSA [INFO] - >> Epoch: 20 TRAIN -(DLF) [1/20/1] >> total_loss: 2.2052  acc_7: 0.6371  acc_5: 0.6931  acc_2: 0.9578  F1_score: 0.9578  Corr: 0.9425  MAE: 0.3733 
2026-09-03 08:21:22,703 - MMSA [INFO] - VAL-(DLF) >>  acc_7: 0.4017  acc_5: 0.5066  acc_2: 0.8704  F1_score: 0.8707  Corr: 0.7882  MAE: 0.7709  Loss: 0.7577 
2026-09-03 08:21:24,822 - MMSA [INFO] - TEST-(DLF) >>  acc_7: 0.4388  acc_5: 0.5160  acc_2: 0.8216  F1_score: 0.8219  Corr: 0.7655  MAE: 0.7812  Loss: 0.7806 
2026-09-03 08:21:39,877 - MMSA [INFO] - >> Epoch: 21 TRAIN -(DLF) [2/21/1] >> total_loss: 2.1692  acc_7: 0.6379  acc_5: 0.6931  acc_2: 0.9586  F1_score: 0.9586  Corr: 0.9446  MAE: 0.3745 
2026-09-03 08:21:40,686 - MMSA [INFO] - VAL-(DLF) >>  acc_7: 0.3886  acc_5: 0.4934  acc_2: 0.8611  F1_score: 0.8618  Corr: 0.7826  MAE: 0.7748  Loss: 0.7605 
2026-09-03 08:21:42,954 - MMSA [INFO] - TEST-(DLF) >>  acc_7: 0.4504  acc_5: 0.5233  acc_2: 0.8338  F1_score: 0.8328  Corr: 0.7670  MAE: 0.7604  Loss: 0.7595 
2026-09-03 08:21:57,968 - MMSA [INFO] - >> Epoch: 22 TRAIN -(DLF) [3/22/1] >> total_loss: 2.1548  acc_7: 0.6379  acc_5: 0.6916  acc_2: 0.9529  F1_score: 0.9529  Corr: 0.9462  MAE: 0.3703 
2026-09-03 08:21:58,823 - MMSA [INFO] - VAL-(DLF) >>  acc_7: 0.3886  acc_5: 0.5022  acc_2: 0.8565  F1_score: 0.8571  Corr: 0.7828  MAE: 0.7947  Loss: 0.7744 
2026-09-03 08:22:01,020 - MMSA [INFO] - TEST-(DLF) >>  acc_7: 0.4606  acc_5: 0.5408  acc_2: 0.8308  F1_score: 0.8291  Corr: 0.7670  MAE: 0.7617  Loss: 0.7609 
2026-09-03 08:22:15,938 - MMSA [INFO] - >> Epoch: 23 TRAIN -(DLF) [4/23/1] >> total_loss: 2.1252  acc_7: 0.6674  acc_5: 0.7251  acc_2: 0.9464  F1_score: 0.9465  Corr: 0.9483  MAE: 0.3522 
2026-09-03 08:22:16,784 - MMSA [INFO] - VAL-(DLF) >>  acc_7: 0.4105  acc_5: 0.5197  acc_2: 0.8519  F1_score: 0.8524  Corr: 0.7934  MAE: 0.7525  Loss: 0.7374 
2026-09-03 08:22:19,034 - MMSA [INFO] - TEST-(DLF) >>  acc_7: 0.4548  acc_5: 0.5292  acc_2: 0.8232  F1_score: 0.8236  Corr: 0.7685  MAE: 0.7629  Loss: 0.7621 
2026-09-03 08:22:34,576 - MMSA [INFO] - >> Epoch: 24 TRAIN -(DLF) [1/24/1] >> total_loss: 2.0546  acc_7: 0.6713  acc_5: 0.7290  acc_2: 0.9594  F1_score: 0.9594  Corr: 0.9518  MAE: 0.3425 
2026-09-03 08:22:35,464 - MMSA [INFO] - VAL-(DLF) >>  acc_7: 0.4192  acc_5: 0.5284  acc_2: 0.8472  F1_score: 0.8477  Corr: 0.7921  MAE: 0.7480  Loss: 0.7363 
2026-09-03 08:22:37,667 - MMSA [INFO] - TEST-(DLF) >>  acc_7: 0.4519  acc_5: 0.5277  acc_2: 0.8247  F1_score: 0.8253  Corr: 0.7709  MAE: 0.7668  Loss: 0.7661 
2026-09-03 08:22:53,157 - MMSA [INFO] - >> Epoch: 25 TRAIN -(DLF) [1/25/1] >> total_loss: 2.0767  acc_7: 0.6628  acc_5: 0.7173  acc_2: 0.9521  F1_score: 0.9521  Corr: 0.9496  MAE: 0.3576 
2026-09-03 08:22:54,030 - MMSA [INFO] - VAL-(DLF) >>  acc_7: 0.4236  acc_5: 0.5371  acc_2: 0.8611  F1_score: 0.8613  Corr: 0.7861  MAE: 0.7763  Loss: 0.7650 
2026-09-03 08:22:56,182 - MMSA [INFO] - TEST-(DLF) >>  acc_7: 0.4286  acc_5: 0.5058  acc_2: 0.8201  F1_score: 0.8209  Corr: 0.7675  MAE: 0.8121  Loss: 0.8118 
2026-09-03 08:23:11,273 - MMSA [INFO] - >> Epoch: 26 TRAIN -(DLF) [2/26/1] >> total_loss: 2.103  acc_7: 0.6698  acc_5: 0.7305  acc_2: 0.9496  F1_score: 0.9497  Corr: 0.9472  MAE: 0.3679 
2026-09-03 08:23:12,134 - MMSA [INFO] - VAL-(DLF) >>  acc_7: 0.3974  acc_5: 0.5066  acc_2: 0.8611  F1_score: 0.8615  Corr: 0.7844  MAE: 0.7638  Loss: 0.7526 
2026-09-03 08:23:14,287 - MMSA [INFO] - TEST-(DLF) >>  acc_7: 0.4431  acc_5: 0.5131  acc_2: 0.8186  F1_score: 0.8192  Corr: 0.7702  MAE: 0.7691  Loss: 0.7686 
2026-09-03 08:23:29,397 - MMSA [INFO] - >> Epoch: 27 TRAIN -(DLF) [3/27/1] >> total_loss: 2.0714  acc_7: 0.6643  acc_5: 0.7204  acc_2: 0.9423  F1_score: 0.9422  Corr: 0.9508  MAE: 0.3606 
2026-09-03 08:23:30,266 - MMSA [INFO] - VAL-(DLF) >>  acc_7: 0.3799  acc_5: 0.4934  acc_2: 0.8472  F1_score: 0.8479  Corr: 0.7842  MAE: 0.7886  Loss: 0.7683 
2026-09-03 08:23:32,506 - MMSA [INFO] - TEST-(DLF) >>  acc_7: 0.4665  acc_5: 0.5466  acc_2: 0.8293  F1_score: 0.8280  Corr: 0.7739  MAE: 0.7421  Loss: 0.7412 
2026-09-03 08:23:47,604 - MMSA [INFO] - >> Epoch: 28 TRAIN -(DLF) [4/28/1] >> total_loss: 2.0461  acc_7: 0.6597  acc_5: 0.7173  acc_2: 0.9561  F1_score: 0.9560  Corr: 0.9513  MAE: 0.3526 
2026-09-03 08:23:48,459 - MMSA [INFO] - VAL-(DLF) >>  acc_7: 0.4148  acc_5: 0.5197  acc_2: 0.8565  F1_score: 0.8568  Corr: 0.7922  MAE: 0.7587  Loss: 0.7418 
2026-09-03 08:23:50,739 - MMSA [INFO] - TEST-(DLF) >>  acc_7: 0.4490  acc_5: 0.5262  acc_2: 0.8262  F1_score: 0.8265  Corr: 0.7760  MAE: 0.7633  Loss: 0.7627 
2026-09-03 08:24:05,662 - MMSA [INFO] - >> Epoch: 29 TRAIN -(DLF) [5/29/1] >> total_loss: 1.95  acc_7: 0.7017  acc_5: 0.7539  acc_2: 0.9610  F1_score: 0.9610  Corr: 0.9591  MAE: 0.3172 
2026-09-03 08:24:06,512 - MMSA [INFO] - VAL-(DLF) >>  acc_7: 0.4498  acc_5: 0.5502  acc_2: 0.8519  F1_score: 0.8514  Corr: 0.7934  MAE: 0.7371  Loss: 0.7222 
2026-09-03 08:24:08,746 - MMSA [INFO] - TEST-(DLF) >>  acc_7: 0.4242  acc_5: 0.4971  acc_2: 0.8216  F1_score: 0.8227  Corr: 0.7712  MAE: 0.7893  Loss: 0.7888 
2026-09-03 08:24:24,216 - MMSA [INFO] - >> Epoch: 30 TRAIN -(DLF) [1/30/1] >> total_loss: 1.9507  acc_7: 0.6908  acc_5: 0.7453  acc_2: 0.9634  F1_score: 0.9634  Corr: 0.9599  MAE: 0.3156 
2026-09-03 08:24:25,073 - MMSA [INFO] - VAL-(DLF) >>  acc_7: 0.4105  acc_5: 0.5197  acc_2: 0.8657  F1_score: 0.8660  Corr: 0.7942  MAE: 0.7454  Loss: 0.7242 
2026-09-03 08:24:27,280 - MMSA [INFO] - TEST-(DLF) >>  acc_7: 0.4548  acc_5: 0.5306  acc_2: 0.8308  F1_score: 0.8310  Corr: 0.7780  MAE: 0.7481  Loss: 0.7473 
2026-09-03 08:24:42,400 - MMSA [INFO] - >> Epoch: 31 TRAIN -(DLF) [2/31/1] >> total_loss: 1.9178  acc_7: 0.7009  acc_5: 0.7516  acc_2: 0.9659  F1_score: 0.9658  Corr: 0.9618  MAE: 0.3112 
2026-09-03 08:24:43,207 - MMSA [INFO] - VAL-(DLF) >>  acc_7: 0.4367  acc_5: 0.5459  acc_2: 0.8611  F1_score: 0.8613  Corr: 0.7977  MAE: 0.7193  Loss: 0.7030 
2026-09-03 08:24:45,383 - MMSA [INFO] - TEST-(DLF) >>  acc_7: 0.4563  acc_5: 0.5306  acc_2: 0.8323  F1_score: 0.8330  Corr: 0.7763  MAE: 0.7496  Loss: 0.7488 
2026-09-03 08:25:00,998 - MMSA [INFO] - >> Epoch: 32 TRAIN -(DLF) [1/32/1] >> total_loss: 1.9534  acc_7: 0.6931  acc_5: 0.7500  acc_2: 0.9569  F1_score: 0.9569  Corr: 0.9590  MAE: 0.3268 
2026-09-03 08:25:01,814 - MMSA [INFO] - VAL-(DLF) >>  acc_7: 0.4760  acc_5: 0.5764  acc_2: 0.8472  F1_score: 0.8469  Corr: 0.7985  MAE: 0.7296  Loss: 0.7149 
2026-09-03 08:25:03,913 - MMSA [INFO] - TEST-(DLF) >>  acc_7: 0.4329  acc_5: 0.5087  acc_2: 0.8186  F1_score: 0.8196  Corr: 0.7743  MAE: 0.8008  Loss: 0.8001 
2026-09-03 08:25:18,996 - MMSA [INFO] - >> Epoch: 33 TRAIN -(DLF) [2/33/1] >> total_loss: 1.9509  acc_7: 0.6667  acc_5: 0.7336  acc_2: 0.9578  F1_score: 0.9578  Corr: 0.9588  MAE: 0.3295 
2026-09-03 08:25:19,801 - MMSA [INFO] - VAL-(DLF) >>  acc_7: 0.4367  acc_5: 0.5459  acc_2: 0.8565  F1_score: 0.8569  Corr: 0.7993  MAE: 0.7199  Loss: 0.7047 
2026-09-03 08:25:21,884 - MMSA [INFO] - TEST-(DLF) >>  acc_7: 0.4650  acc_5: 0.5321  acc_2: 0.8308  F1_score: 0.8313  Corr: 0.7804  MAE: 0.7457  Loss: 0.7449 
2026-09-03 08:25:36,968 - MMSA [INFO] - >> Epoch: 34 TRAIN -(DLF) [3/34/1] >> total_loss: 1.9196  acc_7: 0.7025  acc_5: 0.7593  acc_2: 0.9537  F1_score: 0.9537  Corr: 0.9594  MAE: 0.3150 
2026-09-03 08:25:37,775 - MMSA [INFO] - VAL-(DLF) >>  acc_7: 0.4585  acc_5: 0.5677  acc_2: 0.8519  F1_score: 0.8516  Corr: 0.8012  MAE: 0.7230  Loss: 0.7123 
2026-09-03 08:25:39,967 - MMSA [INFO] - TEST-(DLF) >>  acc_7: 0.4155  acc_5: 0.4869  acc_2: 0.8216  F1_score: 0.8227  Corr: 0.7816  MAE: 0.7894  Loss: 0.7889 
2026-09-03 08:25:54,979 - MMSA [INFO] - >> Epoch: 35 TRAIN -(DLF) [4/35/1] >> total_loss: 1.9178  acc_7: 0.7017  acc_5: 0.7625  acc_2: 0.9586  F1_score: 0.9586  Corr: 0.9604  MAE: 0.3153 
2026-09-03 08:25:55,797 - MMSA [INFO] - VAL-(DLF) >>  acc_7: 0.4454  acc_5: 0.5415  acc_2: 0.8565  F1_score: 0.8568  Corr: 0.7981  MAE: 0.7350  Loss: 0.7160 
2026-09-03 08:25:57,969 - MMSA [INFO] - TEST-(DLF) >>  acc_7: 0.4548  acc_5: 0.5248  acc_2: 0.8369  F1_score: 0.8373  Corr: 0.7879  MAE: 0.7411  Loss: 0.7404 
2026-09-03 08:26:13,099 - MMSA [INFO] - >> Epoch: 36 TRAIN -(DLF) [5/36/1] >> total_loss: 1.8697  acc_7: 0.7165  acc_5: 0.7765  acc_2: 0.9675  F1_score: 0.9675  Corr: 0.9651  MAE: 0.2928 
2026-09-03 08:26:13,921 - MMSA [INFO] - VAL-(DLF) >>  acc_7: 0.4672  acc_5: 0.5721  acc_2: 0.8426  F1_score: 0.8428  Corr: 0.7997  MAE: 0.7185  Loss: 0.7036 
2026-09-03 08:26:16,065 - MMSA [INFO] - TEST-(DLF) >>  acc_7: 0.4534  acc_5: 0.5204  acc_2: 0.8384  F1_score: 0.8391  Corr: 0.7912  MAE: 0.7416  Loss: 0.7411 
2026-09-03 08:26:31,275 - MMSA [INFO] - >> Epoch: 37 TRAIN -(DLF) [6/37/1] >> total_loss: 1.8606  acc_7: 0.7368  acc_5: 0.7936  acc_2: 0.9659  F1_score: 0.9659  Corr: 0.9657  MAE: 0.2882 
2026-09-03 08:26:32,148 - MMSA [INFO] - VAL-(DLF) >>  acc_7: 0.4760  acc_5: 0.5764  acc_2: 0.8380  F1_score: 0.8381  Corr: 0.7992  MAE: 0.7212  Loss: 0.7052 
2026-09-03 08:26:34,284 - MMSA [INFO] - TEST-(DLF) >>  acc_7: 0.4519  acc_5: 0.5219  acc_2: 0.8369  F1_score: 0.8375  Corr: 0.7925  MAE: 0.7376  Loss: 0.7371 
2026-09-03 08:26:49,536 - MMSA [INFO] - >> Epoch: 38 TRAIN -(DLF) [7/38/1] >> total_loss: 1.8669  acc_7: 0.7040  acc_5: 0.7625  acc_2: 0.9618  F1_score: 0.9617  Corr: 0.9644  MAE: 0.2964 
2026-09-03 08:26:50,427 - MMSA [INFO] - VAL-(DLF) >>  acc_7: 0.4672  acc_5: 0.5677  acc_2: 0.8380  F1_score: 0.8383  Corr: 0.7986  MAE: 0.7263  Loss: 0.7069 
2026-09-03 08:26:52,649 - MMSA [INFO] - TEST-(DLF) >>  acc_7: 0.4534  acc_5: 0.5277  acc_2: 0.8430  F1_score: 0.8434  Corr: 0.7909  MAE: 0.7310  Loss: 0.7304 
2026-09-03 08:27:07,694 - MMSA [INFO] - >> Epoch: 39 TRAIN -(DLF) [8/39/1] >> total_loss: 1.8495  acc_7: 0.7165  acc_5: 0.7780  acc_2: 0.9643  F1_score: 0.9642  Corr: 0.9637  MAE: 0.2964 
2026-09-03 08:27:08,590 - MMSA [INFO] - VAL-(DLF) >>  acc_7: 0.4672  acc_5: 0.5677  acc_2: 0.8472  F1_score: 0.8475  Corr: 0.7999  MAE: 0.7179  Loss: 0.6992 
2026-09-03 08:27:10,779 - MMSA [INFO] - TEST-(DLF) >>  acc_7: 0.4592  acc_5: 0.5321  acc_2: 0.8323  F1_score: 0.8329  Corr: 0.7845  MAE: 0.7387  Loss: 0.7379 
2026-09-03 08:27:26,546 - MMSA [INFO] - >> Epoch: 40 TRAIN -(DLF) [1/40/1] >> total_loss: 1.8685  acc_7: 0.7111  acc_5: 0.7648  acc_2: 0.9610  F1_score: 0.9610  Corr: 0.9643  MAE: 0.2981 
2026-09-03 08:27:27,360 - MMSA [INFO] - VAL-(DLF) >>  acc_7: 0.4760  acc_5: 0.5764  acc_2: 0.8472  F1_score: 0.8473  Corr: 0.7983  MAE: 0.7298  Loss: 0.7128 
2026-09-03 08:27:29,588 - MMSA [INFO] - TEST-(DLF) >>  acc_7: 0.4373  acc_5: 0.5131  acc_2: 0.8308  F1_score: 0.8315  Corr: 0.7830  MAE: 0.7629  Loss: 0.7622 
2026-09-03 08:27:44,659 - MMSA [INFO] - >> Epoch: 41 TRAIN -(DLF) [2/41/1] >> total_loss: 1.8141  acc_7: 0.7336  acc_5: 0.7983  acc_2: 0.9781  F1_score: 0.9781  Corr: 0.9689  MAE: 0.2751 
2026-09-03 08:27:45,513 - MMSA [INFO] - VAL-(DLF) >>  acc_7: 0.4541  acc_5: 0.5590  acc_2: 0.8426  F1_score: 0.8428  Corr: 0.7991  MAE: 0.7197  Loss: 0.7070 
2026-09-03 08:27:47,605 - MMSA [INFO] - TEST-(DLF) >>  acc_7: 0.4534  acc_5: 0.5190  acc_2: 0.8262  F1_score: 0.8269  Corr: 0.7864  MAE: 0.7486  Loss: 0.7479 
2026-09-03 08:28:02,472 - MMSA [INFO] - >> Epoch: 42 TRAIN -(DLF) [3/42/1] >> total_loss: 1.8193  acc_7: 0.7188  acc_5: 0.7788  acc_2: 0.9675  F1_score: 0.9675  Corr: 0.9673  MAE: 0.2836 
2026-09-03 08:28:03,294 - MMSA [INFO] - VAL-(DLF) >>  acc_7: 0.4716  acc_5: 0.5721  acc_2: 0.8565  F1_score: 0.8570  Corr: 0.7980  MAE: 0.7220  Loss: 0.7066 
2026-09-03 08:28:05,448 - MMSA [INFO] - TEST-(DLF) >>  acc_7: 0.4577  acc_5: 0.5248  acc_2: 0.8354  F1_score: 0.8360  Corr: 0.7894  MAE: 0.7380  Loss: 0.7374 
2026-09-03 08:28:20,520 - MMSA [INFO] - >> Epoch: 43 TRAIN -(DLF) [4/43/1] >> total_loss: 1.811  acc_7: 0.7336  acc_5: 0.7843  acc_2: 0.9716  F1_score: 0.9716  Corr: 0.9686  MAE: 0.2767 
2026-09-03 08:28:21,338 - MMSA [INFO] - VAL-(DLF) >>  acc_7: 0.4541  acc_5: 0.5677  acc_2: 0.8519  F1_score: 0.8519  Corr: 0.7989  MAE: 0.7195  Loss: 0.7065 
2026-09-03 08:28:23,552 - MMSA [INFO] - TEST-(DLF) >>  acc_7: 0.4373  acc_5: 0.5058  acc_2: 0.8323  F1_score: 0.8332  Corr: 0.7878  MAE: 0.7578  Loss: 0.7572 
2026-09-03 08:28:38,792 - MMSA [INFO] - >> Epoch: 44 TRAIN -(DLF) [5/44/1] >> total_loss: 1.7937  acc_7: 0.7336  acc_5: 0.7921  acc_2: 0.9659  F1_score: 0.9659  Corr: 0.9701  MAE: 0.2720 
2026-09-03 08:28:39,621 - MMSA [INFO] - VAL-(DLF) >>  acc_7: 0.4367  acc_5: 0.5546  acc_2: 0.8519  F1_score: 0.8525  Corr: 0.7975  MAE: 0.7247  Loss: 0.7095 
2026-09-03 08:28:41,879 - MMSA [INFO] - TEST-(DLF) >>  acc_7: 0.4723  acc_5: 0.5423  acc_2: 0.8460  F1_score: 0.8462  Corr: 0.7904  MAE: 0.7272  Loss: 0.7265 
2026-09-03 08:28:57,180 - MMSA [INFO] - >> Epoch: 45 TRAIN -(DLF) [6/45/1] >> total_loss: 1.8004  acc_7: 0.7344  acc_5: 0.7913  acc_2: 0.9773  F1_score: 0.9773  Corr: 0.9694  MAE: 0.2757 
2026-09-03 08:28:58,074 - MMSA [INFO] - VAL-(DLF) >>  acc_7: 0.4498  acc_5: 0.5502  acc_2: 0.8611  F1_score: 0.8613  Corr: 0.8027  MAE: 0.7095  Loss: 0.6956 
2026-09-03 08:29:00,395 - MMSA [INFO] - TEST-(DLF) >>  acc_7: 0.4490  acc_5: 0.5219  acc_2: 0.8323  F1_score: 0.8331  Corr: 0.7884  MAE: 0.7432  Loss: 0.7425 
2026-09-03 08:29:15,999 - MMSA [INFO] - >> Epoch: 46 TRAIN -(DLF) [1/46/1] >> total_loss: 1.7612  acc_7: 0.7492  acc_5: 0.8053  acc_2: 0.9708  F1_score: 0.9707  Corr: 0.9710  MAE: 0.2670 
2026-09-03 08:29:16,870 - MMSA [INFO] - VAL-(DLF) >>  acc_7: 0.4541  acc_5: 0.5502  acc_2: 0.8519  F1_score: 0.8525  Corr: 0.8031  MAE: 0.7223  Loss: 0.7042 
2026-09-03 08:29:18,988 - MMSA [INFO] - TEST-(DLF) >>  acc_7: 0.4781  acc_5: 0.5481  acc_2: 0.8415  F1_score: 0.8415  Corr: 0.7916  MAE: 0.7227  Loss: 0.7220 
2026-09-03 08:29:33,959 - MMSA [INFO] - >> Epoch: 47 TRAIN -(DLF) [2/47/1] >> total_loss: 1.7647  acc_7: 0.7578  acc_5: 0.8139  acc_2: 0.9724  F1_score: 0.9724  Corr: 0.9713  MAE: 0.2646 
2026-09-03 08:29:34,764 - MMSA [INFO] - VAL-(DLF) >>  acc_7: 0.4629  acc_5: 0.5633  acc_2: 0.8611  F1_score: 0.8613  Corr: 0.8032  MAE: 0.7118  Loss: 0.6981 
2026-09-03 08:29:36,946 - MMSA [INFO] - TEST-(DLF) >>  acc_7: 0.4534  acc_5: 0.5204  acc_2: 0.8338  F1_score: 0.8345  Corr: 0.7904  MAE: 0.7372  Loss: 0.7366 
2026-09-03 08:29:52,082 - MMSA [INFO] - >> Epoch: 48 TRAIN -(DLF) [3/48/1] >> total_loss: 1.8028  acc_7: 0.7298  acc_5: 0.7850  acc_2: 0.9708  F1_score: 0.9708  Corr: 0.9693  MAE: 0.2785 
2026-09-03 08:29:52,888 - MMSA [INFO] - VAL-(DLF) >>  acc_7: 0.4629  acc_5: 0.5721  acc_2: 0.8565  F1_score: 0.8566  Corr: 0.8006  MAE: 0.7252  Loss: 0.7077 
2026-09-03 08:29:55,090 - MMSA [INFO] - TEST-(DLF) >>  acc_7: 0.4519  acc_5: 0.5248  acc_2: 0.8338  F1_score: 0.8345  Corr: 0.7883  MAE: 0.7458  Loss: 0.7452 
2026-09-03 08:30:10,616 - MMSA [INFO] - >> Epoch: 49 TRAIN -(DLF) [4/49/1] >> total_loss: 1.7874  acc_7: 0.7321  acc_5: 0.7952  acc_2: 0.9773  F1_score: 0.9773  Corr: 0.9711  MAE: 0.2790 
2026-09-03 08:30:11,487 - MMSA [INFO] - VAL-(DLF) >>  acc_7: 0.4629  acc_5: 0.5633  acc_2: 0.8519  F1_score: 0.8520  Corr: 0.8020  MAE: 0.7158  Loss: 0.7028 
2026-09-03 08:30:13,931 - MMSA [INFO] - TEST-(DLF) >>  acc_7: 0.4665  acc_5: 0.5394  acc_2: 0.8354  F1_score: 0.8361  Corr: 0.7912  MAE: 0.7339  Loss: 0.7332 
2026-09-03 08:30:29,224 - MMSA [INFO] - >> Epoch: 50 TRAIN -(DLF) [5/50/1] >> total_loss: 1.7729  acc_7: 0.7438  acc_5: 0.8006  acc_2: 0.9691  F1_score: 0.9692  Corr: 0.9714  MAE: 0.2681 
2026-09-03 08:30:30,022 - MMSA [INFO] - VAL-(DLF) >>  acc_7: 0.4585  acc_5: 0.5677  acc_2: 0.8565  F1_score: 0.8564  Corr: 0.7997  MAE: 0.7379  Loss: 0.7272 
2026-09-03 08:30:32,247 - MMSA [INFO] - TEST-(DLF) >>  acc_7: 0.4315  acc_5: 0.5204  acc_2: 0.8338  F1_score: 0.8347  Corr: 0.7910  MAE: 0.7732  Loss: 0.7728 
2026-09-03 08:30:47,474 - MMSA [INFO] - >> Epoch: 51 TRAIN -(DLF) [6/51/1] >> total_loss: 1.7959  acc_7: 0.7095  acc_5: 0.7819  acc_2: 0.9659  F1_score: 0.9658  Corr: 0.9708  MAE: 0.2873 
2026-09-03 08:30:48,333 - MMSA [INFO] - VAL-(DLF) >>  acc_7: 0.4105  acc_5: 0.5022  acc_2: 0.8472  F1_score: 0.8480  Corr: 0.7983  MAE: 0.7404  Loss: 0.7233 
2026-09-03 08:30:50,540 - MMSA [INFO] - TEST-(DLF) >>  acc_7: 0.4825  acc_5: 0.5554  acc_2: 0.8476  F1_score: 0.8472  Corr: 0.7951  MAE: 0.7103  Loss: 0.7096 
2026-09-03 08:31:05,930 - MMSA [INFO] - >> Epoch: 52 TRAIN -(DLF) [7/52/1] >> total_loss: 1.7922  acc_7: 0.7243  acc_5: 0.7788  acc_2: 0.9724  F1_score: 0.9724  Corr: 0.9715  MAE: 0.2765 
2026-09-03 08:31:06,755 - MMSA [INFO] - VAL-(DLF) >>  acc_7: 0.4410  acc_5: 0.5502  acc_2: 0.8611  F1_score: 0.8609  Corr: 0.8014  MAE: 0.7174  Loss: 0.7096 
2026-09-03 08:31:08,860 - MMSA [INFO] - TEST-(DLF) >>  acc_7: 0.4490  acc_5: 0.5175  acc_2: 0.8323  F1_score: 0.8332  Corr: 0.7900  MAE: 0.7546  Loss: 0.7541 
2026-09-03 08:31:24,146 - MMSA [INFO] - >> Epoch: 53 TRAIN -(DLF) [8/53/1] >> total_loss: 1.7438  acc_7: 0.7500  acc_5: 0.8061  acc_2: 0.9708  F1_score: 0.9707  Corr: 0.9738  MAE: 0.2571 
2026-09-03 08:31:24,967 - MMSA [INFO] - VAL-(DLF) >>  acc_7: 0.4279  acc_5: 0.5371  acc_2: 0.8519  F1_score: 0.8524  Corr: 0.7996  MAE: 0.7307  Loss: 0.7157 
2026-09-03 08:31:27,197 - MMSA [INFO] - TEST-(DLF) >>  acc_7: 0.4592  acc_5: 0.5306  acc_2: 0.8445  F1_score: 0.8449  Corr: 0.7924  MAE: 0.7324  Loss: 0.7318 
2026-09-03 08:31:42,504 - MMSA [INFO] - >> Epoch: 54 TRAIN -(DLF) [9/54/1] >> total_loss: 1.7473  acc_7: 0.7399  acc_5: 0.7983  acc_2: 0.9756  F1_score: 0.9756  Corr: 0.9734  MAE: 0.2616 
2026-09-03 08:31:43,326 - MMSA [INFO] - VAL-(DLF) >>  acc_7: 0.4323  acc_5: 0.5371  acc_2: 0.8519  F1_score: 0.8524  Corr: 0.8002  MAE: 0.7238  Loss: 0.7108 
2026-09-03 08:31:45,547 - MMSA [INFO] - TEST-(DLF) >>  acc_7: 0.4636  acc_5: 0.5364  acc_2: 0.8323  F1_score: 0.8330  Corr: 0.7923  MAE: 0.7322  Loss: 0.7316 
2026-09-03 08:32:00,923 - MMSA [INFO] - >> Epoch: 55 TRAIN -(DLF) [10/55/1] >> total_loss: 1.7464  acc_7: 0.7664  acc_5: 0.8185  acc_2: 0.9667  F1_score: 0.9667  Corr: 0.9741  MAE: 0.2533 
2026-09-03 08:32:01,777 - MMSA [INFO] - VAL-(DLF) >>  acc_7: 0.4585  acc_5: 0.5546  acc_2: 0.8565  F1_score: 0.8569  Corr: 0.8011  MAE: 0.7177  Loss: 0.7072 
2026-09-03 08:32:03,995 - MMSA [INFO] - TEST-(DLF) >>  acc_7: 0.4563  acc_5: 0.5277  acc_2: 0.8369  F1_score: 0.8375  Corr: 0.7941  MAE: 0.7285  Loss: 0.7278 
2026-09-03 08:32:19,191 - MMSA [INFO] - >> Epoch: 56 TRAIN -(DLF) [11/56/1] >> total_loss: 1.7359  acc_7: 0.7500  acc_5: 0.8131  acc_2: 0.9748  F1_score: 0.9748  Corr: 0.9739  MAE: 0.2531 
2026-09-03 08:32:20,051 - MMSA [INFO] - VAL-(DLF) >>  acc_7: 0.4323  acc_5: 0.5459  acc_2: 0.8519  F1_score: 0.8524  Corr: 0.7998  MAE: 0.7351  Loss: 0.7217 
2026-09-03 08:32:22,215 - MMSA [INFO] - TEST-(DLF) >>  acc_7: 0.4563  acc_5: 0.5306  acc_2: 0.8399  F1_score: 0.8405  Corr: 0.7936  MAE: 0.7442  Loss: 0.7436 
2026-09-03 08:32:37,228 - MMSA [INFO] - >> Epoch: 57 TRAIN -(DLF) [12/57/1] >> total_loss: 1.7518  acc_7: 0.7430  acc_5: 0.8061  acc_2: 0.9805  F1_score: 0.9805  Corr: 0.9734  MAE: 0.2646 
2026-09-03 08:32:38,049 - MMSA [INFO] - VAL-(DLF) >>  acc_7: 0.4541  acc_5: 0.5546  acc_2: 0.8565  F1_score: 0.8569  Corr: 0.8008  MAE: 0.7213  Loss: 0.7098 
2026-09-03 08:32:40,277 - MMSA [INFO] - TEST-(DLF) >>  acc_7: 0.4636  acc_5: 0.5364  acc_2: 0.8415  F1_score: 0.8420  Corr: 0.7941  MAE: 0.7332  Loss: 0.7325 
2026-09-03 08:32:55,434 - MMSA [INFO] - >> Epoch: 58 TRAIN -(DLF) [13/58/1] >> total_loss: 1.7228  acc_7: 0.7702  acc_5: 0.8185  acc_2: 0.9740  F1_score: 0.9740  Corr: 0.9754  MAE: 0.2461 
2026-09-03 08:32:56,237 - MMSA [INFO] - VAL-(DLF) >>  acc_7: 0.4410  acc_5: 0.5415  acc_2: 0.8519  F1_score: 0.8524  Corr: 0.7996  MAE: 0.7286  Loss: 0.7146 
2026-09-03 08:32:58,368 - MMSA [INFO] - TEST-(DLF) >>  acc_7: 0.4665  acc_5: 0.5335  acc_2: 0.8445  F1_score: 0.8447  Corr: 0.7945  MAE: 0.7254  Loss: 0.7247 
2026-09-03 08:33:13,417 - MMSA [INFO] - >> Epoch: 59 TRAIN -(DLF) [14/59/1] >> total_loss: 1.7343  acc_7: 0.7453  acc_5: 0.8030  acc_2: 0.9756  F1_score: 0.9756  Corr: 0.9748  MAE: 0.2510 
2026-09-03 08:33:14,253 - MMSA [INFO] - VAL-(DLF) >>  acc_7: 0.4672  acc_5: 0.5633  acc_2: 0.8519  F1_score: 0.8522  Corr: 0.8002  MAE: 0.7231  Loss: 0.7104 
2026-09-03 08:33:16,466 - MMSA [INFO] - TEST-(DLF) >>  acc_7: 0.4708  acc_5: 0.5394  acc_2: 0.8384  F1_score: 0.8390  Corr: 0.7932  MAE: 0.7333  Loss: 0.7326 
2026-09-03 08:33:31,702 - MMSA [INFO] - >> Epoch: 60 TRAIN -(DLF) [15/60/1] >> total_loss: 1.7238  acc_7: 0.7523  acc_5: 0.8076  acc_2: 0.9740  F1_score: 0.9740  Corr: 0.9757  MAE: 0.2475 
2026-09-03 08:33:32,518 - MMSA [INFO] - VAL-(DLF) >>  acc_7: 0.4585  acc_5: 0.5546  acc_2: 0.8519  F1_score: 0.8522  Corr: 0.8001  MAE: 0.7208  Loss: 0.7086 
2026-09-03 08:33:34,652 - MMSA [INFO] - TEST-(DLF) >>  acc_7: 0.4679  acc_5: 0.5379  acc_2: 0.8384  F1_score: 0.8390  Corr: 0.7924  MAE: 0.7329  Loss: 0.7322 
2026-09-03 08:33:49,861 - MMSA [INFO] - >> Epoch: 61 TRAIN -(DLF) [16/61/1] >> total_loss: 1.7128  acc_7: 0.7523  acc_5: 0.8162  acc_2: 0.9748  F1_score: 0.9748  Corr: 0.9738  MAE: 0.2518 
2026-09-03 08:33:50,754 - MMSA [INFO] - VAL-(DLF) >>  acc_7: 0.4541  acc_5: 0.5502  acc_2: 0.8519  F1_score: 0.8524  Corr: 0.7987  MAE: 0.7301  Loss: 0.7161 
2026-09-03 08:33:52,968 - MMSA [INFO] - TEST-(DLF) >>  acc_7: 0.4621  acc_5: 0.5350  acc_2: 0.8415  F1_score: 0.8419  Corr: 0.7928  MAE: 0.7336  Loss: 0.7330 
2026-09-03 08:34:08,370 - MMSA [INFO] - >> Epoch: 62 TRAIN -(DLF) [17/62/1] >> total_loss: 1.7021  acc_7: 0.7632  acc_5: 0.8178  acc_2: 0.9699  F1_score: 0.9699  Corr: 0.9755  MAE: 0.2431 
2026-09-03 08:34:09,201 - MMSA [INFO] - VAL-(DLF) >>  acc_7: 0.4541  acc_5: 0.5590  acc_2: 0.8565  F1_score: 0.8568  Corr: 0.7992  MAE: 0.7255  Loss: 0.7137 
2026-09-03 08:34:11,459 - MMSA [INFO] - TEST-(DLF) >>  acc_7: 0.4606  acc_5: 0.5350  acc_2: 0.8384  F1_score: 0.8390  Corr: 0.7916  MAE: 0.7411  Loss: 0.7405 
2026-09-03 08:34:26,928 - MMSA [INFO] - >> Epoch: 63 TRAIN -(DLF) [18/63/1] >> total_loss: 1.7105  acc_7: 0.7578  acc_5: 0.8224  acc_2: 0.9732  F1_score: 0.9732  Corr: 0.9759  MAE: 0.2469 
2026-09-03 08:34:27,825 - MMSA [INFO] - VAL-(DLF) >>  acc_7: 0.4454  acc_5: 0.5459  acc_2: 0.8472  F1_score: 0.8478  Corr: 0.7986  MAE: 0.7308  Loss: 0.7170 
2026-09-03 08:34:30,040 - MMSA [INFO] - TEST-(DLF) >>  acc_7: 0.4636  acc_5: 0.5379  acc_2: 0.8384  F1_score: 0.8388  Corr: 0.7924  MAE: 0.7325  Loss: 0.7318 
2026-09-03 08:34:45,362 - MMSA [INFO] - >> Epoch: 64 TRAIN -(DLF) [19/64/1] >> total_loss: 1.7013  acc_7: 0.7702  acc_5: 0.8271  acc_2: 0.9748  F1_score: 0.9748  Corr: 0.9757  MAE: 0.2417 
2026-09-03 08:34:46,210 - MMSA [INFO] - VAL-(DLF) >>  acc_7: 0.4454  acc_5: 0.5415  acc_2: 0.8519  F1_score: 0.8524  Corr: 0.7990  MAE: 0.7278  Loss: 0.7146 
2026-09-03 08:34:48,444 - MMSA [INFO] - TEST-(DLF) >>  acc_7: 0.4665  acc_5: 0.5394  acc_2: 0.8384  F1_score: 0.8388  Corr: 0.7922  MAE: 0.7315  Loss: 0.7308 
2026-09-03 08:35:03,764 - MMSA [INFO] - >> Epoch: 65 TRAIN -(DLF) [20/65/1] >> total_loss: 1.7157  acc_7: 0.7399  acc_5: 0.7998  acc_2: 0.9764  F1_score: 0.9765  Corr: 0.9742  MAE: 0.2549 
2026-09-03 08:35:04,591 - MMSA [INFO] - VAL-(DLF) >>  acc_7: 0.4410  acc_5: 0.5415  acc_2: 0.8519  F1_score: 0.8524  Corr: 0.7996  MAE: 0.7239  Loss: 0.7111 
2026-09-03 08:35:06,936 - MMSA [INFO] - TEST-(DLF) >>  acc_7: 0.4621  acc_5: 0.5350  acc_2: 0.8399  F1_score: 0.8404  Corr: 0.7915  MAE: 0.7333  Loss: 0.7326 
2026-09-03 08:35:09,528 - MMSA [INFO] - TEST-(DLF) >>  acc_7: 0.4490  acc_5: 0.5219  acc_2: 0.8323  F1_score: 0.8331  Corr: 0.7884  MAE: 0.7432  Loss: 0.7425 
2026-09-03 08:35:10,709 - MMSA [INFO] - Results saved to result/normal/mosi_serial_ccdr.csv.
2026-09-03 08:42:11,072 - MMSA [INFO] - Using device: cuda:0
2026-09-03 08:42:11,072 - MMSA [INFO] - Architecture: serial_ccdr, use_ccdr=True
2026-09-03 08:42:11,200 - MMSA [INFO] - train samples: (1284,)
2026-09-03 08:42:11,329 - MMSA [INFO] - valid samples: (229,)
2026-09-03 08:42:11,457 - MMSA [INFO] - test samples: (686,)
2026-09-03 08:42:13,618 - MMSA [INFO] - Optimizer: AdamW, bert_lr=2e-05, other_lr=0.0001, weight_decay=0.005
2026-09-03 08:42:28,171 - MMSA [INFO] - >> Epoch: 1 TRAIN -(DLF) [1/1/1] >> total_loss: 4.944  acc_7: 0.1955  acc_5: 0.1955  acc_2: 0.5833  F1_score: 0.5393  Corr: 0.2042  MAE: 1.2951 
2026-09-03 08:42:28,944 - MMSA [INFO] - VAL-(DLF) >>  acc_7: 0.2358  acc_5: 0.2358  acc_2: 0.6157  F1_score: 0.5423  Corr: 0.4054  MAE: 1.3167  Loss: 1.3501 
2026-09-03 08:42:30,964 - MMSA [INFO] - TEST-(DLF) >>  acc_7: 0.1851  acc_5: 0.1851  acc_2: 0.5198  F1_score: 0.4542  Corr: 0.4390  MAE: 1.3825  Loss: 1.3815 
2026-09-03 08:42:45,524 - MMSA [INFO] - >> Epoch: 2 TRAIN -(DLF) [1/2/1] >> total_loss: 4.6163  acc_7: 0.2181  acc_5: 0.2181  acc_2: 0.6344  F1_score: 0.5766  Corr: 0.4782  MAE: 1.1996 
2026-09-03 08:42:46,297 - MMSA [INFO] - VAL-(DLF) >>  acc_7: 0.2576  acc_5: 0.2576  acc_2: 0.7685  F1_score: 0.7645  Corr: 0.5515  MAE: 1.1797  Loss: 1.2047 
2026-09-03 08:42:48,464 - MMSA [INFO] - TEST-(DLF) >>  acc_7: 0.2172  acc_5: 0.2172  acc_2: 0.7027  F1_score: 0.7039  Corr: 0.5419  MAE: 1.2085  Loss: 1.2072 
2026-09-03 08:43:03,155 - MMSA [INFO] - >> Epoch: 3 TRAIN -(DLF) [1/3/1] >> total_loss: 4.1513  acc_7: 0.2734  acc_5: 0.2749  acc_2: 0.7717  F1_score: 0.7695  Corr: 0.6587  MAE: 0.9891 
2026-09-03 08:43:03,992 - MMSA [INFO] - VAL-(DLF) >>  acc_7: 0.3013  acc_5: 0.3668  acc_2: 0.8380  F1_score: 0.8383  Corr: 0.6950  MAE: 0.9477  Loss: 0.9536 
2026-09-03 08:43:06,223 - MMSA [INFO] - TEST-(DLF) >>  acc_7: 0.3192  acc_5: 0.3367  acc_2: 0.8293  F1_score: 0.8291  Corr: 0.6861  MAE: 0.9821  Loss: 0.9809 
2026-09-03 08:43:21,120 - MMSA [INFO] - >> Epoch: 4 TRAIN -(DLF) [1/4/1] >> total_loss: 3.7146  acc_7: 0.3777  acc_5: 0.3972  acc_2: 0.8400  F1_score: 0.8403  Corr: 0.7472  MAE: 0.7907 
2026-09-03 08:43:21,936 - MMSA [INFO] - VAL-(DLF) >>  acc_7: 0.2882  acc_5: 0.3537  acc_2: 0.7963  F1_score: 0.7968  Corr: 0.7054  MAE: 0.9679  Loss: 0.9529 
2026-09-03 08:43:24,078 - MMSA [INFO] - TEST-(DLF) >>  acc_7: 0.3484  acc_5: 0.3659  acc_2: 0.8232  F1_score: 0.8167  Corr: 0.7102  MAE: 0.8737  Loss: 0.8725 
2026-09-03 08:43:38,794 - MMSA [INFO] - >> Epoch: 5 TRAIN -(DLF) [1/5/1] >> total_loss: 3.5722  acc_7: 0.3995  acc_5: 0.4198  acc_2: 0.8432  F1_score: 0.8436  Corr: 0.7637  MAE: 0.7538 
2026-09-03 08:43:39,579 - MMSA [INFO] - VAL-(DLF) >>  acc_7: 0.3406  acc_5: 0.4236  acc_2: 0.8380  F1_score: 0.8358  Corr: 0.7202  MAE: 0.9254  Loss: 0.9186 
2026-09-03 08:43:41,612 - MMSA [INFO] - TEST-(DLF) >>  acc_7: 0.3032  acc_5: 0.3309  acc_2: 0.7912  F1_score: 0.7919  Corr: 0.7238  MAE: 1.0555  Loss: 1.0549 
2026-09-03 08:43:56,169 - MMSA [INFO] - >> Epoch: 6 TRAIN -(DLF) [1/6/1] >> total_loss: 3.3546  acc_7: 0.4354  acc_5: 0.4673  acc_2: 0.8790  F1_score: 0.8792  Corr: 0.8148  MAE: 0.6769 
2026-09-03 08:43:57,007 - MMSA [INFO] - VAL-(DLF) >>  acc_7: 0.3231  acc_5: 0.3974  acc_2: 0.8611  F1_score: 0.8618  Corr: 0.7387  MAE: 0.8629  Loss: 0.8462 
2026-09-03 08:43:59,181 - MMSA [INFO] - TEST-(DLF) >>  acc_7: 0.3542  acc_5: 0.3819  acc_2: 0.8399  F1_score: 0.8388  Corr: 0.7486  MAE: 0.8449  Loss: 0.8440 
2026-09-03 08:44:13,690 - MMSA [INFO] - >> Epoch: 7 TRAIN -(DLF) [1/7/1] >> total_loss: 3.1558  acc_7: 0.4712  acc_5: 0.5047  acc_2: 0.9058  F1_score: 0.9059  Corr: 0.8513  MAE: 0.6132 
2026-09-03 08:44:14,456 - MMSA [INFO] - VAL-(DLF) >>  acc_7: 0.3144  acc_5: 0.3930  acc_2: 0.8472  F1_score: 0.8480  Corr: 0.7398  MAE: 0.8670  Loss: 0.8483 
2026-09-03 08:44:16,680 - MMSA [INFO] - TEST-(DLF) >>  acc_7: 0.3732  acc_5: 0.4155  acc_2: 0.8384  F1_score: 0.8367  Corr: 0.7454  MAE: 0.8400  Loss: 0.8391 
2026-09-03 08:44:30,948 - MMSA [INFO] - >> Epoch: 8 TRAIN -(DLF) [2/8/1] >> total_loss: 3.0145  acc_7: 0.4953  acc_5: 0.5257  acc_2: 0.9058  F1_score: 0.9060  Corr: 0.8636  MAE: 0.5800 
2026-09-03 08:44:31,789 - MMSA [INFO] - VAL-(DLF) >>  acc_7: 0.3624  acc_5: 0.4454  acc_2: 0.8565  F1_score: 0.8546  Corr: 0.7646  MAE: 0.8565  Loss: 0.8497 
2026-09-03 08:44:33,934 - MMSA [INFO] - TEST-(DLF) >>  acc_7: 0.3338  acc_5: 0.3776  acc_2: 0.7896  F1_score: 0.7902  Corr: 0.7429  MAE: 0.9998  Loss: 0.9994 
2026-09-03 08:44:48,196 - MMSA [INFO] - >> Epoch: 9 TRAIN -(DLF) [3/9/1] >> total_loss: 2.9483  acc_7: 0.4829  acc_5: 0.5226  acc_2: 0.9171  F1_score: 0.9172  Corr: 0.8681  MAE: 0.5855 
2026-09-03 08:44:49,039 - MMSA [INFO] - VAL-(DLF) >>  acc_7: 0.3712  acc_5: 0.4716  acc_2: 0.8565  F1_score: 0.8566  Corr: 0.7616  MAE: 0.8344  Loss: 0.8133 
2026-09-03 08:44:51,187 - MMSA [INFO] - TEST-(DLF) >>  acc_7: 0.3980  acc_5: 0.4767  acc_2: 0.8293  F1_score: 0.8292  Corr: 0.7489  MAE: 0.8411  Loss: 0.8403 
2026-09-03 08:45:06,108 - MMSA [INFO] - >> Epoch: 10 TRAIN -(DLF) [1/10/1] >> total_loss: 2.8156  acc_7: 0.5164  acc_5: 0.5537  acc_2: 0.9285  F1_score: 0.9283  Corr: 0.8872  MAE: 0.5333 
2026-09-03 08:45:06,984 - MMSA [INFO] - VAL-(DLF) >>  acc_7: 0.3231  acc_5: 0.4236  acc_2: 0.8241  F1_score: 0.8249  Corr: 0.7428  MAE: 0.9499  Loss: 0.9253 
2026-09-03 08:45:09,235 - MMSA [INFO] - TEST-(DLF) >>  acc_7: 0.4009  acc_5: 0.4767  acc_2: 0.8399  F1_score: 0.8342  Corr: 0.7492  MAE: 0.8196  Loss: 0.8186 
2026-09-03 08:45:23,440 - MMSA [INFO] - >> Epoch: 11 TRAIN -(DLF) [2/11/1] >> total_loss: 2.9144  acc_7: 0.4330  acc_5: 0.4704  acc_2: 0.8968  F1_score: 0.8971  Corr: 0.8676  MAE: 0.6138 
2026-09-03 08:45:24,258 - MMSA [INFO] - VAL-(DLF) >>  acc_7: 0.3974  acc_5: 0.5066  acc_2: 0.8519  F1_score: 0.8505  Corr: 0.7742  MAE: 0.8252  Loss: 0.8162 
2026-09-03 08:45:26,408 - MMSA [INFO] - TEST-(DLF) >>  acc_7: 0.3688  acc_5: 0.4373  acc_2: 0.8049  F1_score: 0.8059  Corr: 0.7466  MAE: 0.9293  Loss: 0.9293 
2026-09-03 08:45:40,605 - MMSA [INFO] - >> Epoch: 12 TRAIN -(DLF) [3/12/1] >> total_loss: 2.7197  acc_7: 0.5117  acc_5: 0.5506  acc_2: 0.9188  F1_score: 0.9189  Corr: 0.8935  MAE: 0.5317 
2026-09-03 08:45:41,402 - MMSA [INFO] - VAL-(DLF) >>  acc_7: 0.4192  acc_5: 0.5328  acc_2: 0.8426  F1_score: 0.8411  Corr: 0.7674  MAE: 0.8033  Loss: 0.7925 
2026-09-03 08:45:43,454 - MMSA [INFO] - TEST-(DLF) >>  acc_7: 0.3790  acc_5: 0.4461  acc_2: 0.8064  F1_score: 0.8075  Corr: 0.7529  MAE: 0.8997  Loss: 0.8994 
2026-09-03 08:45:58,286 - MMSA [INFO] - >> Epoch: 13 TRAIN -(DLF) [1/13/1] >> total_loss: 2.6877  acc_7: 0.5280  acc_5: 0.5678  acc_2: 0.9180  F1_score: 0.9177  Corr: 0.8997  MAE: 0.5205 
2026-09-03 08:45:59,122 - MMSA [INFO] - VAL-(DLF) >>  acc_7: 0.3537  acc_5: 0.4629  acc_2: 0.8426  F1_score: 0.8434  Corr: 0.7711  MAE: 0.8126  Loss: 0.7958 
2026-09-03 08:46:01,227 - MMSA [INFO] - TEST-(DLF) >>  acc_7: 0.4402  acc_5: 0.5087  acc_2: 0.8415  F1_score: 0.8388  Corr: 0.7710  MAE: 0.7602  Loss: 0.7595 
2026-09-03 08:46:15,758 - MMSA [INFO] - >> Epoch: 14 TRAIN -(DLF) [2/14/1] >> total_loss: 2.5734  acc_7: 0.5569  acc_5: 0.5989  acc_2: 0.9261  F1_score: 0.9262  Corr: 0.9092  MAE: 0.4817 
2026-09-03 08:46:16,538 - MMSA [INFO] - VAL-(DLF) >>  acc_7: 0.4105  acc_5: 0.5197  acc_2: 0.8750  F1_score: 0.8752  Corr: 0.7789  MAE: 0.7783  Loss: 0.7686 
2026-09-03 08:46:18,636 - MMSA [INFO] - TEST-(DLF) >>  acc_7: 0.4111  acc_5: 0.4854  acc_2: 0.8277  F1_score: 0.8284  Corr: 0.7693  MAE: 0.8153  Loss: 0.8152 
2026-09-03 08:46:33,387 - MMSA [INFO] - >> Epoch: 15 TRAIN -(DLF) [1/15/1] >> total_loss: 2.4628  acc_7: 0.6044  acc_5: 0.6542  acc_2: 0.9488  F1_score: 0.9489  Corr: 0.9221  MAE: 0.4377 
2026-09-03 08:46:34,242 - MMSA [INFO] - VAL-(DLF) >>  acc_7: 0.4148  acc_5: 0.5240  acc_2: 0.8565  F1_score: 0.8564  Corr: 0.7748  MAE: 0.7889  Loss: 0.7850 
2026-09-03 08:46:36,342 - MMSA [INFO] - TEST-(DLF) >>  acc_7: 0.4038  acc_5: 0.4781  acc_2: 0.8110  F1_score: 0.8121  Corr: 0.7563  MAE: 0.8397  Loss: 0.8397 
2026-09-03 08:46:50,629 - MMSA [INFO] - >> Epoch: 16 TRAIN -(DLF) [2/16/1] >> total_loss: 2.4286  acc_7: 0.6005  acc_5: 0.6519  acc_2: 0.9342  F1_score: 0.9342  Corr: 0.9229  MAE: 0.4394 
2026-09-03 08:46:51,457 - MMSA [INFO] - VAL-(DLF) >>  acc_7: 0.3755  acc_5: 0.4847  acc_2: 0.8565  F1_score: 0.8572  Corr: 0.7768  MAE: 0.8015  Loss: 0.7881 
2026-09-03 08:46:53,513 - MMSA [INFO] - TEST-(DLF) >>  acc_7: 0.4315  acc_5: 0.5102  acc_2: 0.8354  F1_score: 0.8345  Corr: 0.7698  MAE: 0.7711  Loss: 0.7705 
2026-09-03 08:47:07,881 - MMSA [INFO] - >> Epoch: 17 TRAIN -(DLF) [3/17/1] >> total_loss: 2.3253  acc_7: 0.6379  acc_5: 0.6869  acc_2: 0.9545  F1_score: 0.9545  Corr: 0.9305  MAE: 0.4064 
2026-09-03 08:47:08,720 - MMSA [INFO] - VAL-(DLF) >>  acc_7: 0.3886  acc_5: 0.4978  acc_2: 0.8611  F1_score: 0.8618  Corr: 0.7781  MAE: 0.8046  Loss: 0.7876 
2026-09-03 08:47:10,824 - MMSA [INFO] - TEST-(DLF) >>  acc_7: 0.4402  acc_5: 0.5190  acc_2: 0.8369  F1_score: 0.8359  Corr: 0.7726  MAE: 0.7632  Loss: 0.7626 
2026-09-03 08:47:25,048 - MMSA [INFO] - >> Epoch: 18 TRAIN -(DLF) [4/18/1] >> total_loss: 2.3052  acc_7: 0.6246  acc_5: 0.6807  acc_2: 0.9423  F1_score: 0.9424  Corr: 0.9325  MAE: 0.4133 
2026-09-03 08:47:25,864 - MMSA [INFO] - VAL-(DLF) >>  acc_7: 0.4410  acc_5: 0.5459  acc_2: 0.8565  F1_score: 0.8559  Corr: 0.7866  MAE: 0.7639  Loss: 0.7566 
2026-09-03 08:47:28,065 - MMSA [INFO] - TEST-(DLF) >>  acc_7: 0.4155  acc_5: 0.4898  acc_2: 0.8186  F1_score: 0.8196  Corr: 0.7643  MAE: 0.8208  Loss: 0.8205 
2026-09-03 08:47:43,074 - MMSA [INFO] - >> Epoch: 19 TRAIN -(DLF) [1/19/1] >> total_loss: 2.2413  acc_7: 0.6238  acc_5: 0.6760  acc_2: 0.9513  F1_score: 0.9513  Corr: 0.9357  MAE: 0.3889 
2026-09-03 08:47:43,943 - MMSA [INFO] - VAL-(DLF) >>  acc_7: 0.4105  acc_5: 0.5153  acc_2: 0.8796  F1_score: 0.8796  Corr: 0.7871  MAE: 0.7640  Loss: 0.7522 
2026-09-03 08:47:46,159 - MMSA [INFO] - TEST-(DLF) >>  acc_7: 0.4286  acc_5: 0.5073  acc_2: 0.8216  F1_score: 0.8224  Corr: 0.7660  MAE: 0.8004  Loss: 0.8001 
2026-09-03 08:48:01,144 - MMSA [INFO] - >> Epoch: 20 TRAIN -(DLF) [1/20/1] >> total_loss: 2.2052  acc_7: 0.6371  acc_5: 0.6931  acc_2: 0.9578  F1_score: 0.9578  Corr: 0.9425  MAE: 0.3733 
2026-09-03 08:48:01,997 - MMSA [INFO] - VAL-(DLF) >>  acc_7: 0.4017  acc_5: 0.5066  acc_2: 0.8704  F1_score: 0.8707  Corr: 0.7882  MAE: 0.7709  Loss: 0.7577 
2026-09-03 08:48:04,026 - MMSA [INFO] - TEST-(DLF) >>  acc_7: 0.4388  acc_5: 0.5160  acc_2: 0.8216  F1_score: 0.8219  Corr: 0.7655  MAE: 0.7812  Loss: 0.7806 
2026-09-03 08:48:18,198 - MMSA [INFO] - >> Epoch: 21 TRAIN -(DLF) [2/21/1] >> total_loss: 2.1692  acc_7: 0.6379  acc_5: 0.6931  acc_2: 0.9586  F1_score: 0.9586  Corr: 0.9446  MAE: 0.3745 
2026-09-03 08:48:19,017 - MMSA [INFO] - VAL-(DLF) >>  acc_7: 0.3886  acc_5: 0.4934  acc_2: 0.8611  F1_score: 0.8618  Corr: 0.7826  MAE: 0.7748  Loss: 0.7605 
2026-09-03 08:48:21,157 - MMSA [INFO] - TEST-(DLF) >>  acc_7: 0.4504  acc_5: 0.5233  acc_2: 0.8338  F1_score: 0.8328  Corr: 0.7670  MAE: 0.7604  Loss: 0.7595 
2026-09-03 08:48:35,824 - MMSA [INFO] - >> Epoch: 22 TRAIN -(DLF) [3/22/1] >> total_loss: 2.1548  acc_7: 0.6379  acc_5: 0.6916  acc_2: 0.9529  F1_score: 0.9529  Corr: 0.9462  MAE: 0.3703 
2026-09-03 08:48:36,660 - MMSA [INFO] - VAL-(DLF) >>  acc_7: 0.3886  acc_5: 0.5022  acc_2: 0.8565  F1_score: 0.8571  Corr: 0.7828  MAE: 0.7947  Loss: 0.7744 
2026-09-03 08:48:38,718 - MMSA [INFO] - TEST-(DLF) >>  acc_7: 0.4606  acc_5: 0.5408  acc_2: 0.8308  F1_score: 0.8291  Corr: 0.7670  MAE: 0.7617  Loss: 0.7609 
2026-09-03 08:48:53,394 - MMSA [INFO] - >> Epoch: 23 TRAIN -(DLF) [4/23/1] >> total_loss: 2.1252  acc_7: 0.6674  acc_5: 0.7251  acc_2: 0.9464  F1_score: 0.9465  Corr: 0.9483  MAE: 0.3522 
2026-09-03 08:48:54,181 - MMSA [INFO] - VAL-(DLF) >>  acc_7: 0.4105  acc_5: 0.5197  acc_2: 0.8519  F1_score: 0.8524  Corr: 0.7934  MAE: 0.7525  Loss: 0.7374 
2026-09-03 08:48:56,378 - MMSA [INFO] - TEST-(DLF) >>  acc_7: 0.4548  acc_5: 0.5292  acc_2: 0.8232  F1_score: 0.8236  Corr: 0.7685  MAE: 0.7629  Loss: 0.7621 
2026-09-03 08:49:11,623 - MMSA [INFO] - >> Epoch: 24 TRAIN -(DLF) [1/24/1] >> total_loss: 2.0546  acc_7: 0.6713  acc_5: 0.7290  acc_2: 0.9594  F1_score: 0.9594  Corr: 0.9518  MAE: 0.3425 
2026-09-03 08:49:12,475 - MMSA [INFO] - VAL-(DLF) >>  acc_7: 0.4192  acc_5: 0.5284  acc_2: 0.8472  F1_score: 0.8477  Corr: 0.7921  MAE: 0.7480  Loss: 0.7363 
2026-09-03 08:49:14,570 - MMSA [INFO] - TEST-(DLF) >>  acc_7: 0.4519  acc_5: 0.5277  acc_2: 0.8247  F1_score: 0.8253  Corr: 0.7709  MAE: 0.7668  Loss: 0.7661 
2026-09-03 08:49:29,494 - MMSA [INFO] - >> Epoch: 25 TRAIN -(DLF) [1/25/1] >> total_loss: 2.0767  acc_7: 0.6628  acc_5: 0.7173  acc_2: 0.9521  F1_score: 0.9521  Corr: 0.9496  MAE: 0.3576 
2026-09-03 08:49:30,295 - MMSA [INFO] - VAL-(DLF) >>  acc_7: 0.4236  acc_5: 0.5371  acc_2: 0.8611  F1_score: 0.8613  Corr: 0.7861  MAE: 0.7763  Loss: 0.7650 
2026-09-03 08:49:32,518 - MMSA [INFO] - TEST-(DLF) >>  acc_7: 0.4286  acc_5: 0.5058  acc_2: 0.8201  F1_score: 0.8209  Corr: 0.7675  MAE: 0.8121  Loss: 0.8118 
2026-09-03 08:49:47,002 - MMSA [INFO] - >> Epoch: 26 TRAIN -(DLF) [2/26/1] >> total_loss: 2.103  acc_7: 0.6698  acc_5: 0.7305  acc_2: 0.9496  F1_score: 0.9497  Corr: 0.9472  MAE: 0.3679 
2026-09-03 08:49:47,821 - MMSA [INFO] - VAL-(DLF) >>  acc_7: 0.3974  acc_5: 0.5066  acc_2: 0.8611  F1_score: 0.8615  Corr: 0.7844  MAE: 0.7638  Loss: 0.7526 
2026-09-03 08:49:49,935 - MMSA [INFO] - TEST-(DLF) >>  acc_7: 0.4431  acc_5: 0.5131  acc_2: 0.8186  F1_score: 0.8192  Corr: 0.7702  MAE: 0.7691  Loss: 0.7686 
2026-09-03 08:50:04,462 - MMSA [INFO] - >> Epoch: 27 TRAIN -(DLF) [3/27/1] >> total_loss: 2.0714  acc_7: 0.6643  acc_5: 0.7204  acc_2: 0.9423  F1_score: 0.9422  Corr: 0.9508  MAE: 0.3606 
2026-09-03 08:50:05,315 - MMSA [INFO] - VAL-(DLF) >>  acc_7: 0.3799  acc_5: 0.4934  acc_2: 0.8472  F1_score: 0.8479  Corr: 0.7842  MAE: 0.7886  Loss: 0.7683 
2026-09-03 08:50:07,419 - MMSA [INFO] - TEST-(DLF) >>  acc_7: 0.4665  acc_5: 0.5466  acc_2: 0.8293  F1_score: 0.8280  Corr: 0.7739  MAE: 0.7421  Loss: 0.7412 
2026-09-03 08:50:21,879 - MMSA [INFO] - >> Epoch: 28 TRAIN -(DLF) [4/28/1] >> total_loss: 2.0461  acc_7: 0.6597  acc_5: 0.7173  acc_2: 0.9561  F1_score: 0.9560  Corr: 0.9513  MAE: 0.3526 
2026-09-03 08:50:22,720 - MMSA [INFO] - VAL-(DLF) >>  acc_7: 0.4148  acc_5: 0.5197  acc_2: 0.8565  F1_score: 0.8568  Corr: 0.7922  MAE: 0.7587  Loss: 0.7418 
2026-09-03 08:50:24,813 - MMSA [INFO] - TEST-(DLF) >>  acc_7: 0.4490  acc_5: 0.5262  acc_2: 0.8262  F1_score: 0.8265  Corr: 0.7760  MAE: 0.7633  Loss: 0.7627 
2026-09-03 08:50:39,246 - MMSA [INFO] - >> Epoch: 29 TRAIN -(DLF) [5/29/1] >> total_loss: 1.95  acc_7: 0.7017  acc_5: 0.7539  acc_2: 0.9610  F1_score: 0.9610  Corr: 0.9591  MAE: 0.3172 
2026-09-03 08:50:40,087 - MMSA [INFO] - VAL-(DLF) >>  acc_7: 0.4498  acc_5: 0.5502  acc_2: 0.8519  F1_score: 0.8514  Corr: 0.7934  MAE: 0.7371  Loss: 0.7222 
2026-09-03 08:50:42,325 - MMSA [INFO] - TEST-(DLF) >>  acc_7: 0.4242  acc_5: 0.4971  acc_2: 0.8216  F1_score: 0.8227  Corr: 0.7712  MAE: 0.7893  Loss: 0.7888 
2026-09-03 08:50:57,260 - MMSA [INFO] - >> Epoch: 30 TRAIN -(DLF) [1/30/1] >> total_loss: 1.9507  acc_7: 0.6908  acc_5: 0.7453  acc_2: 0.9634  F1_score: 0.9634  Corr: 0.9599  MAE: 0.3156 
2026-09-03 08:50:58,083 - MMSA [INFO] - VAL-(DLF) >>  acc_7: 0.4105  acc_5: 0.5197  acc_2: 0.8657  F1_score: 0.8660  Corr: 0.7942  MAE: 0.7454  Loss: 0.7242 
2026-09-03 08:51:00,307 - MMSA [INFO] - TEST-(DLF) >>  acc_7: 0.4548  acc_5: 0.5306  acc_2: 0.8308  F1_score: 0.8310  Corr: 0.7780  MAE: 0.7481  Loss: 0.7473 
2026-09-03 08:51:14,848 - MMSA [INFO] - >> Epoch: 31 TRAIN -(DLF) [2/31/1] >> total_loss: 1.9178  acc_7: 0.7009  acc_5: 0.7516  acc_2: 0.9659  F1_score: 0.9658  Corr: 0.9618  MAE: 0.3112 
2026-09-03 08:51:15,669 - MMSA [INFO] - VAL-(DLF) >>  acc_7: 0.4367  acc_5: 0.5459  acc_2: 0.8611  F1_score: 0.8613  Corr: 0.7977  MAE: 0.7193  Loss: 0.7030 
2026-09-03 08:51:17,759 - MMSA [INFO] - TEST-(DLF) >>  acc_7: 0.4563  acc_5: 0.5306  acc_2: 0.8323  F1_score: 0.8330  Corr: 0.7763  MAE: 0.7496  Loss: 0.7488 
2026-09-03 08:51:32,809 - MMSA [INFO] - >> Epoch: 32 TRAIN -(DLF) [1/32/1] >> total_loss: 1.9534  acc_7: 0.6931  acc_5: 0.7500  acc_2: 0.9569  F1_score: 0.9569  Corr: 0.9590  MAE: 0.3268 
2026-09-03 08:51:33,656 - MMSA [INFO] - VAL-(DLF) >>  acc_7: 0.4760  acc_5: 0.5764  acc_2: 0.8472  F1_score: 0.8469  Corr: 0.7985  MAE: 0.7296  Loss: 0.7149 
2026-09-03 08:51:35,818 - MMSA [INFO] - TEST-(DLF) >>  acc_7: 0.4329  acc_5: 0.5087  acc_2: 0.8186  F1_score: 0.8196  Corr: 0.7743  MAE: 0.8008  Loss: 0.8001 
2026-09-03 08:51:50,265 - MMSA [INFO] - >> Epoch: 33 TRAIN -(DLF) [2/33/1] >> total_loss: 1.9509  acc_7: 0.6667  acc_5: 0.7336  acc_2: 0.9578  F1_score: 0.9578  Corr: 0.9588  MAE: 0.3295 
2026-09-03 08:51:51,094 - MMSA [INFO] - VAL-(DLF) >>  acc_7: 0.4367  acc_5: 0.5459  acc_2: 0.8565  F1_score: 0.8569  Corr: 0.7993  MAE: 0.7199  Loss: 0.7047 
2026-09-03 08:51:53,175 - MMSA [INFO] - TEST-(DLF) >>  acc_7: 0.4650  acc_5: 0.5321  acc_2: 0.8308  F1_score: 0.8313  Corr: 0.7804  MAE: 0.7457  Loss: 0.7449 
2026-09-03 08:52:07,636 - MMSA [INFO] - >> Epoch: 34 TRAIN -(DLF) [3/34/1] >> total_loss: 1.9196  acc_7: 0.7025  acc_5: 0.7593  acc_2: 0.9537  F1_score: 0.9537  Corr: 0.9594  MAE: 0.3150 
2026-09-03 08:52:08,493 - MMSA [INFO] - VAL-(DLF) >>  acc_7: 0.4585  acc_5: 0.5677  acc_2: 0.8519  F1_score: 0.8516  Corr: 0.8012  MAE: 0.7230  Loss: 0.7123 
2026-09-03 08:52:10,615 - MMSA [INFO] - TEST-(DLF) >>  acc_7: 0.4155  acc_5: 0.4869  acc_2: 0.8216  F1_score: 0.8227  Corr: 0.7816  MAE: 0.7894  Loss: 0.7889 
2026-09-03 08:52:25,032 - MMSA [INFO] - >> Epoch: 35 TRAIN -(DLF) [4/35/1] >> total_loss: 1.9178  acc_7: 0.7017  acc_5: 0.7625  acc_2: 0.9586  F1_score: 0.9586  Corr: 0.9604  MAE: 0.3153 
2026-09-03 08:52:25,851 - MMSA [INFO] - VAL-(DLF) >>  acc_7: 0.4454  acc_5: 0.5415  acc_2: 0.8565  F1_score: 0.8568  Corr: 0.7981  MAE: 0.7350  Loss: 0.7160 
2026-09-03 08:52:27,924 - MMSA [INFO] - TEST-(DLF) >>  acc_7: 0.4548  acc_5: 0.5248  acc_2: 0.8369  F1_score: 0.8373  Corr: 0.7879  MAE: 0.7411  Loss: 0.7404 
2026-09-03 08:52:42,477 - MMSA [INFO] - >> Epoch: 36 TRAIN -(DLF) [5/36/1] >> total_loss: 1.8697  acc_7: 0.7165  acc_5: 0.7765  acc_2: 0.9675  F1_score: 0.9675  Corr: 0.9651  MAE: 0.2928 
2026-09-03 08:52:43,344 - MMSA [INFO] - VAL-(DLF) >>  acc_7: 0.4672  acc_5: 0.5721  acc_2: 0.8426  F1_score: 0.8428  Corr: 0.7997  MAE: 0.7185  Loss: 0.7036 
2026-09-03 08:52:45,516 - MMSA [INFO] - TEST-(DLF) >>  acc_7: 0.4534  acc_5: 0.5204  acc_2: 0.8384  F1_score: 0.8391  Corr: 0.7912  MAE: 0.7416  Loss: 0.7411 
2026-09-03 08:53:00,175 - MMSA [INFO] - >> Epoch: 37 TRAIN -(DLF) [6/37/1] >> total_loss: 1.8606  acc_7: 0.7368  acc_5: 0.7936  acc_2: 0.9659  F1_score: 0.9659  Corr: 0.9657  MAE: 0.2882 
2026-09-03 08:53:01,014 - MMSA [INFO] - VAL-(DLF) >>  acc_7: 0.4760  acc_5: 0.5764  acc_2: 0.8380  F1_score: 0.8381  Corr: 0.7992  MAE: 0.7212  Loss: 0.7052 
2026-09-03 08:53:03,112 - MMSA [INFO] - TEST-(DLF) >>  acc_7: 0.4519  acc_5: 0.5219  acc_2: 0.8369  F1_score: 0.8375  Corr: 0.7925  MAE: 0.7376  Loss: 0.7371 
2026-09-03 08:53:17,732 - MMSA [INFO] - >> Epoch: 38 TRAIN -(DLF) [7/38/1] >> total_loss: 1.8669  acc_7: 0.7040  acc_5: 0.7625  acc_2: 0.9618  F1_score: 0.9617  Corr: 0.9644  MAE: 0.2964 
2026-09-03 08:53:18,583 - MMSA [INFO] - VAL-(DLF) >>  acc_7: 0.4672  acc_5: 0.5677  acc_2: 0.8380  F1_score: 0.8383  Corr: 0.7986  MAE: 0.7263  Loss: 0.7069 
2026-09-03 08:53:20,761 - MMSA [INFO] - TEST-(DLF) >>  acc_7: 0.4534  acc_5: 0.5277  acc_2: 0.8430  F1_score: 0.8434  Corr: 0.7909  MAE: 0.7310  Loss: 0.7304 
2026-09-03 08:53:35,494 - MMSA [INFO] - >> Epoch: 39 TRAIN -(DLF) [8/39/1] >> total_loss: 1.8495  acc_7: 0.7165  acc_5: 0.7780  acc_2: 0.9643  F1_score: 0.9642  Corr: 0.9637  MAE: 0.2964 
2026-09-03 08:53:36,311 - MMSA [INFO] - VAL-(DLF) >>  acc_7: 0.4672  acc_5: 0.5677  acc_2: 0.8472  F1_score: 0.8475  Corr: 0.7999  MAE: 0.7179  Loss: 0.6992 
2026-09-03 08:53:38,493 - MMSA [INFO] - TEST-(DLF) >>  acc_7: 0.4592  acc_5: 0.5321  acc_2: 0.8323  F1_score: 0.8329  Corr: 0.7845  MAE: 0.7387  Loss: 0.7379 
2026-09-03 08:53:53,597 - MMSA [INFO] - >> Epoch: 40 TRAIN -(DLF) [1/40/1] >> total_loss: 1.8685  acc_7: 0.7111  acc_5: 0.7648  acc_2: 0.9610  F1_score: 0.9610  Corr: 0.9643  MAE: 0.2981 
2026-09-03 08:53:54,440 - MMSA [INFO] - VAL-(DLF) >>  acc_7: 0.4760  acc_5: 0.5764  acc_2: 0.8472  F1_score: 0.8473  Corr: 0.7983  MAE: 0.7298  Loss: 0.7128 
2026-09-03 08:53:56,581 - MMSA [INFO] - TEST-(DLF) >>  acc_7: 0.4373  acc_5: 0.5131  acc_2: 0.8308  F1_score: 0.8315  Corr: 0.7830  MAE: 0.7629  Loss: 0.7622 
2026-09-03 08:54:11,142 - MMSA [INFO] - >> Epoch: 41 TRAIN -(DLF) [2/41/1] >> total_loss: 1.8141  acc_7: 0.7336  acc_5: 0.7983  acc_2: 0.9781  F1_score: 0.9781  Corr: 0.9689  MAE: 0.2751 
2026-09-03 08:54:11,985 - MMSA [INFO] - VAL-(DLF) >>  acc_7: 0.4541  acc_5: 0.5590  acc_2: 0.8426  F1_score: 0.8428  Corr: 0.7991  MAE: 0.7197  Loss: 0.7070 
2026-09-03 08:54:14,234 - MMSA [INFO] - TEST-(DLF) >>  acc_7: 0.4534  acc_5: 0.5190  acc_2: 0.8262  F1_score: 0.8269  Corr: 0.7864  MAE: 0.7486  Loss: 0.7479 
2026-09-03 08:54:28,899 - MMSA [INFO] - >> Epoch: 42 TRAIN -(DLF) [3/42/1] >> total_loss: 1.8193  acc_7: 0.7188  acc_5: 0.7788  acc_2: 0.9675  F1_score: 0.9675  Corr: 0.9673  MAE: 0.2836 
2026-09-03 08:54:29,752 - MMSA [INFO] - VAL-(DLF) >>  acc_7: 0.4716  acc_5: 0.5721  acc_2: 0.8565  F1_score: 0.8570  Corr: 0.7980  MAE: 0.7220  Loss: 0.7066 
2026-09-03 08:54:31,898 - MMSA [INFO] - TEST-(DLF) >>  acc_7: 0.4577  acc_5: 0.5248  acc_2: 0.8354  F1_score: 0.8360  Corr: 0.7894  MAE: 0.7380  Loss: 0.7374 
2026-09-03 08:54:46,415 - MMSA [INFO] - >> Epoch: 43 TRAIN -(DLF) [4/43/1] >> total_loss: 1.811  acc_7: 0.7336  acc_5: 0.7843  acc_2: 0.9716  F1_score: 0.9716  Corr: 0.9686  MAE: 0.2767 
2026-09-03 08:54:47,285 - MMSA [INFO] - VAL-(DLF) >>  acc_7: 0.4541  acc_5: 0.5677  acc_2: 0.8519  F1_score: 0.8519  Corr: 0.7989  MAE: 0.7195  Loss: 0.7065 
2026-09-03 08:54:49,390 - MMSA [INFO] - TEST-(DLF) >>  acc_7: 0.4373  acc_5: 0.5058  acc_2: 0.8323  F1_score: 0.8332  Corr: 0.7878  MAE: 0.7578  Loss: 0.7572 
2026-09-03 08:55:03,996 - MMSA [INFO] - >> Epoch: 44 TRAIN -(DLF) [5/44/1] >> total_loss: 1.7937  acc_7: 0.7336  acc_5: 0.7921  acc_2: 0.9659  F1_score: 0.9659  Corr: 0.9701  MAE: 0.2720 
2026-09-03 08:55:04,853 - MMSA [INFO] - VAL-(DLF) >>  acc_7: 0.4367  acc_5: 0.5546  acc_2: 0.8519  F1_score: 0.8525  Corr: 0.7975  MAE: 0.7247  Loss: 0.7095 
2026-09-03 08:55:07,023 - MMSA [INFO] - TEST-(DLF) >>  acc_7: 0.4723  acc_5: 0.5423  acc_2: 0.8460  F1_score: 0.8462  Corr: 0.7904  MAE: 0.7272  Loss: 0.7265 
2026-09-03 08:55:21,431 - MMSA [INFO] - >> Epoch: 45 TRAIN -(DLF) [6/45/1] >> total_loss: 1.8004  acc_7: 0.7344  acc_5: 0.7913  acc_2: 0.9773  F1_score: 0.9773  Corr: 0.9694  MAE: 0.2757 
2026-09-03 08:55:22,339 - MMSA [INFO] - VAL-(DLF) >>  acc_7: 0.4498  acc_5: 0.5502  acc_2: 0.8611  F1_score: 0.8613  Corr: 0.8027  MAE: 0.7095  Loss: 0.6956 
2026-09-03 08:55:24,653 - MMSA [INFO] - TEST-(DLF) >>  acc_7: 0.4490  acc_5: 0.5219  acc_2: 0.8323  F1_score: 0.8331  Corr: 0.7884  MAE: 0.7432  Loss: 0.7425 
2026-09-03 08:55:39,818 - MMSA [INFO] - >> Epoch: 46 TRAIN -(DLF) [1/46/1] >> total_loss: 1.7612  acc_7: 0.7492  acc_5: 0.8053  acc_2: 0.9708  F1_score: 0.9707  Corr: 0.9710  MAE: 0.2670 
2026-09-03 08:55:40,636 - MMSA [INFO] - VAL-(DLF) >>  acc_7: 0.4541  acc_5: 0.5502  acc_2: 0.8519  F1_score: 0.8525  Corr: 0.8031  MAE: 0.7223  Loss: 0.7042 
2026-09-03 08:55:42,710 - MMSA [INFO] - TEST-(DLF) >>  acc_7: 0.4781  acc_5: 0.5481  acc_2: 0.8415  F1_score: 0.8415  Corr: 0.7916  MAE: 0.7227  Loss: 0.7220 
2026-09-03 08:55:57,165 - MMSA [INFO] - >> Epoch: 47 TRAIN -(DLF) [2/47/1] >> total_loss: 1.7647  acc_7: 0.7578  acc_5: 0.8139  acc_2: 0.9724  F1_score: 0.9724  Corr: 0.9713  MAE: 0.2646 
2026-09-03 08:55:58,027 - MMSA [INFO] - VAL-(DLF) >>  acc_7: 0.4629  acc_5: 0.5633  acc_2: 0.8611  F1_score: 0.8613  Corr: 0.8032  MAE: 0.7118  Loss: 0.6981 
2026-09-03 08:56:00,180 - MMSA [INFO] - TEST-(DLF) >>  acc_7: 0.4534  acc_5: 0.5204  acc_2: 0.8338  F1_score: 0.8345  Corr: 0.7904  MAE: 0.7372  Loss: 0.7366 
2026-09-03 08:56:14,921 - MMSA [INFO] - >> Epoch: 48 TRAIN -(DLF) [3/48/1] >> total_loss: 1.8028  acc_7: 0.7298  acc_5: 0.7850  acc_2: 0.9708  F1_score: 0.9708  Corr: 0.9693  MAE: 0.2785 
2026-09-03 08:56:15,746 - MMSA [INFO] - VAL-(DLF) >>  acc_7: 0.4629  acc_5: 0.5721  acc_2: 0.8565  F1_score: 0.8566  Corr: 0.8006  MAE: 0.7252  Loss: 0.7077 
2026-09-03 08:56:17,897 - MMSA [INFO] - TEST-(DLF) >>  acc_7: 0.4519  acc_5: 0.5248  acc_2: 0.8338  F1_score: 0.8345  Corr: 0.7883  MAE: 0.7458  Loss: 0.7452 
2026-09-03 08:56:32,860 - MMSA [INFO] - >> Epoch: 49 TRAIN -(DLF) [4/49/1] >> total_loss: 1.7874  acc_7: 0.7321  acc_5: 0.7952  acc_2: 0.9773  F1_score: 0.9773  Corr: 0.9711  MAE: 0.2790 
2026-09-03 08:56:33,658 - MMSA [INFO] - VAL-(DLF) >>  acc_7: 0.4629  acc_5: 0.5633  acc_2: 0.8519  F1_score: 0.8520  Corr: 0.8020  MAE: 0.7158  Loss: 0.7028 
2026-09-03 08:56:35,822 - MMSA [INFO] - TEST-(DLF) >>  acc_7: 0.4665  acc_5: 0.5394  acc_2: 0.8354  F1_score: 0.8361  Corr: 0.7912  MAE: 0.7339  Loss: 0.7332 
2026-09-03 08:56:50,675 - MMSA [INFO] - >> Epoch: 50 TRAIN -(DLF) [5/50/1] >> total_loss: 1.7729  acc_7: 0.7438  acc_5: 0.8006  acc_2: 0.9691  F1_score: 0.9692  Corr: 0.9714  MAE: 0.2681 
2026-09-03 08:56:51,520 - MMSA [INFO] - VAL-(DLF) >>  acc_7: 0.4585  acc_5: 0.5677  acc_2: 0.8565  F1_score: 0.8564  Corr: 0.7997  MAE: 0.7379  Loss: 0.7272 
2026-09-03 08:56:53,691 - MMSA [INFO] - TEST-(DLF) >>  acc_7: 0.4315  acc_5: 0.5204  acc_2: 0.8338  F1_score: 0.8347  Corr: 0.7910  MAE: 0.7732  Loss: 0.7728 
2026-09-03 08:57:08,260 - MMSA [INFO] - >> Epoch: 51 TRAIN -(DLF) [6/51/1] >> total_loss: 1.7959  acc_7: 0.7095  acc_5: 0.7819  acc_2: 0.9659  F1_score: 0.9658  Corr: 0.9708  MAE: 0.2873 
2026-09-03 08:57:09,079 - MMSA [INFO] - VAL-(DLF) >>  acc_7: 0.4105  acc_5: 0.5022  acc_2: 0.8472  F1_score: 0.8480  Corr: 0.7983  MAE: 0.7404  Loss: 0.7233 
2026-09-03 08:57:11,192 - MMSA [INFO] - TEST-(DLF) >>  acc_7: 0.4825  acc_5: 0.5554  acc_2: 0.8476  F1_score: 0.8472  Corr: 0.7951  MAE: 0.7103  Loss: 0.7096 
2026-09-03 08:57:25,795 - MMSA [INFO] - >> Epoch: 52 TRAIN -(DLF) [7/52/1] >> total_loss: 1.7922  acc_7: 0.7243  acc_5: 0.7788  acc_2: 0.9724  F1_score: 0.9724  Corr: 0.9715  MAE: 0.2765 
2026-09-03 08:57:26,605 - MMSA [INFO] - VAL-(DLF) >>  acc_7: 0.4410  acc_5: 0.5502  acc_2: 0.8611  F1_score: 0.8609  Corr: 0.8014  MAE: 0.7174  Loss: 0.7096 
2026-09-03 08:57:28,715 - MMSA [INFO] - TEST-(DLF) >>  acc_7: 0.4490  acc_5: 0.5175  acc_2: 0.8323  F1_score: 0.8332  Corr: 0.7900  MAE: 0.7546  Loss: 0.7541 
2026-09-03 08:57:43,243 - MMSA [INFO] - >> Epoch: 53 TRAIN -(DLF) [8/53/1] >> total_loss: 1.7438  acc_7: 0.7500  acc_5: 0.8061  acc_2: 0.9708  F1_score: 0.9707  Corr: 0.9738  MAE: 0.2571 
2026-09-03 08:57:44,080 - MMSA [INFO] - VAL-(DLF) >>  acc_7: 0.4279  acc_5: 0.5371  acc_2: 0.8519  F1_score: 0.8524  Corr: 0.7996  MAE: 0.7307  Loss: 0.7157 
2026-09-03 08:57:46,163 - MMSA [INFO] - TEST-(DLF) >>  acc_7: 0.4592  acc_5: 0.5306  acc_2: 0.8445  F1_score: 0.8449  Corr: 0.7924  MAE: 0.7324  Loss: 0.7318 
2026-09-03 08:58:01,178 - MMSA [INFO] - >> Epoch: 54 TRAIN -(DLF) [9/54/1] >> total_loss: 1.7473  acc_7: 0.7399  acc_5: 0.7983  acc_2: 0.9756  F1_score: 0.9756  Corr: 0.9734  MAE: 0.2616 
2026-09-03 08:58:01,973 - MMSA [INFO] - VAL-(DLF) >>  acc_7: 0.4323  acc_5: 0.5371  acc_2: 0.8519  F1_score: 0.8524  Corr: 0.8002  MAE: 0.7238  Loss: 0.7108 
2026-09-03 08:58:04,158 - MMSA [INFO] - TEST-(DLF) >>  acc_7: 0.4636  acc_5: 0.5364  acc_2: 0.8323  F1_score: 0.8330  Corr: 0.7923  MAE: 0.7322  Loss: 0.7316 
2026-09-03 08:58:18,896 - MMSA [INFO] - >> Epoch: 55 TRAIN -(DLF) [10/55/1] >> total_loss: 1.7464  acc_7: 0.7664  acc_5: 0.8185  acc_2: 0.9667  F1_score: 0.9667  Corr: 0.9741  MAE: 0.2533 
2026-09-03 08:58:19,734 - MMSA [INFO] - VAL-(DLF) >>  acc_7: 0.4585  acc_5: 0.5546  acc_2: 0.8565  F1_score: 0.8569  Corr: 0.8011  MAE: 0.7177  Loss: 0.7072 
2026-09-03 08:58:21,982 - MMSA [INFO] - TEST-(DLF) >>  acc_7: 0.4563  acc_5: 0.5277  acc_2: 0.8369  F1_score: 0.8375  Corr: 0.7941  MAE: 0.7285  Loss: 0.7278 
2026-09-03 08:58:37,025 - MMSA [INFO] - >> Epoch: 56 TRAIN -(DLF) [11/56/1] >> total_loss: 1.7359  acc_7: 0.7500  acc_5: 0.8131  acc_2: 0.9748  F1_score: 0.9748  Corr: 0.9739  MAE: 0.2531 
2026-09-03 08:58:37,883 - MMSA [INFO] - VAL-(DLF) >>  acc_7: 0.4323  acc_5: 0.5459  acc_2: 0.8519  F1_score: 0.8524  Corr: 0.7998  MAE: 0.7351  Loss: 0.7217 
2026-09-03 08:58:40,070 - MMSA [INFO] - TEST-(DLF) >>  acc_7: 0.4563  acc_5: 0.5306  acc_2: 0.8399  F1_score: 0.8405  Corr: 0.7936  MAE: 0.7442  Loss: 0.7436 
2026-09-03 08:58:54,897 - MMSA [INFO] - >> Epoch: 57 TRAIN -(DLF) [12/57/1] >> total_loss: 1.7518  acc_7: 0.7430  acc_5: 0.8061  acc_2: 0.9805  F1_score: 0.9805  Corr: 0.9734  MAE: 0.2646 
2026-09-03 08:58:55,781 - MMSA [INFO] - VAL-(DLF) >>  acc_7: 0.4541  acc_5: 0.5546  acc_2: 0.8565  F1_score: 0.8569  Corr: 0.8008  MAE: 0.7213  Loss: 0.7098 
2026-09-03 08:58:58,114 - MMSA [INFO] - TEST-(DLF) >>  acc_7: 0.4636  acc_5: 0.5364  acc_2: 0.8415  F1_score: 0.8420  Corr: 0.7941  MAE: 0.7332  Loss: 0.7325 
2026-09-03 08:59:13,177 - MMSA [INFO] - >> Epoch: 58 TRAIN -(DLF) [13/58/1] >> total_loss: 1.7228  acc_7: 0.7702  acc_5: 0.8185  acc_2: 0.9740  F1_score: 0.9740  Corr: 0.9754  MAE: 0.2461 
2026-09-03 08:59:14,033 - MMSA [INFO] - VAL-(DLF) >>  acc_7: 0.4410  acc_5: 0.5415  acc_2: 0.8519  F1_score: 0.8524  Corr: 0.7996  MAE: 0.7286  Loss: 0.7146 
2026-09-03 08:59:16,150 - MMSA [INFO] - TEST-(DLF) >>  acc_7: 0.4665  acc_5: 0.5335  acc_2: 0.8445  F1_score: 0.8447  Corr: 0.7945  MAE: 0.7254  Loss: 0.7247 
2026-09-03 08:59:30,689 - MMSA [INFO] - >> Epoch: 59 TRAIN -(DLF) [14/59/1] >> total_loss: 1.7343  acc_7: 0.7453  acc_5: 0.8030  acc_2: 0.9756  F1_score: 0.9756  Corr: 0.9748  MAE: 0.2510 
2026-09-03 08:59:31,509 - MMSA [INFO] - VAL-(DLF) >>  acc_7: 0.4672  acc_5: 0.5633  acc_2: 0.8519  F1_score: 0.8522  Corr: 0.8002  MAE: 0.7231  Loss: 0.7104 
2026-09-03 08:59:33,740 - MMSA [INFO] - TEST-(DLF) >>  acc_7: 0.4708  acc_5: 0.5394  acc_2: 0.8384  F1_score: 0.8390  Corr: 0.7932  MAE: 0.7333  Loss: 0.7326 
2026-09-03 08:59:48,230 - MMSA [INFO] - >> Epoch: 60 TRAIN -(DLF) [15/60/1] >> total_loss: 1.7238  acc_7: 0.7523  acc_5: 0.8076  acc_2: 0.9740  F1_score: 0.9740  Corr: 0.9757  MAE: 0.2475 
2026-09-03 08:59:49,048 - MMSA [INFO] - VAL-(DLF) >>  acc_7: 0.4585  acc_5: 0.5546  acc_2: 0.8519  F1_score: 0.8522  Corr: 0.8001  MAE: 0.7208  Loss: 0.7086 
2026-09-03 08:59:51,191 - MMSA [INFO] - TEST-(DLF) >>  acc_7: 0.4679  acc_5: 0.5379  acc_2: 0.8384  F1_score: 0.8390  Corr: 0.7924  MAE: 0.7329  Loss: 0.7322 
2026-09-03 09:00:05,757 - MMSA [INFO] - >> Epoch: 61 TRAIN -(DLF) [16/61/1] >> total_loss: 1.7128  acc_7: 0.7523  acc_5: 0.8162  acc_2: 0.9748  F1_score: 0.9748  Corr: 0.9738  MAE: 0.2518 
2026-09-03 09:00:06,597 - MMSA [INFO] - VAL-(DLF) >>  acc_7: 0.4541  acc_5: 0.5502  acc_2: 0.8519  F1_score: 0.8524  Corr: 0.7987  MAE: 0.7301  Loss: 0.7161 
2026-09-03 09:00:08,793 - MMSA [INFO] - TEST-(DLF) >>  acc_7: 0.4621  acc_5: 0.5350  acc_2: 0.8415  F1_score: 0.8419  Corr: 0.7928  MAE: 0.7336  Loss: 0.7330 
2026-09-03 09:00:23,267 - MMSA [INFO] - >> Epoch: 62 TRAIN -(DLF) [17/62/1] >> total_loss: 1.7021  acc_7: 0.7632  acc_5: 0.8178  acc_2: 0.9699  F1_score: 0.9699  Corr: 0.9755  MAE: 0.2431 
2026-09-03 09:00:24,072 - MMSA [INFO] - VAL-(DLF) >>  acc_7: 0.4541  acc_5: 0.5590  acc_2: 0.8565  F1_score: 0.8568  Corr: 0.7992  MAE: 0.7255  Loss: 0.7137 
2026-09-03 09:00:26,223 - MMSA [INFO] - TEST-(DLF) >>  acc_7: 0.4606  acc_5: 0.5350  acc_2: 0.8384  F1_score: 0.8390  Corr: 0.7916  MAE: 0.7411  Loss: 0.7405 
2026-09-03 09:00:40,918 - MMSA [INFO] - >> Epoch: 63 TRAIN -(DLF) [18/63/1] >> total_loss: 1.7105  acc_7: 0.7578  acc_5: 0.8224  acc_2: 0.9732  F1_score: 0.9732  Corr: 0.9759  MAE: 0.2469 
2026-09-03 09:00:41,750 - MMSA [INFO] - VAL-(DLF) >>  acc_7: 0.4454  acc_5: 0.5459  acc_2: 0.8472  F1_score: 0.8478  Corr: 0.7986  MAE: 0.7308  Loss: 0.7170 
2026-09-03 09:00:43,855 - MMSA [INFO] - TEST-(DLF) >>  acc_7: 0.4636  acc_5: 0.5379  acc_2: 0.8384  F1_score: 0.8388  Corr: 0.7924  MAE: 0.7325  Loss: 0.7318 
2026-09-03 09:00:58,506 - MMSA [INFO] - >> Epoch: 64 TRAIN -(DLF) [19/64/1] >> total_loss: 1.7013  acc_7: 0.7702  acc_5: 0.8271  acc_2: 0.9748  F1_score: 0.9748  Corr: 0.9757  MAE: 0.2417 
2026-09-03 09:00:59,316 - MMSA [INFO] - VAL-(DLF) >>  acc_7: 0.4454  acc_5: 0.5415  acc_2: 0.8519  F1_score: 0.8524  Corr: 0.7990  MAE: 0.7278  Loss: 0.7146 
2026-09-03 09:01:01,517 - MMSA [INFO] - TEST-(DLF) >>  acc_7: 0.4665  acc_5: 0.5394  acc_2: 0.8384  F1_score: 0.8388  Corr: 0.7922  MAE: 0.7315  Loss: 0.7308 
2026-09-03 09:01:16,173 - MMSA [INFO] - >> Epoch: 65 TRAIN -(DLF) [20/65/1] >> total_loss: 1.7157  acc_7: 0.7399  acc_5: 0.7998  acc_2: 0.9764  F1_score: 0.9765  Corr: 0.9742  MAE: 0.2549 
2026-09-03 09:01:16,975 - MMSA [INFO] - VAL-(DLF) >>  acc_7: 0.4410  acc_5: 0.5415  acc_2: 0.8519  F1_score: 0.8524  Corr: 0.7996  MAE: 0.7239  Loss: 0.7111 
2026-09-03 09:01:19,115 - MMSA [INFO] - TEST-(DLF) >>  acc_7: 0.4621  acc_5: 0.5350  acc_2: 0.8399  F1_score: 0.8404  Corr: 0.7915  MAE: 0.7333  Loss: 0.7326 
2026-09-03 09:01:21,626 - MMSA [INFO] - TEST-(DLF) >>  acc_7: 0.4490  acc_5: 0.5219  acc_2: 0.8323  F1_score: 0.8331  Corr: 0.7884  MAE: 0.7432  Loss: 0.7425 
2026-09-03 09:01:22,929 - MMSA [INFO] - train samples: (1284,)
2026-09-03 09:01:23,071 - MMSA [INFO] - valid samples: (229,)
2026-09-03 09:01:23,212 - MMSA [INFO] - test samples: (686,)
2026-09-03 09:01:25,812 - MMSA [INFO] - Optimizer: AdamW, bert_lr=2e-05, other_lr=0.0001, weight_decay=0.005
2026-09-03 09:01:40,191 - MMSA [INFO] - >> Epoch: 1 TRAIN -(DLF) [1/1/2] >> total_loss: 5.0597  acc_7: 0.1931  acc_5: 0.1931  acc_2: 0.5118  F1_score: 0.4795  Corr: -0.0031  MAE: 1.3326 
2026-09-03 09:01:41,041 - MMSA [INFO] - VAL-(DLF) >>  acc_7: 0.2314  acc_5: 0.2314  acc_2: 0.5741  F1_score: 0.4187  Corr: 0.2849  MAE: 1.3864  Loss: 1.4193 
2026-09-03 09:01:43,112 - MMSA [INFO] - TEST-(DLF) >>  acc_7: 0.1531  acc_5: 0.1531  acc_2: 0.4223  F1_score: 0.2507  Corr: 0.2794  MAE: 1.4632  Loss: 1.4625 
2026-09-03 09:01:58,130 - MMSA [INFO] - >> Epoch: 2 TRAIN -(DLF) [1/2/2] >> total_loss: 4.7494  acc_7: 0.2009  acc_5: 0.2009  acc_2: 0.5922  F1_score: 0.4972  Corr: 0.3279  MAE: 1.2721 
2026-09-03 09:01:58,933 - MMSA [INFO] - VAL-(DLF) >>  acc_7: 0.2489  acc_5: 0.2489  acc_2: 0.6204  F1_score: 0.5456  Corr: 0.3768  MAE: 1.3323  Loss: 1.3636 
2026-09-03 09:02:01,072 - MMSA [INFO] - TEST-(DLF) >>  acc_7: 0.1676  acc_5: 0.1676  acc_2: 0.5335  F1_score: 0.4820  Corr: 0.3851  MAE: 1.3868  Loss: 1.3858 
2026-09-03 09:02:15,855 - MMSA [INFO] - >> Epoch: 3 TRAIN -(DLF) [1/3/2] >> total_loss: 4.4975  acc_7: 0.2111  acc_5: 0.2111  acc_2: 0.6897  F1_score: 0.6693  Corr: 0.5122  MAE: 1.1973 
2026-09-03 09:02:16,645 - MMSA [INFO] - VAL-(DLF) >>  acc_7: 0.2751  acc_5: 0.2751  acc_2: 0.7037  F1_score: 0.6880  Corr: 0.5098  MAE: 1.2124  Loss: 1.2383 
2026-09-03 09:02:18,691 - MMSA [INFO] - TEST-(DLF) >>  acc_7: 0.2332  acc_5: 0.2332  acc_2: 0.6921  F1_score: 0.6921  Corr: 0.5004  MAE: 1.2279  Loss: 1.2263 
2026-09-03 09:02:33,502 - MMSA [INFO] - >> Epoch: 4 TRAIN -(DLF) [1/4/2] >> total_loss: 4.1232  acc_7: 0.2500  acc_5: 0.2500  acc_2: 0.8010  F1_score: 0.8002  Corr: 0.6518  MAE: 1.0393 
2026-09-03 09:02:34,290 - MMSA [INFO] - VAL-(DLF) >>  acc_7: 0.2664  acc_5: 0.2664  acc_2: 0.8472  F1_score: 0.8469  Corr: 0.6828  MAE: 0.9924  Loss: 0.9999 
2026-09-03 09:02:36,380 - MMSA [INFO] - TEST-(DLF) >>  acc_7: 0.2945  acc_5: 0.2945  acc_2: 0.8140  F1_score: 0.8142  Corr: 0.6621  MAE: 0.9727  Loss: 0.9714 
2026-09-03 09:02:51,361 - MMSA [INFO] - >> Epoch: 5 TRAIN -(DLF) [1/5/2] >> total_loss: 3.6764  acc_7: 0.3326  acc_5: 0.3333  acc_2: 0.8603  F1_score: 0.8606  Corr: 0.7562  MAE: 0.8095 
2026-09-03 09:02:52,225 - MMSA [INFO] - VAL-(DLF) >>  acc_7: 0.3013  acc_5: 0.3712  acc_2: 0.8565  F1_score: 0.8566  Corr: 0.7125  MAE: 0.9087  Loss: 0.8974 
2026-09-03 09:02:54,361 - MMSA [INFO] - TEST-(DLF) >>  acc_7: 0.3353  acc_5: 0.3499  acc_2: 0.8186  F1_score: 0.8190  Corr: 0.7080  MAE: 0.8885  Loss: 0.8876 
2026-09-03 09:03:09,355 - MMSA [INFO] - >> Epoch: 6 TRAIN -(DLF) [1/6/2] >> total_loss: 3.3998  acc_7: 0.3840  acc_5: 0.3972  acc_2: 0.8879  F1_score: 0.8881  Corr: 0.8114  MAE: 0.6979 
2026-09-03 09:03:10,164 - MMSA [INFO] - VAL-(DLF) >>  acc_7: 0.3406  acc_5: 0.4236  acc_2: 0.8519  F1_score: 0.8508  Corr: 0.7142  MAE: 0.8952  Loss: 0.8855 
2026-09-03 09:03:12,211 - MMSA [INFO] - TEST-(DLF) >>  acc_7: 0.3455  acc_5: 0.3717  acc_2: 0.8079  F1_score: 0.8091  Corr: 0.7088  MAE: 0.9339  Loss: 0.9335 
2026-09-03 09:03:27,356 - MMSA [INFO] - >> Epoch: 7 TRAIN -(DLF) [1/7/2] >> total_loss: 3.2922  acc_7: 0.4330  acc_5: 0.4548  acc_2: 0.8952  F1_score: 0.8953  Corr: 0.8144  MAE: 0.6776 
2026-09-03 09:03:28,244 - MMSA [INFO] - VAL-(DLF) >>  acc_7: 0.3581  acc_5: 0.4367  acc_2: 0.8472  F1_score: 0.8471  Corr: 0.7257  MAE: 0.8704  Loss: 0.8554 
2026-09-03 09:03:30,393 - MMSA [INFO] - TEST-(DLF) >>  acc_7: 0.3499  acc_5: 0.3834  acc_2: 0.8064  F1_score: 0.8071  Corr: 0.7203  MAE: 0.9042  Loss: 0.9035 
2026-09-03 09:03:45,031 - MMSA [INFO] - >> Epoch: 8 TRAIN -(DLF) [1/8/2] >> total_loss: 3.0985  acc_7: 0.4743  acc_5: 0.5008  acc_2: 0.9050  F1_score: 0.9048  Corr: 0.8522  MAE: 0.6187 
2026-09-03 09:03:45,822 - MMSA [INFO] - VAL-(DLF) >>  acc_7: 0.3450  acc_5: 0.4236  acc_2: 0.8611  F1_score: 0.8613  Corr: 0.7425  MAE: 0.8447  Loss: 0.8308 
2026-09-03 09:03:47,894 - MMSA [INFO] - TEST-(DLF) >>  acc_7: 0.3557  acc_5: 0.3907  acc_2: 0.8216  F1_score: 0.8214  Corr: 0.7391  MAE: 0.8709  Loss: 0.8701 
2026-09-03 09:04:02,955 - MMSA [INFO] - >> Epoch: 9 TRAIN -(DLF) [1/9/2] >> total_loss: 2.9683  acc_7: 0.4868  acc_5: 0.5202  acc_2: 0.9147  F1_score: 0.9147  Corr: 0.8669  MAE: 0.5826 
2026-09-03 09:04:03,803 - MMSA [INFO] - VAL-(DLF) >>  acc_7: 0.4367  acc_5: 0.5415  acc_2: 0.8750  F1_score: 0.8749  Corr: 0.7570  MAE: 0.8125  Loss: 0.7952 
2026-09-03 09:04:05,966 - MMSA [INFO] - TEST-(DLF) >>  acc_7: 0.3907  acc_5: 0.4563  acc_2: 0.8277  F1_score: 0.8279  Corr: 0.7468  MAE: 0.8440  Loss: 0.8435 
2026-09-03 09:04:20,929 - MMSA [INFO] - >> Epoch: 10 TRAIN -(DLF) [1/10/2] >> total_loss: 2.9103  acc_7: 0.5039  acc_5: 0.5428  acc_2: 0.9115  F1_score: 0.9114  Corr: 0.8685  MAE: 0.5778 
2026-09-03 09:04:21,728 - MMSA [INFO] - VAL-(DLF) >>  acc_7: 0.3843  acc_5: 0.4847  acc_2: 0.8426  F1_score: 0.8432  Corr: 0.7575  MAE: 0.8279  Loss: 0.8067 
2026-09-03 09:04:23,876 - MMSA [INFO] - TEST-(DLF) >>  acc_7: 0.4198  acc_5: 0.4869  acc_2: 0.8430  F1_score: 0.8413  Corr: 0.7501  MAE: 0.8126  Loss: 0.8120 
2026-09-03 09:04:38,306 - MMSA [INFO] - >> Epoch: 11 TRAIN -(DLF) [2/11/2] >> total_loss: 2.7808  acc_7: 0.5288  acc_5: 0.5701  acc_2: 0.9188  F1_score: 0.9187  Corr: 0.8885  MAE: 0.5304 
2026-09-03 09:04:39,119 - MMSA [INFO] - VAL-(DLF) >>  acc_7: 0.3799  acc_5: 0.4847  acc_2: 0.8704  F1_score: 0.8704  Corr: 0.7572  MAE: 0.8227  Loss: 0.8064 
2026-09-03 09:04:41,249 - MMSA [INFO] - TEST-(DLF) >>  acc_7: 0.4082  acc_5: 0.4781  acc_2: 0.8369  F1_score: 0.8365  Corr: 0.7510  MAE: 0.8279  Loss: 0.8274 
2026-09-03 09:04:55,831 - MMSA [INFO] - >> Epoch: 12 TRAIN -(DLF) [3/12/2] >> total_loss: 2.6798  acc_7: 0.5475  acc_5: 0.5919  acc_2: 0.9383  F1_score: 0.9383  Corr: 0.9015  MAE: 0.4938 
2026-09-03 09:04:56,701 - MMSA [INFO] - VAL-(DLF) >>  acc_7: 0.4061  acc_5: 0.5109  acc_2: 0.8704  F1_score: 0.8704  Corr: 0.7700  MAE: 0.7883  Loss: 0.7734 
2026-09-03 09:04:58,896 - MMSA [INFO] - TEST-(DLF) >>  acc_7: 0.4111  acc_5: 0.4738  acc_2: 0.8354  F1_score: 0.8351  Corr: 0.7543  MAE: 0.8166  Loss: 0.8161 
2026-09-03 09:05:14,056 - MMSA [INFO] - >> Epoch: 13 TRAIN -(DLF) [1/13/2] >> total_loss: 2.6319  acc_7: 0.5413  acc_5: 0.5818  acc_2: 0.9326  F1_score: 0.9326  Corr: 0.9062  MAE: 0.4923 
2026-09-03 09:05:14,893 - MMSA [INFO] - VAL-(DLF) >>  acc_7: 0.3843  acc_5: 0.4934  acc_2: 0.8565  F1_score: 0.8569  Corr: 0.7678  MAE: 0.8091  Loss: 0.7884 
2026-09-03 09:05:17,068 - MMSA [INFO] - TEST-(DLF) >>  acc_7: 0.4184  acc_5: 0.4942  acc_2: 0.8415  F1_score: 0.8404  Corr: 0.7577  MAE: 0.7948  Loss: 0.7942 
2026-09-03 09:05:31,734 - MMSA [INFO] - >> Epoch: 14 TRAIN -(DLF) [2/14/2] >> total_loss: 2.5778  acc_7: 0.5530  acc_5: 0.5997  acc_2: 0.9277  F1_score: 0.9278  Corr: 0.9085  MAE: 0.4842 
2026-09-03 09:05:32,629 - MMSA [INFO] - VAL-(DLF) >>  acc_7: 0.3843  acc_5: 0.4978  acc_2: 0.8380  F1_score: 0.8381  Corr: 0.7681  MAE: 0.8022  Loss: 0.7818 
2026-09-03 09:05:34,834 - MMSA [INFO] - TEST-(DLF) >>  acc_7: 0.4111  acc_5: 0.4913  acc_2: 0.8399  F1_score: 0.8392  Corr: 0.7542  MAE: 0.8114  Loss: 0.8111 
2026-09-03 09:05:49,264 - MMSA [INFO] - >> Epoch: 15 TRAIN -(DLF) [3/15/2] >> total_loss: 2.4873  acc_7: 0.5748  acc_5: 0.6207  acc_2: 0.9318  F1_score: 0.9319  Corr: 0.9171  MAE: 0.4591 
2026-09-03 09:05:50,105 - MMSA [INFO] - VAL-(DLF) >>  acc_7: 0.3843  acc_5: 0.5022  acc_2: 0.8426  F1_score: 0.8431  Corr: 0.7620  MAE: 0.8358  Loss: 0.8100 
2026-09-03 09:05:52,183 - MMSA [INFO] - TEST-(DLF) >>  acc_7: 0.4096  acc_5: 0.4913  acc_2: 0.8415  F1_score: 0.8397  Corr: 0.7545  MAE: 0.8167  Loss: 0.8165 
2026-09-03 09:06:06,661 - MMSA [INFO] - >> Epoch: 16 TRAIN -(DLF) [4/16/2] >> total_loss: 2.5043  acc_7: 0.5506  acc_5: 0.6059  acc_2: 0.9383  F1_score: 0.9383  Corr: 0.9107  MAE: 0.4882 
2026-09-03 09:06:07,487 - MMSA [INFO] - VAL-(DLF) >>  acc_7: 0.3930  acc_5: 0.5153  acc_2: 0.8380  F1_score: 0.8376  Corr: 0.7707  MAE: 0.8016  Loss: 0.7814 
2026-09-03 09:06:09,631 - MMSA [INFO] - TEST-(DLF) >>  acc_7: 0.4111  acc_5: 0.4956  acc_2: 0.8323  F1_score: 0.8323  Corr: 0.7636  MAE: 0.8133  Loss: 0.8132 
2026-09-03 09:06:23,974 - MMSA [INFO] - >> Epoch: 17 TRAIN -(DLF) [5/17/2] >> total_loss: 2.3654  acc_7: 0.6129  acc_5: 0.6612  acc_2: 0.9439  F1_score: 0.9440  Corr: 0.9253  MAE: 0.4309 
2026-09-03 09:06:24,787 - MMSA [INFO] - VAL-(DLF) >>  acc_7: 0.4017  acc_5: 0.5240  acc_2: 0.8426  F1_score: 0.8415  Corr: 0.7794  MAE: 0.7822  Loss: 0.7717 
2026-09-03 09:06:27,027 - MMSA [INFO] - TEST-(DLF) >>  acc_7: 0.4111  acc_5: 0.4898  acc_2: 0.8293  F1_score: 0.8301  Corr: 0.7697  MAE: 0.8373  Loss: 0.8373 
2026-09-03 09:06:41,888 - MMSA [INFO] - >> Epoch: 18 TRAIN -(DLF) [1/18/2] >> total_loss: 2.3025  acc_7: 0.6285  acc_5: 0.6752  acc_2: 0.9488  F1_score: 0.9488  Corr: 0.9325  MAE: 0.4104 
2026-09-03 09:06:42,691 - MMSA [INFO] - VAL-(DLF) >>  acc_7: 0.4061  acc_5: 0.5197  acc_2: 0.8472  F1_score: 0.8473  Corr: 0.7743  MAE: 0.7834  Loss: 0.7662 
2026-09-03 09:06:44,717 - MMSA [INFO] - TEST-(DLF) >>  acc_7: 0.4227  acc_5: 0.5015  acc_2: 0.8308  F1_score: 0.8305  Corr: 0.7736  MAE: 0.7866  Loss: 0.7863 
2026-09-03 09:06:59,698 - MMSA [INFO] - >> Epoch: 19 TRAIN -(DLF) [1/19/2] >> total_loss: 2.2569  acc_7: 0.6347  acc_5: 0.6939  acc_2: 0.9504  F1_score: 0.9504  Corr: 0.9353  MAE: 0.3987 
2026-09-03 09:07:00,554 - MMSA [INFO] - VAL-(DLF) >>  acc_7: 0.4323  acc_5: 0.5371  acc_2: 0.8426  F1_score: 0.8415  Corr: 0.7727  MAE: 0.7872  Loss: 0.7773 
2026-09-03 09:07:02,756 - MMSA [INFO] - TEST-(DLF) >>  acc_7: 0.3936  acc_5: 0.4621  acc_2: 0.8171  F1_score: 0.8179  Corr: 0.7582  MAE: 0.8646  Loss: 0.8645 
2026-09-03 09:07:17,255 - MMSA [INFO] - >> Epoch: 20 TRAIN -(DLF) [2/20/2] >> total_loss: 2.2828  acc_7: 0.5942  acc_5: 0.6565  acc_2: 0.9366  F1_score: 0.9367  Corr: 0.9311  MAE: 0.4194 
2026-09-03 09:07:18,081 - MMSA [INFO] - VAL-(DLF) >>  acc_7: 0.4323  acc_5: 0.5459  acc_2: 0.8565  F1_score: 0.8561  Corr: 0.7759  MAE: 0.7831  Loss: 0.7664 
2026-09-03 09:07:20,219 - MMSA [INFO] - TEST-(DLF) >>  acc_7: 0.4082  acc_5: 0.4869  acc_2: 0.8247  F1_score: 0.8250  Corr: 0.7649  MAE: 0.8216  Loss: 0.8213 
2026-09-03 09:07:35,168 - MMSA [INFO] - >> Epoch: 21 TRAIN -(DLF) [3/21/2] >> total_loss: 2.2062  acc_7: 0.6417  acc_5: 0.6986  acc_2: 0.9537  F1_score: 0.9537  Corr: 0.9384  MAE: 0.4035 
2026-09-03 09:07:35,999 - MMSA [INFO] - VAL-(DLF) >>  acc_7: 0.4236  acc_5: 0.5328  acc_2: 0.8611  F1_score: 0.8609  Corr: 0.7794  MAE: 0.7585  Loss: 0.7406 
2026-09-03 09:07:38,179 - MMSA [INFO] - TEST-(DLF) >>  acc_7: 0.4227  acc_5: 0.4971  acc_2: 0.8262  F1_score: 0.8261  Corr: 0.7662  MAE: 0.7760  Loss: 0.7754 
2026-09-03 09:07:53,826 - MMSA [INFO] - >> Epoch: 22 TRAIN -(DLF) [1/22/2] >> total_loss: 2.1961  acc_7: 0.6417  acc_5: 0.6947  acc_2: 0.9513  F1_score: 0.9513  Corr: 0.9380  MAE: 0.3936 
2026-09-03 09:07:54,683 - MMSA [INFO] - VAL-(DLF) >>  acc_7: 0.4236  acc_5: 0.5371  acc_2: 0.8519  F1_score: 0.8519  Corr: 0.7792  MAE: 0.7774  Loss: 0.7575 
2026-09-03 09:07:56,866 - MMSA [INFO] - TEST-(DLF) >>  acc_7: 0.4329  acc_5: 0.5175  acc_2: 0.8277  F1_score: 0.8272  Corr: 0.7670  MAE: 0.7904  Loss: 0.7897 
2026-09-03 09:08:11,958 - MMSA [INFO] - >> Epoch: 23 TRAIN -(DLF) [2/23/2] >> total_loss: 2.1584  acc_7: 0.6410  acc_5: 0.6916  acc_2: 0.9586  F1_score: 0.9586  Corr: 0.9407  MAE: 0.3817 
2026-09-03 09:08:12,832 - MMSA [INFO] - VAL-(DLF) >>  acc_7: 0.4105  acc_5: 0.5153  acc_2: 0.8519  F1_score: 0.8519  Corr: 0.7842  MAE: 0.7482  Loss: 0.7380 
2026-09-03 09:08:15,031 - MMSA [INFO] - TEST-(DLF) >>  acc_7: 0.4111  acc_5: 0.4854  acc_2: 0.8293  F1_score: 0.8296  Corr: 0.7713  MAE: 0.7847  Loss: 0.7842 
2026-09-03 09:08:30,207 - MMSA [INFO] - >> Epoch: 24 TRAIN -(DLF) [1/24/2] >> total_loss: 2.138  acc_7: 0.6628  acc_5: 0.7196  acc_2: 0.9472  F1_score: 0.9472  Corr: 0.9437  MAE: 0.3695 
2026-09-03 09:08:31,040 - MMSA [INFO] - VAL-(DLF) >>  acc_7: 0.4323  acc_5: 0.5371  acc_2: 0.8611  F1_score: 0.8611  Corr: 0.7828  MAE: 0.7628  Loss: 0.7477 
2026-09-03 09:08:33,182 - MMSA [INFO] - TEST-(DLF) >>  acc_7: 0.4213  acc_5: 0.4985  acc_2: 0.8399  F1_score: 0.8398  Corr: 0.7726  MAE: 0.7831  Loss: 0.7826 
2026-09-03 09:08:47,619 - MMSA [INFO] - >> Epoch: 25 TRAIN -(DLF) [2/25/2] >> total_loss: 2.1337  acc_7: 0.6550  acc_5: 0.7040  acc_2: 0.9553  F1_score: 0.9554  Corr: 0.9420  MAE: 0.3821 
2026-09-03 09:08:48,422 - MMSA [INFO] - VAL-(DLF) >>  acc_7: 0.4323  acc_5: 0.5459  acc_2: 0.8472  F1_score: 0.8466  Corr: 0.7810  MAE: 0.7695  Loss: 0.7597 
2026-09-03 09:08:50,523 - MMSA [INFO] - TEST-(DLF) >>  acc_7: 0.4271  acc_5: 0.4985  acc_2: 0.8186  F1_score: 0.8194  Corr: 0.7670  MAE: 0.8127  Loss: 0.8125 
2026-09-03 09:09:05,876 - MMSA [INFO] - >> Epoch: 26 TRAIN -(DLF) [3/26/2] >> total_loss: 2.0557  acc_7: 0.6745  acc_5: 0.7391  acc_2: 0.9480  F1_score: 0.9481  Corr: 0.9492  MAE: 0.3475 
2026-09-03 09:09:06,781 - MMSA [INFO] - VAL-(DLF) >>  acc_7: 0.4323  acc_5: 0.5197  acc_2: 0.8519  F1_score: 0.8516  Corr: 0.7822  MAE: 0.7756  Loss: 0.7619 
2026-09-03 09:09:08,942 - MMSA [INFO] - TEST-(DLF) >>  acc_7: 0.4242  acc_5: 0.5029  acc_2: 0.8277  F1_score: 0.8283  Corr: 0.7679  MAE: 0.8124  Loss: 0.8121 
2026-09-03 09:09:23,563 - MMSA [INFO] - >> Epoch: 27 TRAIN -(DLF) [4/27/2] >> total_loss: 2.0575  acc_7: 0.6846  acc_5: 0.7547  acc_2: 0.9545  F1_score: 0.9545  Corr: 0.9504  MAE: 0.3528 
2026-09-03 09:09:24,375 - MMSA [INFO] - VAL-(DLF) >>  acc_7: 0.4148  acc_5: 0.5109  acc_2: 0.8519  F1_score: 0.8501  Corr: 0.7838  MAE: 0.7914  Loss: 0.7894 
2026-09-03 09:09:26,435 - MMSA [INFO] - TEST-(DLF) >>  acc_7: 0.3776  acc_5: 0.4475  acc_2: 0.8079  F1_score: 0.8091  Corr: 0.7633  MAE: 0.8841  Loss: 0.8840 
2026-09-03 09:09:41,991 - MMSA [INFO] - >> Epoch: 28 TRAIN -(DLF) [5/28/2] >> total_loss: 2.0975  acc_7: 0.6417  acc_5: 0.7072  acc_2: 0.9407  F1_score: 0.9407  Corr: 0.9437  MAE: 0.3932 
2026-09-03 09:09:43,027 - MMSA [INFO] - VAL-(DLF) >>  acc_7: 0.4148  acc_5: 0.5109  acc_2: 0.8611  F1_score: 0.8609  Corr: 0.7809  MAE: 0.7723  Loss: 0.7647 
2026-09-03 09:09:45,780 - MMSA [INFO] - TEST-(DLF) >>  acc_7: 0.4198  acc_5: 0.4985  acc_2: 0.8293  F1_score: 0.8297  Corr: 0.7747  MAE: 0.7995  Loss: 0.7991 
2026-09-03 09:10:03,681 - MMSA [INFO] - >> Epoch: 29 TRAIN -(DLF) [6/29/2] >> total_loss: 2.0488  acc_7: 0.6456  acc_5: 0.7087  acc_2: 0.9504  F1_score: 0.9504  Corr: 0.9491  MAE: 0.3689 
2026-09-03 09:10:04,483 - MMSA [INFO] - VAL-(DLF) >>  acc_7: 0.4192  acc_5: 0.5240  acc_2: 0.8565  F1_score: 0.8564  Corr: 0.7794  MAE: 0.7784  Loss: 0.7653 
2026-09-03 09:10:06,638 - MMSA [INFO] - TEST-(DLF) >>  acc_7: 0.4300  acc_5: 0.5175  acc_2: 0.8384  F1_score: 0.8383  Corr: 0.7785  MAE: 0.7707  Loss: 0.7701 
2026-09-03 09:10:21,270 - MMSA [INFO] - >> Epoch: 30 TRAIN -(DLF) [7/30/2] >> total_loss: 1.9919  acc_7: 0.6729  acc_5: 0.7290  acc_2: 0.9553  F1_score: 0.9553  Corr: 0.9538  MAE: 0.3433 
2026-09-03 09:10:22,128 - MMSA [INFO] - VAL-(DLF) >>  acc_7: 0.4105  acc_5: 0.5240  acc_2: 0.8611  F1_score: 0.8609  Corr: 0.7808  MAE: 0.7589  Loss: 0.7468 
2026-09-03 09:10:24,399 - MMSA [INFO] - TEST-(DLF) >>  acc_7: 0.4329  acc_5: 0.5073  acc_2: 0.8369  F1_score: 0.8369  Corr: 0.7779  MAE: 0.7634  Loss: 0.7627 
2026-09-03 09:10:39,002 - MMSA [INFO] - >> Epoch: 31 TRAIN -(DLF) [8/31/2] >> total_loss: 1.9825  acc_7: 0.6768  acc_5: 0.7329  acc_2: 0.9569  F1_score: 0.9570  Corr: 0.9560  MAE: 0.3350 
2026-09-03 09:10:39,799 - MMSA [INFO] - VAL-(DLF) >>  acc_7: 0.4236  acc_5: 0.5240  acc_2: 0.8611  F1_score: 0.8609  Corr: 0.7822  MAE: 0.7613  Loss: 0.7470 
2026-09-03 09:10:41,896 - MMSA [INFO] - TEST-(DLF) >>  acc_7: 0.4359  acc_5: 0.5160  acc_2: 0.8338  F1_score: 0.8340  Corr: 0.7752  MAE: 0.7791  Loss: 0.7785 
2026-09-03 09:10:56,360 - MMSA [INFO] - >> Epoch: 32 TRAIN -(DLF) [9/32/2] >> total_loss: 1.9514  acc_7: 0.7040  acc_5: 0.7687  acc_2: 0.9561  F1_score: 0.9562  Corr: 0.9608  MAE: 0.3148 
2026-09-03 09:10:57,164 - MMSA [INFO] - VAL-(DLF) >>  acc_7: 0.4279  acc_5: 0.5240  acc_2: 0.8611  F1_score: 0.8609  Corr: 0.7826  MAE: 0.7610  Loss: 0.7490 
2026-09-03 09:10:59,316 - MMSA [INFO] - TEST-(DLF) >>  acc_7: 0.4169  acc_5: 0.4985  acc_2: 0.8338  F1_score: 0.8340  Corr: 0.7734  MAE: 0.7862  Loss: 0.7855 
2026-09-03 09:11:13,804 - MMSA [INFO] - >> Epoch: 33 TRAIN -(DLF) [10/33/2] >> total_loss: 1.9432  acc_7: 0.6931  acc_5: 0.7625  acc_2: 0.9659  F1_score: 0.9659  Corr: 0.9602  MAE: 0.3228 
2026-09-03 09:11:14,636 - MMSA [INFO] - VAL-(DLF) >>  acc_7: 0.4017  acc_5: 0.5153  acc_2: 0.8565  F1_score: 0.8564  Corr: 0.7817  MAE: 0.7553  Loss: 0.7409 
2026-09-03 09:11:16,804 - MMSA [INFO] - TEST-(DLF) >>  acc_7: 0.4271  acc_5: 0.5000  acc_2: 0.8384  F1_score: 0.8383  Corr: 0.7737  MAE: 0.7701  Loss: 0.7694 
2026-09-03 09:11:31,430 - MMSA [INFO] - >> Epoch: 34 TRAIN -(DLF) [11/34/2] >> total_loss: 1.9309  acc_7: 0.6955  acc_5: 0.7523  acc_2: 0.9651  F1_score: 0.9651  Corr: 0.9602  MAE: 0.3162 
2026-09-03 09:11:32,243 - MMSA [INFO] - VAL-(DLF) >>  acc_7: 0.4017  acc_5: 0.5153  acc_2: 0.8611  F1_score: 0.8607  Corr: 0.7817  MAE: 0.7545  Loss: 0.7433 
2026-09-03 09:11:34,359 - MMSA [INFO] - TEST-(DLF) >>  acc_7: 0.4315  acc_5: 0.5044  acc_2: 0.8354  F1_score: 0.8355  Corr: 0.7742  MAE: 0.7782  Loss: 0.7776 
2026-09-03 09:11:49,143 - MMSA [INFO] - >> Epoch: 35 TRAIN -(DLF) [12/35/2] >> total_loss: 1.9163  acc_7: 0.7033  acc_5: 0.7601  acc_2: 0.9561  F1_score: 0.9561  Corr: 0.9615  MAE: 0.3126 
2026-09-03 09:11:49,974 - MMSA [INFO] - VAL-(DLF) >>  acc_7: 0.4061  acc_5: 0.5109  acc_2: 0.8565  F1_score: 0.8561  Corr: 0.7809  MAE: 0.7642  Loss: 0.7539 
2026-09-03 09:11:52,134 - MMSA [INFO] - TEST-(DLF) >>  acc_7: 0.4242  acc_5: 0.5044  acc_2: 0.8323  F1_score: 0.8327  Corr: 0.7758  MAE: 0.7906  Loss: 0.7901 
2026-09-03 09:12:06,646 - MMSA [INFO] - >> Epoch: 36 TRAIN -(DLF) [13/36/2] >> total_loss: 1.9178  acc_7: 0.7056  acc_5: 0.7687  acc_2: 0.9626  F1_score: 0.9625  Corr: 0.9631  MAE: 0.3120 
2026-09-03 09:12:07,517 - MMSA [INFO] - VAL-(DLF) >>  acc_7: 0.4017  acc_5: 0.5109  acc_2: 0.8519  F1_score: 0.8519  Corr: 0.7802  MAE: 0.7542  Loss: 0.7420 
2026-09-03 09:12:09,598 - MMSA [INFO] - TEST-(DLF) >>  acc_7: 0.4300  acc_5: 0.5044  acc_2: 0.8415  F1_score: 0.8413  Corr: 0.7780  MAE: 0.7611  Loss: 0.7604 
2026-09-03 09:12:24,216 - MMSA [INFO] - >> Epoch: 37 TRAIN -(DLF) [14/37/2] >> total_loss: 1.8862  acc_7: 0.7002  acc_5: 0.7625  acc_2: 0.9659  F1_score: 0.9659  Corr: 0.9650  MAE: 0.2993 
2026-09-03 09:12:25,071 - MMSA [INFO] - VAL-(DLF) >>  acc_7: 0.3974  acc_5: 0.5066  acc_2: 0.8565  F1_score: 0.8561  Corr: 0.7801  MAE: 0.7619  Loss: 0.7500 
2026-09-03 09:12:27,283 - MMSA [INFO] - TEST-(DLF) >>  acc_7: 0.4300  acc_5: 0.5058  acc_2: 0.8369  F1_score: 0.8369  Corr: 0.7771  MAE: 0.7756  Loss: 0.7750 
2026-09-03 09:12:41,962 - MMSA [INFO] - >> Epoch: 38 TRAIN -(DLF) [15/38/2] >> total_loss: 1.8946  acc_7: 0.7103  acc_5: 0.7702  acc_2: 0.9610  F1_score: 0.9610  Corr: 0.9615  MAE: 0.3066 
2026-09-03 09:12:42,760 - MMSA [INFO] - VAL-(DLF) >>  acc_7: 0.3886  acc_5: 0.4978  acc_2: 0.8519  F1_score: 0.8519  Corr: 0.7794  MAE: 0.7644  Loss: 0.7503 
2026-09-03 09:12:44,999 - MMSA [INFO] - TEST-(DLF) >>  acc_7: 0.4373  acc_5: 0.5146  acc_2: 0.8384  F1_score: 0.8382  Corr: 0.7782  MAE: 0.7673  Loss: 0.7667 
2026-09-03 09:13:08,434 - MMSA [INFO] - >> Epoch: 39 TRAIN -(DLF) [16/39/2] >> total_loss: 1.8718  acc_7: 0.7126  acc_5: 0.7702  acc_2: 0.9643  F1_score: 0.9643  Corr: 0.9651  MAE: 0.2945 
2026-09-03 09:13:09,887 - MMSA [INFO] - VAL-(DLF) >>  acc_7: 0.3974  acc_5: 0.5066  acc_2: 0.8611  F1_score: 0.8607  Corr: 0.7801  MAE: 0.7589  Loss: 0.7476 
2026-09-03 09:13:12,090 - MMSA [INFO] - TEST-(DLF) >>  acc_7: 0.4329  acc_5: 0.5102  acc_2: 0.8308  F1_score: 0.8309  Corr: 0.7769  MAE: 0.7732  Loss: 0.7726 
2026-09-03 09:13:26,616 - MMSA [INFO] - >> Epoch: 40 TRAIN -(DLF) [17/40/2] >> total_loss: 1.8699  acc_7: 0.7484  acc_5: 0.7975  acc_2: 0.9699  F1_score: 0.9699  Corr: 0.9642  MAE: 0.2942 
2026-09-03 09:13:27,442 - MMSA [INFO] - VAL-(DLF) >>  acc_7: 0.3930  acc_5: 0.5022  acc_2: 0.8565  F1_score: 0.8561  Corr: 0.7804  MAE: 0.7556  Loss: 0.7441 
2026-09-03 09:13:29,571 - MMSA [INFO] - TEST-(DLF) >>  acc_7: 0.4359  acc_5: 0.5117  acc_2: 0.8323  F1_score: 0.8324  Corr: 0.7771  MAE: 0.7670  Loss: 0.7663 
2026-09-03 09:13:44,484 - MMSA [INFO] - >> Epoch: 41 TRAIN -(DLF) [18/41/2] >> total_loss: 1.8554  acc_7: 0.7056  acc_5: 0.7687  acc_2: 0.9708  F1_score: 0.9707  Corr: 0.9646  MAE: 0.2971 
2026-09-03 09:13:45,288 - MMSA [INFO] - VAL-(DLF) >>  acc_7: 0.3930  acc_5: 0.4934  acc_2: 0.8565  F1_score: 0.8561  Corr: 0.7799  MAE: 0.7562  Loss: 0.7456 
2026-09-03 09:13:47,346 - MMSA [INFO] - TEST-(DLF) >>  acc_7: 0.4286  acc_5: 0.5087  acc_2: 0.8354  F1_score: 0.8354  Corr: 0.7781  MAE: 0.7644  Loss: 0.7637 
2026-09-03 09:14:02,057 - MMSA [INFO] - >> Epoch: 42 TRAIN -(DLF) [19/42/2] >> total_loss: 1.8708  acc_7: 0.7118  acc_5: 0.7710  acc_2: 0.9618  F1_score: 0.9618  Corr: 0.9649  MAE: 0.2922 
2026-09-03 09:14:02,864 - MMSA [INFO] - VAL-(DLF) >>  acc_7: 0.3974  acc_5: 0.5109  acc_2: 0.8519  F1_score: 0.8516  Corr: 0.7800  MAE: 0.7526  Loss: 0.7419 
2026-09-03 09:14:04,936 - MMSA [INFO] - TEST-(DLF) >>  acc_7: 0.4388  acc_5: 0.5175  acc_2: 0.8399  F1_score: 0.8397  Corr: 0.7786  MAE: 0.7575  Loss: 0.7567 
2026-09-03 09:14:19,468 - MMSA [INFO] - >> Epoch: 43 TRAIN -(DLF) [20/43/2] >> total_loss: 1.841  acc_7: 0.7360  acc_5: 0.7944  acc_2: 0.9683  F1_score: 0.9683  Corr: 0.9675  MAE: 0.2828 
2026-09-03 09:14:20,278 - MMSA [INFO] - VAL-(DLF) >>  acc_7: 0.4061  acc_5: 0.5066  acc_2: 0.8519  F1_score: 0.8516  Corr: 0.7792  MAE: 0.7654  Loss: 0.7542 
2026-09-03 09:14:22,458 - MMSA [INFO] - TEST-(DLF) >>  acc_7: 0.4213  acc_5: 0.5044  acc_2: 0.8338  F1_score: 0.8340  Corr: 0.7775  MAE: 0.7763  Loss: 0.7757 
2026-09-03 09:14:25,007 - MMSA [INFO] - TEST-(DLF) >>  acc_7: 0.4111  acc_5: 0.4854  acc_2: 0.8293  F1_score: 0.8296  Corr: 0.7713  MAE: 0.7847  Loss: 0.7842 
2026-09-03 09:14:26,318 - MMSA [INFO] - train samples: (1284,)
2026-09-03 09:14:26,460 - MMSA [INFO] - valid samples: (229,)
2026-09-03 09:14:26,608 - MMSA [INFO] - test samples: (686,)
2026-09-03 09:14:28,194 - MMSA [INFO] - Optimizer: AdamW, bert_lr=2e-05, other_lr=0.0001, weight_decay=0.005
2026-09-03 09:14:42,308 - MMSA [INFO] - >> Epoch: 1 TRAIN -(DLF) [1/1/3] >> total_loss: 4.9851  acc_7: 0.1939  acc_5: 0.1939  acc_2: 0.5548  F1_score: 0.4782  Corr: 0.1469  MAE: 1.3042 
2026-09-03 09:14:43,104 - MMSA [INFO] - VAL-(DLF) >>  acc_7: 0.2445  acc_5: 0.2445  acc_2: 0.6065  F1_score: 0.5266  Corr: 0.4366  MAE: 1.3314  Loss: 1.3602 
2026-09-03 09:14:45,175 - MMSA [INFO] - TEST-(DLF) >>  acc_7: 0.1793  acc_5: 0.1793  acc_2: 0.5229  F1_score: 0.4524  Corr: 0.4770  MAE: 1.3874  Loss: 1.3863 
2026-09-03 09:15:00,179 - MMSA [INFO] - >> Epoch: 2 TRAIN -(DLF) [1/2/3] >> total_loss: 4.656  acc_7: 0.2048  acc_5: 0.2048  acc_2: 0.7067  F1_score: 0.6976  Corr: 0.5142  MAE: 1.2073 
2026-09-03 09:15:00,962 - MMSA [INFO] - VAL-(DLF) >>  acc_7: 0.2795  acc_5: 0.2795  acc_2: 0.7361  F1_score: 0.7264  Corr: 0.5542  MAE: 1.1976  Loss: 1.2193 
2026-09-03 09:15:03,152 - MMSA [INFO] - TEST-(DLF) >>  acc_7: 0.2303  acc_5: 0.2303  acc_2: 0.7058  F1_score: 0.7053  Corr: 0.5645  MAE: 1.2049  Loss: 1.2034 
2026-09-03 09:15:18,030 - MMSA [INFO] - >> Epoch: 3 TRAIN -(DLF) [1/3/3] >> total_loss: 4.2537  acc_7: 0.2625  acc_5: 0.2625  acc_2: 0.7864  F1_score: 0.7844  Corr: 0.6647  MAE: 1.0320 
2026-09-03 09:15:18,866 - MMSA [INFO] - VAL-(DLF) >>  acc_7: 0.2751  acc_5: 0.2751  acc_2: 0.8287  F1_score: 0.8296  Corr: 0.6813  MAE: 1.0125  Loss: 1.0136 
2026-09-03 09:15:21,085 - MMSA [INFO] - TEST-(DLF) >>  acc_7: 0.2974  acc_5: 0.2974  acc_2: 0.8293  F1_score: 0.8271  Corr: 0.6836  MAE: 0.9478  Loss: 0.9464 
2026-09-03 09:15:36,551 - MMSA [INFO] - >> Epoch: 4 TRAIN -(DLF) [1/4/3] >> total_loss: 3.809  acc_7: 0.3201  acc_5: 0.3209  acc_2: 0.8505  F1_score: 0.8509  Corr: 0.7512  MAE: 0.8243 
2026-09-03 09:15:37,429 - MMSA [INFO] - VAL-(DLF) >>  acc_7: 0.3493  acc_5: 0.4323  acc_2: 0.8472  F1_score: 0.8469  Corr: 0.7029  MAE: 0.9164  Loss: 0.9052 
2026-09-03 09:15:39,497 - MMSA [INFO] - TEST-(DLF) >>  acc_7: 0.3192  acc_5: 0.3455  acc_2: 0.8018  F1_score: 0.8030  Corr: 0.6909  MAE: 0.9543  Loss: 0.9537 
2026-09-03 09:15:54,460 - MMSA [INFO] - >> Epoch: 5 TRAIN -(DLF) [1/5/3] >> total_loss: 3.5123  acc_7: 0.3785  acc_5: 0.3956  acc_2: 0.8871  F1_score: 0.8873  Corr: 0.8010  MAE: 0.7088 
2026-09-03 09:15:55,286 - MMSA [INFO] - VAL-(DLF) >>  acc_7: 0.3144  acc_5: 0.4061  acc_2: 0.8287  F1_score: 0.8296  Corr: 0.7202  MAE: 0.9134  Loss: 0.8904 
2026-09-03 09:15:57,501 - MMSA [INFO] - TEST-(DLF) >>  acc_7: 0.3732  acc_5: 0.4213  acc_2: 0.8293  F1_score: 0.8279  Corr: 0.7280  MAE: 0.8564  Loss: 0.8555 
2026-09-03 09:16:12,686 - MMSA [INFO] - >> Epoch: 6 TRAIN -(DLF) [1/6/3] >> total_loss: 3.2803  acc_7: 0.4424  acc_5: 0.4650  acc_2: 0.9041  F1_score: 0.9043  Corr: 0.8439  MAE: 0.6299 
2026-09-03 09:16:13,511 - MMSA [INFO] - VAL-(DLF) >>  acc_7: 0.3493  acc_5: 0.4410  acc_2: 0.8565  F1_score: 0.8569  Corr: 0.7466  MAE: 0.8448  Loss: 0.8341 
2026-09-03 09:16:15,613 - MMSA [INFO] - TEST-(DLF) >>  acc_7: 0.3732  acc_5: 0.4125  acc_2: 0.8171  F1_score: 0.8173  Corr: 0.7490  MAE: 0.8562  Loss: 0.8558 
2026-09-03 09:16:30,888 - MMSA [INFO] - >> Epoch: 7 TRAIN -(DLF) [1/7/3] >> total_loss: 3.1286  acc_7: 0.4813  acc_5: 0.5093  acc_2: 0.9188  F1_score: 0.9189  Corr: 0.8700  MAE: 0.5866 
2026-09-03 09:16:31,724 - MMSA [INFO] - VAL-(DLF) >>  acc_7: 0.3799  acc_5: 0.4716  acc_2: 0.8472  F1_score: 0.8473  Corr: 0.7547  MAE: 0.8422  Loss: 0.8384 
2026-09-03 09:16:33,912 - MMSA [INFO] - TEST-(DLF) >>  acc_7: 0.3790  acc_5: 0.4300  acc_2: 0.8155  F1_score: 0.8162  Corr: 0.7568  MAE: 0.8901  Loss: 0.8901 
2026-09-03 09:16:48,524 - MMSA [INFO] - >> Epoch: 8 TRAIN -(DLF) [2/8/3] >> total_loss: 2.9959  acc_7: 0.5156  acc_5: 0.5576  acc_2: 0.9204  F1_score: 0.9205  Corr: 0.8864  MAE: 0.5415 
2026-09-03 09:16:49,390 - MMSA [INFO] - VAL-(DLF) >>  acc_7: 0.3712  acc_5: 0.4803  acc_2: 0.8241  F1_score: 0.8249  Corr: 0.7355  MAE: 0.8907  Loss: 0.8751 
2026-09-03 09:16:51,623 - MMSA [INFO] - TEST-(DLF) >>  acc_7: 0.4096  acc_5: 0.4796  acc_2: 0.8415  F1_score: 0.8402  Corr: 0.7609  MAE: 0.8348  Loss: 0.8351 
2026-09-03 09:17:06,400 - MMSA [INFO] - >> Epoch: 9 TRAIN -(DLF) [3/9/3] >> total_loss: 2.8704  acc_7: 0.5257  acc_5: 0.5693  acc_2: 0.9285  F1_score: 0.9287  Corr: 0.8973  MAE: 0.5181 
2026-09-03 09:17:07,244 - MMSA [INFO] - VAL-(DLF) >>  acc_7: 0.4236  acc_5: 0.5328  acc_2: 0.8426  F1_score: 0.8428  Corr: 0.7538  MAE: 0.8430  Loss: 0.8288 
2026-09-03 09:17:09,482 - MMSA [INFO] - TEST-(DLF) >>  acc_7: 0.4038  acc_5: 0.4738  acc_2: 0.8262  F1_score: 0.8269  Corr: 0.7619  MAE: 0.8805  Loss: 0.8809 
2026-09-03 09:17:25,122 - MMSA [INFO] - >> Epoch: 10 TRAIN -(DLF) [1/10/3] >> total_loss: 2.7669  acc_7: 0.5646  acc_5: 0.6114  acc_2: 0.9277  F1_score: 0.9279  Corr: 0.9067  MAE: 0.4883 
2026-09-03 09:17:25,982 - MMSA [INFO] - VAL-(DLF) >>  acc_7: 0.4105  acc_5: 0.5153  acc_2: 0.8611  F1_score: 0.8609  Corr: 0.7607  MAE: 0.8338  Loss: 0.8211 
2026-09-03 09:17:30,280 - MMSA [INFO] - TEST-(DLF) >>  acc_7: 0.3980  acc_5: 0.4650  acc_2: 0.8110  F1_score: 0.8120  Corr: 0.7617  MAE: 0.8892  Loss: 0.8896 
2026-09-03 09:17:48,306 - MMSA [INFO] - >> Epoch: 11 TRAIN -(DLF) [1/11/3] >> total_loss: 2.7171  acc_7: 0.5607  acc_5: 0.6067  acc_2: 0.9423  F1_score: 0.9424  Corr: 0.9066  MAE: 0.4836 
2026-09-03 09:17:49,157 - MMSA [INFO] - VAL-(DLF) >>  acc_7: 0.3712  acc_5: 0.4847  acc_2: 0.8519  F1_score: 0.8524  Corr: 0.7579  MAE: 0.8429  Loss: 0.8209 
2026-09-03 09:17:51,258 - MMSA [INFO] - TEST-(DLF) >>  acc_7: 0.4286  acc_5: 0.5058  acc_2: 0.8262  F1_score: 0.8261  Corr: 0.7630  MAE: 0.8275  Loss: 0.8273 
2026-09-03 09:18:06,608 - MMSA [INFO] - >> Epoch: 12 TRAIN -(DLF) [1/12/3] >> total_loss: 2.6027  acc_7: 0.5950  acc_5: 0.6433  acc_2: 0.9472  F1_score: 0.9473  Corr: 0.9178  MAE: 0.4523 
2026-09-03 09:18:07,529 - MMSA [INFO] - VAL-(DLF) >>  acc_7: 0.3843  acc_5: 0.4978  acc_2: 0.8287  F1_score: 0.8296  Corr: 0.7494  MAE: 0.8536  Loss: 0.8339 
2026-09-03 09:18:09,717 - MMSA [INFO] - TEST-(DLF) >>  acc_7: 0.4125  acc_5: 0.4869  acc_2: 0.8354  F1_score: 0.8337  Corr: 0.7633  MAE: 0.8039  Loss: 0.8036 
2026-09-03 09:18:24,732 - MMSA [INFO] - >> Epoch: 13 TRAIN -(DLF) [2/13/3] >> total_loss: 2.553  acc_7: 0.5880  acc_5: 0.6324  acc_2: 0.9358  F1_score: 0.9360  Corr: 0.9187  MAE: 0.4550 
2026-09-03 09:18:25,611 - MMSA [INFO] - VAL-(DLF) >>  acc_7: 0.3843  acc_5: 0.4978  acc_2: 0.8380  F1_score: 0.8388  Corr: 0.7540  MAE: 0.8358  Loss: 0.8228 
2026-09-03 09:18:27,831 - MMSA [INFO] - TEST-(DLF) >>  acc_7: 0.4111  acc_5: 0.4810  acc_2: 0.8338  F1_score: 0.8329  Corr: 0.7634  MAE: 0.8188  Loss: 0.8187 
2026-09-03 09:18:42,353 - MMSA [INFO] - >> Epoch: 14 TRAIN -(DLF) [3/14/3] >> total_loss: 2.5055  acc_7: 0.5826  acc_5: 0.6347  acc_2: 0.9374  F1_score: 0.9376  Corr: 0.9210  MAE: 0.4450 
2026-09-03 09:18:43,190 - MMSA [INFO] - VAL-(DLF) >>  acc_7: 0.3886  acc_5: 0.5066  acc_2: 0.8241  F1_score: 0.8249  Corr: 0.7444  MAE: 0.8495  Loss: 0.8329 
2026-09-03 09:18:45,335 - MMSA [INFO] - TEST-(DLF) >>  acc_7: 0.4242  acc_5: 0.4985  acc_2: 0.8262  F1_score: 0.8254  Corr: 0.7513  MAE: 0.8360  Loss: 0.8359 
2026-09-03 09:19:00,163 - MMSA [INFO] - >> Epoch: 15 TRAIN -(DLF) [4/15/3] >> total_loss: 2.484  acc_7: 0.5849  acc_5: 0.6355  acc_2: 0.9399  F1_score: 0.9400  Corr: 0.9184  MAE: 0.4592 
2026-09-03 09:19:01,031 - MMSA [INFO] - VAL-(DLF) >>  acc_7: 0.3974  acc_5: 0.5153  acc_2: 0.8333  F1_score: 0.8337  Corr: 0.7596  MAE: 0.8218  Loss: 0.8073 
2026-09-03 09:19:03,195 - MMSA [INFO] - TEST-(DLF) >>  acc_7: 0.4009  acc_5: 0.4694  acc_2: 0.8049  F1_score: 0.8057  Corr: 0.7523  MAE: 0.8687  Loss: 0.8687 
2026-09-03 09:19:18,357 - MMSA [INFO] - >> Epoch: 16 TRAIN -(DLF) [1/16/3] >> total_loss: 2.3859  acc_7: 0.6036  acc_5: 0.6526  acc_2: 0.9383  F1_score: 0.9383  Corr: 0.9256  MAE: 0.4317 
2026-09-03 09:19:19,179 - MMSA [INFO] - VAL-(DLF) >>  acc_7: 0.4236  acc_5: 0.5415  acc_2: 0.8287  F1_score: 0.8292  Corr: 0.7580  MAE: 0.8252  Loss: 0.8083 
2026-09-03 09:19:21,380 - MMSA [INFO] - TEST-(DLF) >>  acc_7: 0.4257  acc_5: 0.4985  acc_2: 0.8247  F1_score: 0.8247  Corr: 0.7570  MAE: 0.8386  Loss: 0.8386 
2026-09-03 09:19:35,820 - MMSA [INFO] - >> Epoch: 17 TRAIN -(DLF) [2/17/3] >> total_loss: 2.3281  acc_7: 0.6495  acc_5: 0.6970  acc_2: 0.9472  F1_score: 0.9472  Corr: 0.9325  MAE: 0.4064 
2026-09-03 09:19:36,630 - MMSA [INFO] - VAL-(DLF) >>  acc_7: 0.4061  acc_5: 0.5197  acc_2: 0.8333  F1_score: 0.8339  Corr: 0.7616  MAE: 0.8103  Loss: 0.7909 
2026-09-03 09:19:39,012 - MMSA [INFO] - TEST-(DLF) >>  acc_7: 0.4373  acc_5: 0.5117  acc_2: 0.8247  F1_score: 0.8241  Corr: 0.7627  MAE: 0.7993  Loss: 0.7991 
2026-09-03 09:19:54,314 - MMSA [INFO] - >> Epoch: 18 TRAIN -(DLF) [1/18/3] >> total_loss: 2.2756  acc_7: 0.6612  acc_5: 0.7079  acc_2: 0.9521  F1_score: 0.9521  Corr: 0.9375  MAE: 0.3876 
2026-09-03 09:19:55,212 - MMSA [INFO] - VAL-(DLF) >>  acc_7: 0.4061  acc_5: 0.5197  acc_2: 0.8472  F1_score: 0.8479  Corr: 0.7679  MAE: 0.8008  Loss: 0.7826 
2026-09-03 09:19:57,340 - MMSA [INFO] - TEST-(DLF) >>  acc_7: 0.4198  acc_5: 0.4942  acc_2: 0.8323  F1_score: 0.8308  Corr: 0.7691  MAE: 0.7761  Loss: 0.7754 
2026-09-03 09:20:12,604 - MMSA [INFO] - >> Epoch: 19 TRAIN -(DLF) [1/19/3] >> total_loss: 2.2372  acc_7: 0.6301  acc_5: 0.6815  acc_2: 0.9504  F1_score: 0.9505  Corr: 0.9413  MAE: 0.3832 
2026-09-03 09:20:13,446 - MMSA [INFO] - VAL-(DLF) >>  acc_7: 0.4105  acc_5: 0.5328  acc_2: 0.8426  F1_score: 0.8432  Corr: 0.7627  MAE: 0.8187  Loss: 0.7992 
2026-09-03 09:20:15,547 - MMSA [INFO] - TEST-(DLF) >>  acc_7: 0.4227  acc_5: 0.5102  acc_2: 0.8247  F1_score: 0.8236  Corr: 0.7726  MAE: 0.7946  Loss: 0.7941 
2026-09-03 09:20:29,854 - MMSA [INFO] - >> Epoch: 20 TRAIN -(DLF) [2/20/3] >> total_loss: 2.1865  acc_7: 0.6690  acc_5: 0.7251  acc_2: 0.9521  F1_score: 0.9521  Corr: 0.9445  MAE: 0.3659 
2026-09-03 09:20:30,692 - MMSA [INFO] - VAL-(DLF) >>  acc_7: 0.4061  acc_5: 0.5240  acc_2: 0.8426  F1_score: 0.8432  Corr: 0.7689  MAE: 0.7971  Loss: 0.7768 
2026-09-03 09:20:32,818 - MMSA [INFO] - TEST-(DLF) >>  acc_7: 0.4257  acc_5: 0.5000  acc_2: 0.8354  F1_score: 0.8342  Corr: 0.7754  MAE: 0.7769  Loss: 0.7763 
2026-09-03 09:20:47,909 - MMSA [INFO] - >> Epoch: 21 TRAIN -(DLF) [1/21/3] >> total_loss: 2.1686  acc_7: 0.6682  acc_5: 0.7220  acc_2: 0.9553  F1_score: 0.9554  Corr: 0.9456  MAE: 0.3685 
2026-09-03 09:20:48,752 - MMSA [INFO] - VAL-(DLF) >>  acc_7: 0.4061  acc_5: 0.5284  acc_2: 0.8472  F1_score: 0.8466  Corr: 0.7724  MAE: 0.8100  Loss: 0.7955 
2026-09-03 09:20:50,885 - MMSA [INFO] - TEST-(DLF) >>  acc_7: 0.4009  acc_5: 0.4781  acc_2: 0.8140  F1_score: 0.8151  Corr: 0.7629  MAE: 0.8626  Loss: 0.8626 
2026-09-03 09:21:05,594 - MMSA [INFO] - >> Epoch: 22 TRAIN -(DLF) [2/22/3] >> total_loss: 2.1804  acc_7: 0.6472  acc_5: 0.7025  acc_2: 0.9456  F1_score: 0.9456  Corr: 0.9424  MAE: 0.3886 
2026-09-03 09:21:06,479 - MMSA [INFO] - VAL-(DLF) >>  acc_7: 0.4105  acc_5: 0.5197  acc_2: 0.8333  F1_score: 0.8337  Corr: 0.7684  MAE: 0.8019  Loss: 0.7854 
2026-09-03 09:21:08,571 - MMSA [INFO] - TEST-(DLF) >>  acc_7: 0.4111  acc_5: 0.4781  acc_2: 0.8201  F1_score: 0.8206  Corr: 0.7605  MAE: 0.8116  Loss: 0.8112 
2026-09-03 09:21:23,012 - MMSA [INFO] - >> Epoch: 23 TRAIN -(DLF) [3/23/3] >> total_loss: 2.1349  acc_7: 0.6612  acc_5: 0.7134  acc_2: 0.9399  F1_score: 0.9399  Corr: 0.9457  MAE: 0.3679 
2026-09-03 09:21:23,848 - MMSA [INFO] - VAL-(DLF) >>  acc_7: 0.3930  acc_5: 0.5109  acc_2: 0.8287  F1_score: 0.8296  Corr: 0.7620  MAE: 0.8304  Loss: 0.8078 
2026-09-03 09:21:25,915 - MMSA [INFO] - TEST-(DLF) >>  acc_7: 0.4257  acc_5: 0.4971  acc_2: 0.8506  F1_score: 0.8488  Corr: 0.7687  MAE: 0.7835  Loss: 0.7828 
2026-09-03 09:21:40,387 - MMSA [INFO] - >> Epoch: 24 TRAIN -(DLF) [4/24/3] >> total_loss: 2.1116  acc_7: 0.6822  acc_5: 0.7352  acc_2: 0.9480  F1_score: 0.9480  Corr: 0.9468  MAE: 0.3637 
2026-09-03 09:21:41,218 - MMSA [INFO] - VAL-(DLF) >>  acc_7: 0.3886  acc_5: 0.5022  acc_2: 0.8426  F1_score: 0.8430  Corr: 0.7779  MAE: 0.7802  Loss: 0.7698 
2026-09-03 09:21:43,447 - MMSA [INFO] - TEST-(DLF) >>  acc_7: 0.4111  acc_5: 0.4694  acc_2: 0.8232  F1_score: 0.8235  Corr: 0.7697  MAE: 0.8060  Loss: 0.8056 
2026-09-03 09:21:59,017 - MMSA [INFO] - >> Epoch: 25 TRAIN -(DLF) [1/25/3] >> total_loss: 2.0883  acc_7: 0.6604  acc_5: 0.7181  acc_2: 0.9521  F1_score: 0.9521  Corr: 0.9481  MAE: 0.3615 
2026-09-03 09:21:59,884 - MMSA [INFO] - VAL-(DLF) >>  acc_7: 0.3974  acc_5: 0.5240  acc_2: 0.8241  F1_score: 0.8247  Corr: 0.7710  MAE: 0.8082  Loss: 0.7940 
2026-09-03 09:22:02,373 - MMSA [INFO] - TEST-(DLF) >>  acc_7: 0.4023  acc_5: 0.4840  acc_2: 0.8399  F1_score: 0.8398  Corr: 0.7704  MAE: 0.8097  Loss: 0.8095 
2026-09-03 09:22:16,951 - MMSA [INFO] - >> Epoch: 26 TRAIN -(DLF) [2/26/3] >> total_loss: 2.0564  acc_7: 0.6698  acc_5: 0.7282  acc_2: 0.9496  F1_score: 0.9497  Corr: 0.9520  MAE: 0.3460 
2026-09-03 09:22:17,755 - MMSA [INFO] - VAL-(DLF) >>  acc_7: 0.3930  acc_5: 0.5109  acc_2: 0.8287  F1_score: 0.8292  Corr: 0.7813  MAE: 0.7752  Loss: 0.7622 
2026-09-03 09:22:19,846 - MMSA [INFO] - TEST-(DLF) >>  acc_7: 0.4213  acc_5: 0.4883  acc_2: 0.8338  F1_score: 0.8337  Corr: 0.7724  MAE: 0.7826  Loss: 0.7822 
2026-09-03 09:22:34,832 - MMSA [INFO] - >> Epoch: 27 TRAIN -(DLF) [1/27/3] >> total_loss: 2.0286  acc_7: 0.6947  acc_5: 0.7570  acc_2: 0.9594  F1_score: 0.9593  Corr: 0.9546  MAE: 0.3395 
2026-09-03 09:22:35,711 - MMSA [INFO] - VAL-(DLF) >>  acc_7: 0.3974  acc_5: 0.5197  acc_2: 0.8333  F1_score: 0.8337  Corr: 0.7883  MAE: 0.7634  Loss: 0.7519 
2026-09-03 09:22:37,800 - MMSA [INFO] - TEST-(DLF) >>  acc_7: 0.4111  acc_5: 0.4854  acc_2: 0.8338  F1_score: 0.8335  Corr: 0.7714  MAE: 0.7766  Loss: 0.7760 
2026-09-03 09:22:53,069 - MMSA [INFO] - >> Epoch: 28 TRAIN -(DLF) [1/28/3] >> total_loss: 1.9989  acc_7: 0.6783  acc_5: 0.7445  acc_2: 0.9643  F1_score: 0.9643  Corr: 0.9547  MAE: 0.3368 
2026-09-03 09:22:53,925 - MMSA [INFO] - VAL-(DLF) >>  acc_7: 0.3974  acc_5: 0.5153  acc_2: 0.8472  F1_score: 0.8473  Corr: 0.7893  MAE: 0.7684  Loss: 0.7582 
2026-09-03 09:22:56,070 - MMSA [INFO] - TEST-(DLF) >>  acc_7: 0.4052  acc_5: 0.4942  acc_2: 0.8232  F1_score: 0.8233  Corr: 0.7714  MAE: 0.7999  Loss: 0.7996 
2026-09-03 09:23:10,748 - MMSA [INFO] - >> Epoch: 29 TRAIN -(DLF) [2/29/3] >> total_loss: 1.9448  acc_7: 0.7056  acc_5: 0.7687  acc_2: 0.9651  F1_score: 0.9651  Corr: 0.9591  MAE: 0.3140 
2026-09-03 09:23:11,620 - MMSA [INFO] - VAL-(DLF) >>  acc_7: 0.4236  acc_5: 0.5415  acc_2: 0.8426  F1_score: 0.8431  Corr: 0.7895  MAE: 0.7643  Loss: 0.7457 
2026-09-03 09:23:13,837 - MMSA [INFO] - TEST-(DLF) >>  acc_7: 0.4373  acc_5: 0.5131  acc_2: 0.8430  F1_score: 0.8420  Corr: 0.7718  MAE: 0.7687  Loss: 0.7682 
2026-09-03 09:23:28,774 - MMSA [INFO] - >> Epoch: 30 TRAIN -(DLF) [1/30/3] >> total_loss: 1.9788  acc_7: 0.7025  acc_5: 0.7617  acc_2: 0.9521  F1_score: 0.9521  Corr: 0.9578  MAE: 0.3250 
2026-09-03 09:23:29,632 - MMSA [INFO] - VAL-(DLF) >>  acc_7: 0.4105  acc_5: 0.5284  acc_2: 0.8241  F1_score: 0.8248  Corr: 0.7793  MAE: 0.7834  Loss: 0.7626 
2026-09-03 09:23:31,777 - MMSA [INFO] - TEST-(DLF) >>  acc_7: 0.4402  acc_5: 0.5175  acc_2: 0.8415  F1_score: 0.8403  Corr: 0.7732  MAE: 0.7702  Loss: 0.7697 
2026-09-03 09:23:46,263 - MMSA [INFO] - >> Epoch: 31 TRAIN -(DLF) [2/31/3] >> total_loss: 1.9473  acc_7: 0.6729  acc_5: 0.7305  acc_2: 0.9610  F1_score: 0.9610  Corr: 0.9572  MAE: 0.3290 
2026-09-03 09:23:47,072 - MMSA [INFO] - VAL-(DLF) >>  acc_7: 0.3974  acc_5: 0.5153  acc_2: 0.8426  F1_score: 0.8428  Corr: 0.7856  MAE: 0.7621  Loss: 0.7480 
2026-09-03 09:23:49,177 - MMSA [INFO] - TEST-(DLF) >>  acc_7: 0.4111  acc_5: 0.4767  acc_2: 0.8216  F1_score: 0.8221  Corr: 0.7662  MAE: 0.7969  Loss: 0.7963 
2026-09-03 09:24:03,699 - MMSA [INFO] - >> Epoch: 32 TRAIN -(DLF) [3/32/3] >> total_loss: 1.9711  acc_7: 0.6760  acc_5: 0.7360  acc_2: 0.9569  F1_score: 0.9569  Corr: 0.9532  MAE: 0.3386 
2026-09-03 09:24:04,622 - MMSA [INFO] - VAL-(DLF) >>  acc_7: 0.4017  acc_5: 0.5328  acc_2: 0.8241  F1_score: 0.8248  Corr: 0.7694  MAE: 0.8064  Loss: 0.7884 
2026-09-03 09:24:06,766 - MMSA [INFO] - TEST-(DLF) >>  acc_7: 0.4096  acc_5: 0.4898  acc_2: 0.8232  F1_score: 0.8234  Corr: 0.7580  MAE: 0.8261  Loss: 0.8259 
2026-09-03 09:24:21,525 - MMSA [INFO] - >> Epoch: 33 TRAIN -(DLF) [4/33/3] >> total_loss: 1.935  acc_7: 0.6713  acc_5: 0.7352  acc_2: 0.9651  F1_score: 0.9651  Corr: 0.9556  MAE: 0.3298 
2026-09-03 09:24:22,383 - MMSA [INFO] - VAL-(DLF) >>  acc_7: 0.4017  acc_5: 0.5022  acc_2: 0.8472  F1_score: 0.8466  Corr: 0.7734  MAE: 0.8109  Loss: 0.8041 
2026-09-03 09:24:24,694 - MMSA [INFO] - TEST-(DLF) >>  acc_7: 0.3878  acc_5: 0.4679  acc_2: 0.7942  F1_score: 0.7954  Corr: 0.7571  MAE: 0.8616  Loss: 0.8613 
2026-09-03 09:24:39,221 - MMSA [INFO] - >> Epoch: 34 TRAIN -(DLF) [5/34/3] >> total_loss: 1.989  acc_7: 0.6534  acc_5: 0.7188  acc_2: 0.9537  F1_score: 0.9536  Corr: 0.9531  MAE: 0.3546 
2026-09-03 09:24:40,114 - MMSA [INFO] - VAL-(DLF) >>  acc_7: 0.3712  acc_5: 0.4760  acc_2: 0.8241  F1_score: 0.8247  Corr: 0.7653  MAE: 0.7942  Loss: 0.7801 
2026-09-03 09:24:42,384 - MMSA [INFO] - TEST-(DLF) >>  acc_7: 0.4155  acc_5: 0.4825  acc_2: 0.8384  F1_score: 0.8376  Corr: 0.7685  MAE: 0.7746  Loss: 0.7739 
2026-09-03 09:24:57,088 - MMSA [INFO] - >> Epoch: 35 TRAIN -(DLF) [6/35/3] >> total_loss: 1.9932  acc_7: 0.6861  acc_5: 0.7422  acc_2: 0.9586  F1_score: 0.9585  Corr: 0.9554  MAE: 0.3452 
2026-09-03 09:24:57,894 - MMSA [INFO] - VAL-(DLF) >>  acc_7: 0.3843  acc_5: 0.5022  acc_2: 0.8241  F1_score: 0.8250  Corr: 0.7612  MAE: 0.8438  Loss: 0.8173 
2026-09-03 09:25:00,010 - MMSA [INFO] - TEST-(DLF) >>  acc_7: 0.4373  acc_5: 0.5190  acc_2: 0.8415  F1_score: 0.8390  Corr: 0.7696  MAE: 0.7847  Loss: 0.7842 
2026-09-03 09:25:14,425 - MMSA [INFO] - >> Epoch: 36 TRAIN -(DLF) [7/36/3] >> total_loss: 1.9337  acc_7: 0.6869  acc_5: 0.7492  acc_2: 0.9521  F1_score: 0.9521  Corr: 0.9574  MAE: 0.3386 
2026-09-03 09:25:15,282 - MMSA [INFO] - VAL-(DLF) >>  acc_7: 0.3886  acc_5: 0.5109  acc_2: 0.8333  F1_score: 0.8337  Corr: 0.7744  MAE: 0.7809  Loss: 0.7730 
2026-09-03 09:25:17,459 - MMSA [INFO] - TEST-(DLF) >>  acc_7: 0.3980  acc_5: 0.4679  acc_2: 0.8186  F1_score: 0.8193  Corr: 0.7656  MAE: 0.8150  Loss: 0.8145 
2026-09-03 09:25:32,039 - MMSA [INFO] - >> Epoch: 37 TRAIN -(DLF) [8/37/3] >> total_loss: 1.9096  acc_7: 0.6970  acc_5: 0.7531  acc_2: 0.9634  F1_score: 0.9635  Corr: 0.9580  MAE: 0.3201 
2026-09-03 09:25:32,923 - MMSA [INFO] - VAL-(DLF) >>  acc_7: 0.4105  acc_5: 0.5284  acc_2: 0.8333  F1_score: 0.8339  Corr: 0.7727  MAE: 0.7869  Loss: 0.7729 
2026-09-03 09:25:35,116 - MMSA [INFO] - TEST-(DLF) >>  acc_7: 0.4096  acc_5: 0.4854  acc_2: 0.8460  F1_score: 0.8452  Corr: 0.7700  MAE: 0.7791  Loss: 0.7786 
2026-09-03 09:25:50,564 - MMSA [INFO] - >> Epoch: 38 TRAIN -(DLF) [9/38/3] >> total_loss: 1.8705  acc_7: 0.7103  acc_5: 0.7640  acc_2: 0.9626  F1_score: 0.9626  Corr: 0.9623  MAE: 0.3057 
2026-09-03 09:25:51,454 - MMSA [INFO] - VAL-(DLF) >>  acc_7: 0.4017  acc_5: 0.5197  acc_2: 0.8333  F1_score: 0.8339  Corr: 0.7785  MAE: 0.7740  Loss: 0.7572 
2026-09-03 09:25:53,737 - MMSA [INFO] - TEST-(DLF) >>  acc_7: 0.4184  acc_5: 0.4869  acc_2: 0.8384  F1_score: 0.8374  Corr: 0.7719  MAE: 0.7654  Loss: 0.7648 
2026-09-03 09:26:10,008 - MMSA [INFO] - >> Epoch: 39 TRAIN -(DLF) [10/39/3] >> total_loss: 1.8767  acc_7: 0.6908  acc_5: 0.7492  acc_2: 0.9691  F1_score: 0.9691  Corr: 0.9596  MAE: 0.3137 
2026-09-03 09:26:10,949 - MMSA [INFO] - VAL-(DLF) >>  acc_7: 0.4148  acc_5: 0.5328  acc_2: 0.8519  F1_score: 0.8516  Corr: 0.7867  MAE: 0.7710  Loss: 0.7635 
2026-09-03 09:26:13,439 - MMSA [INFO] - TEST-(DLF) >>  acc_7: 0.4038  acc_5: 0.4767  acc_2: 0.8201  F1_score: 0.8209  Corr: 0.7703  MAE: 0.8064  Loss: 0.8059 
2026-09-03 09:26:29,252 - MMSA [INFO] - >> Epoch: 40 TRAIN -(DLF) [11/40/3] >> total_loss: 1.8543  acc_7: 0.7111  acc_5: 0.7734  acc_2: 0.9651  F1_score: 0.9651  Corr: 0.9636  MAE: 0.3013 
2026-09-03 09:26:30,201 - MMSA [INFO] - VAL-(DLF) >>  acc_7: 0.4105  acc_5: 0.5371  acc_2: 0.8241  F1_score: 0.8248  Corr: 0.7806  MAE: 0.7805  Loss: 0.7658 
2026-09-03 09:26:32,620 - MMSA [INFO] - TEST-(DLF) >>  acc_7: 0.3950  acc_5: 0.4723  acc_2: 0.8384  F1_score: 0.8371  Corr: 0.7726  MAE: 0.7759  Loss: 0.7753 
2026-09-03 09:26:48,073 - MMSA [INFO] - >> Epoch: 41 TRAIN -(DLF) [12/41/3] >> total_loss: 1.84  acc_7: 0.7329  acc_5: 0.7905  acc_2: 0.9716  F1_score: 0.9716  Corr: 0.9642  MAE: 0.2912 
2026-09-03 09:26:48,895 - MMSA [INFO] - VAL-(DLF) >>  acc_7: 0.3843  acc_5: 0.5022  acc_2: 0.8287  F1_score: 0.8290  Corr: 0.7871  MAE: 0.7610  Loss: 0.7492 
2026-09-03 09:26:51,139 - MMSA [INFO] - TEST-(DLF) >>  acc_7: 0.4111  acc_5: 0.4840  acc_2: 0.8308  F1_score: 0.8307  Corr: 0.7684  MAE: 0.7828  Loss: 0.7821 
2026-09-03 09:27:05,936 - MMSA [INFO] - >> Epoch: 42 TRAIN -(DLF) [13/42/3] >> total_loss: 1.8527  acc_7: 0.7111  acc_5: 0.7640  acc_2: 0.9756  F1_score: 0.9756  Corr: 0.9638  MAE: 0.3001 
2026-09-03 09:27:06,841 - MMSA [INFO] - VAL-(DLF) >>  acc_7: 0.3930  acc_5: 0.5066  acc_2: 0.8333  F1_score: 0.8339  Corr: 0.7882  MAE: 0.7598  Loss: 0.7451 
2026-09-03 09:27:09,027 - MMSA [INFO] - TEST-(DLF) >>  acc_7: 0.4082  acc_5: 0.4810  acc_2: 0.8384  F1_score: 0.8378  Corr: 0.7674  MAE: 0.7762  Loss: 0.7754 
2026-09-03 09:27:24,497 - MMSA [INFO] - >> Epoch: 43 TRAIN -(DLF) [1/43/3] >> total_loss: 1.8179  acc_7: 0.7422  acc_5: 0.8006  acc_2: 0.9756  F1_score: 0.9756  Corr: 0.9680  MAE: 0.2824 
2026-09-03 09:27:25,318 - MMSA [INFO] - VAL-(DLF) >>  acc_7: 0.3886  acc_5: 0.5066  acc_2: 0.8241  F1_score: 0.8245  Corr: 0.7893  MAE: 0.7590  Loss: 0.7466 
2026-09-03 09:27:27,514 - MMSA [INFO] - TEST-(DLF) >>  acc_7: 0.3994  acc_5: 0.4767  acc_2: 0.8293  F1_score: 0.8292  Corr: 0.7678  MAE: 0.7857  Loss: 0.7850 
2026-09-03 09:27:42,579 - MMSA [INFO] - >> Epoch: 44 TRAIN -(DLF) [2/44/3] >> total_loss: 1.8156  acc_7: 0.7204  acc_5: 0.7741  acc_2: 0.9724  F1_score: 0.9724  Corr: 0.9653  MAE: 0.2874 
2026-09-03 09:27:43,436 - MMSA [INFO] - VAL-(DLF) >>  acc_7: 0.3886  acc_5: 0.5109  acc_2: 0.8287  F1_score: 0.8292  Corr: 0.7895  MAE: 0.7614  Loss: 0.7483 
2026-09-03 09:27:45,651 - MMSA [INFO] - TEST-(DLF) >>  acc_7: 0.4067  acc_5: 0.4825  acc_2: 0.8369  F1_score: 0.8364  Corr: 0.7693  MAE: 0.7843  Loss: 0.7837 
2026-09-03 09:28:00,702 - MMSA [INFO] - >> Epoch: 45 TRAIN -(DLF) [3/45/3] >> total_loss: 1.8237  acc_7: 0.7266  acc_5: 0.7835  acc_2: 0.9773  F1_score: 0.9772  Corr: 0.9672  MAE: 0.2853 
2026-09-03 09:28:01,584 - MMSA [INFO] - VAL-(DLF) >>  acc_7: 0.4105  acc_5: 0.5240  acc_2: 0.8287  F1_score: 0.8290  Corr: 0.7911  MAE: 0.7596  Loss: 0.7484 
2026-09-03 09:28:03,830 - MMSA [INFO] - TEST-(DLF) >>  acc_7: 0.4082  acc_5: 0.4840  acc_2: 0.8338  F1_score: 0.8336  Corr: 0.7696  MAE: 0.7872  Loss: 0.7867 
2026-09-03 09:28:19,191 - MMSA [INFO] - >> Epoch: 46 TRAIN -(DLF) [4/46/3] >> total_loss: 1.808  acc_7: 0.7243  acc_5: 0.7827  acc_2: 0.9724  F1_score: 0.9724  Corr: 0.9698  MAE: 0.2753 
2026-09-03 09:28:20,065 - MMSA [INFO] - VAL-(DLF) >>  acc_7: 0.4061  acc_5: 0.5240  acc_2: 0.8380  F1_score: 0.8384  Corr: 0.7939  MAE: 0.7496  Loss: 0.7401 
2026-09-03 09:28:22,375 - MMSA [INFO] - TEST-(DLF) >>  acc_7: 0.4009  acc_5: 0.4767  acc_2: 0.8384  F1_score: 0.8381  Corr: 0.7697  MAE: 0.7808  Loss: 0.7801 
2026-09-03 09:28:38,499 - MMSA [INFO] - >> Epoch: 47 TRAIN -(DLF) [1/47/3] >> total_loss: 1.8077  acc_7: 0.7188  acc_5: 0.7866  acc_2: 0.9732  F1_score: 0.9732  Corr: 0.9672  MAE: 0.2843 
2026-09-03 09:28:39,376 - MMSA [INFO] - VAL-(DLF) >>  acc_7: 0.3974  acc_5: 0.5197  acc_2: 0.8380  F1_score: 0.8384  Corr: 0.7936  MAE: 0.7556  Loss: 0.7432 
2026-09-03 09:28:41,742 - MMSA [INFO] - TEST-(DLF) >>  acc_7: 0.4038  acc_5: 0.4854  acc_2: 0.8369  F1_score: 0.8364  Corr: 0.7691  MAE: 0.7831  Loss: 0.7826 
2026-09-03 09:28:57,098 - MMSA [INFO] - >> Epoch: 48 TRAIN -(DLF) [2/48/3] >> total_loss: 1.819  acc_7: 0.7290  acc_5: 0.7952  acc_2: 0.9683  F1_score: 0.9683  Corr: 0.9652  MAE: 0.2903 
2026-09-03 09:28:58,017 - MMSA [INFO] - VAL-(DLF) >>  acc_7: 0.3974  acc_5: 0.5109  acc_2: 0.8426  F1_score: 0.8430  Corr: 0.7952  MAE: 0.7480  Loss: 0.7380 
2026-09-03 09:29:00,283 - MMSA [INFO] - TEST-(DLF) >>  acc_7: 0.3950  acc_5: 0.4752  acc_2: 0.8354  F1_score: 0.8353  Corr: 0.7687  MAE: 0.7837  Loss: 0.7830 
2026-09-03 09:29:16,332 - MMSA [INFO] - >> Epoch: 49 TRAIN -(DLF) [1/49/3] >> total_loss: 1.8139  acc_7: 0.7103  acc_5: 0.7788  acc_2: 0.9805  F1_score: 0.9805  Corr: 0.9684  MAE: 0.2809 
2026-09-03 09:29:17,253 - MMSA [INFO] - VAL-(DLF) >>  acc_7: 0.3886  acc_5: 0.5109  acc_2: 0.8426  F1_score: 0.8430  Corr: 0.7957  MAE: 0.7472  Loss: 0.7373 
2026-09-03 09:29:19,623 - MMSA [INFO] - TEST-(DLF) >>  acc_7: 0.3980  acc_5: 0.4781  acc_2: 0.8338  F1_score: 0.8338  Corr: 0.7675  MAE: 0.7862  Loss: 0.7856 
2026-09-03 09:29:35,532 - MMSA [INFO] - >> Epoch: 50 TRAIN -(DLF) [1/50/3] >> total_loss: 1.7726  acc_7: 0.7243  acc_5: 0.7819  acc_2: 0.9667  F1_score: 0.9667  Corr: 0.9700  MAE: 0.2717 
2026-09-03 09:29:36,570 - MMSA [INFO] - VAL-(DLF) >>  acc_7: 0.3930  acc_5: 0.5153  acc_2: 0.8426  F1_score: 0.8430  Corr: 0.7970  MAE: 0.7468  Loss: 0.7368 
2026-09-03 09:29:38,867 - MMSA [INFO] - TEST-(DLF) >>  acc_7: 0.4009  acc_5: 0.4810  acc_2: 0.8277  F1_score: 0.8279  Corr: 0.7691  MAE: 0.7854  Loss: 0.7848 
2026-09-03 09:29:55,445 - MMSA [INFO] - >> Epoch: 51 TRAIN -(DLF) [1/51/3] >> total_loss: 1.7909  acc_7: 0.7555  acc_5: 0.8123  acc_2: 0.9683  F1_score: 0.9683  Corr: 0.9698  MAE: 0.2718 
2026-09-03 09:29:56,328 - MMSA [INFO] - VAL-(DLF) >>  acc_7: 0.3886  acc_5: 0.5109  acc_2: 0.8380  F1_score: 0.8384  Corr: 0.7983  MAE: 0.7448  Loss: 0.7347 
2026-09-03 09:29:58,614 - MMSA [INFO] - TEST-(DLF) >>  acc_7: 0.4052  acc_5: 0.4840  acc_2: 0.8354  F1_score: 0.8352  Corr: 0.7711  MAE: 0.7795  Loss: 0.7789 
2026-09-03 09:30:14,721 - MMSA [INFO] - >> Epoch: 52 TRAIN -(DLF) [1/52/3] >> total_loss: 1.7961  acc_7: 0.7344  acc_5: 0.7991  acc_2: 0.9748  F1_score: 0.9748  Corr: 0.9680  MAE: 0.2817 
2026-09-03 09:30:15,587 - MMSA [INFO] - VAL-(DLF) >>  acc_7: 0.3974  acc_5: 0.5197  acc_2: 0.8380  F1_score: 0.8384  Corr: 0.7971  MAE: 0.7521  Loss: 0.7393 
2026-09-03 09:30:17,952 - MMSA [INFO] - TEST-(DLF) >>  acc_7: 0.4067  acc_5: 0.4883  acc_2: 0.8430  F1_score: 0.8423  Corr: 0.7723  MAE: 0.7777  Loss: 0.7772 
2026-09-03 09:30:33,575 - MMSA [INFO] - >> Epoch: 53 TRAIN -(DLF) [2/53/3] >> total_loss: 1.7914  acc_7: 0.7259  acc_5: 0.7835  acc_2: 0.9699  F1_score: 0.9700  Corr: 0.9692  MAE: 0.2806 
2026-09-03 09:30:34,494 - MMSA [INFO] - VAL-(DLF) >>  acc_7: 0.3886  acc_5: 0.5153  acc_2: 0.8380  F1_score: 0.8384  Corr: 0.7991  MAE: 0.7445  Loss: 0.7340 
2026-09-03 09:30:36,770 - MMSA [INFO] - TEST-(DLF) >>  acc_7: 0.4052  acc_5: 0.4869  acc_2: 0.8308  F1_score: 0.8306  Corr: 0.7726  MAE: 0.7770  Loss: 0.7765 
2026-09-03 09:30:52,580 - MMSA [INFO] - >> Epoch: 54 TRAIN -(DLF) [1/54/3] >> total_loss: 1.797  acc_7: 0.7103  acc_5: 0.7671  acc_2: 0.9748  F1_score: 0.9748  Corr: 0.9704  MAE: 0.2734 
2026-09-03 09:30:53,442 - MMSA [INFO] - VAL-(DLF) >>  acc_7: 0.3799  acc_5: 0.5022  acc_2: 0.8519  F1_score: 0.8520  Corr: 0.8009  MAE: 0.7359  Loss: 0.7257 
2026-09-03 09:30:55,756 - MMSA [INFO] - TEST-(DLF) >>  acc_7: 0.3994  acc_5: 0.4781  acc_2: 0.8308  F1_score: 0.8307  Corr: 0.7723  MAE: 0.7727  Loss: 0.7721 
2026-09-03 09:31:11,907 - MMSA [INFO] - >> Epoch: 55 TRAIN -(DLF) [1/55/3] >> total_loss: 1.8013  acc_7: 0.7422  acc_5: 0.8037  acc_2: 0.9789  F1_score: 0.9789  Corr: 0.9684  MAE: 0.2797 
2026-09-03 09:31:12,813 - MMSA [INFO] - VAL-(DLF) >>  acc_7: 0.3843  acc_5: 0.5153  acc_2: 0.8380  F1_score: 0.8384  Corr: 0.7986  MAE: 0.7449  Loss: 0.7341 
2026-09-03 09:31:15,016 - MMSA [INFO] - TEST-(DLF) >>  acc_7: 0.4052  acc_5: 0.4854  acc_2: 0.8354  F1_score: 0.8349  Corr: 0.7729  MAE: 0.7728  Loss: 0.7723 
2026-09-03 09:31:30,864 - MMSA [INFO] - >> Epoch: 56 TRAIN -(DLF) [2/56/3] >> total_loss: 1.7723  acc_7: 0.7282  acc_5: 0.7835  acc_2: 0.9716  F1_score: 0.9716  Corr: 0.9696  MAE: 0.2715 
2026-09-03 09:31:31,775 - MMSA [INFO] - VAL-(DLF) >>  acc_7: 0.3930  acc_5: 0.5109  acc_2: 0.8519  F1_score: 0.8519  Corr: 0.7999  MAE: 0.7454  Loss: 0.7403 
2026-09-03 09:31:34,042 - MMSA [INFO] - TEST-(DLF) >>  acc_7: 0.4111  acc_5: 0.4883  acc_2: 0.8186  F1_score: 0.8192  Corr: 0.7724  MAE: 0.7889  Loss: 0.7883 
2026-09-03 09:31:57,537 - MMSA [INFO] - >> Epoch: 57 TRAIN -(DLF) [3/57/3] >> total_loss: 1.7851  acc_7: 0.7165  acc_5: 0.7835  acc_2: 0.9618  F1_score: 0.9617  Corr: 0.9703  MAE: 0.2838 
2026-09-03 09:31:59,851 - MMSA [INFO] - VAL-(DLF) >>  acc_7: 0.3886  acc_5: 0.5109  acc_2: 0.8333  F1_score: 0.8337  Corr: 0.7938  MAE: 0.7539  Loss: 0.7417 
2026-09-03 09:32:06,138 - MMSA [INFO] - TEST-(DLF) >>  acc_7: 0.3965  acc_5: 0.4767  acc_2: 0.8460  F1_score: 0.8451  Corr: 0.7739  MAE: 0.7662  Loss: 0.7655 
2026-09-03 09:32:38,728 - MMSA [INFO] - >> Epoch: 58 TRAIN -(DLF) [4/58/3] >> total_loss: 1.7773  acc_7: 0.7414  acc_5: 0.8037  acc_2: 0.9797  F1_score: 0.9797  Corr: 0.9703  MAE: 0.2736 
2026-09-03 09:32:41,032 - MMSA [INFO] - VAL-(DLF) >>  acc_7: 0.3930  acc_5: 0.5197  acc_2: 0.8380  F1_score: 0.8383  Corr: 0.7965  MAE: 0.7495  Loss: 0.7407 
2026-09-03 09:32:47,029 - MMSA [INFO] - TEST-(DLF) >>  acc_7: 0.4184  acc_5: 0.4971  acc_2: 0.8277  F1_score: 0.8279  Corr: 0.7726  MAE: 0.7791  Loss: 0.7784 
2026-09-03 09:33:16,731 - MMSA [INFO] - >> Epoch: 59 TRAIN -(DLF) [5/59/3] >> total_loss: 1.7742  acc_7: 0.7290  acc_5: 0.8006  acc_2: 0.9740  F1_score: 0.9740  Corr: 0.9703  MAE: 0.2721 
2026-09-03 09:33:18,835 - MMSA [INFO] - VAL-(DLF) >>  acc_7: 0.3930  acc_5: 0.5153  acc_2: 0.8333  F1_score: 0.8337  Corr: 0.7954  MAE: 0.7536  Loss: 0.7444 
2026-09-03 09:33:24,716 - MMSA [INFO] - TEST-(DLF) >>  acc_7: 0.4082  acc_5: 0.4898  acc_2: 0.8323  F1_score: 0.8322  Corr: 0.7722  MAE: 0.7815  Loss: 0.7808 
2026-09-03 09:33:55,649 - MMSA [INFO] - >> Epoch: 60 TRAIN -(DLF) [6/60/3] >> total_loss: 1.7583  acc_7: 0.7422  acc_5: 0.8084  acc_2: 0.9699  F1_score: 0.9700  Corr: 0.9718  MAE: 0.2643 
2026-09-03 09:33:57,988 - MMSA [INFO] - VAL-(DLF) >>  acc_7: 0.3886  acc_5: 0.5153  acc_2: 0.8333  F1_score: 0.8337  Corr: 0.7945  MAE: 0.7560  Loss: 0.7449 
2026-09-03 09:34:04,600 - MMSA [INFO] - TEST-(DLF) >>  acc_7: 0.3980  acc_5: 0.4810  acc_2: 0.8384  F1_score: 0.8380  Corr: 0.7720  MAE: 0.7763  Loss: 0.7756 
2026-09-03 09:34:39,243 - MMSA [INFO] - >> Epoch: 61 TRAIN -(DLF) [7/61/3] >> total_loss: 1.7536  acc_7: 0.7445  acc_5: 0.8076  acc_2: 0.9748  F1_score: 0.9748  Corr: 0.9722  MAE: 0.2595 
2026-09-03 09:34:42,023 - MMSA [INFO] - VAL-(DLF) >>  acc_7: 0.3930  acc_5: 0.5197  acc_2: 0.8333  F1_score: 0.8337  Corr: 0.7954  MAE: 0.7539  Loss: 0.7436 
2026-09-03 09:34:49,115 - MMSA [INFO] - TEST-(DLF) >>  acc_7: 0.4009  acc_5: 0.4810  acc_2: 0.8384  F1_score: 0.8380  Corr: 0.7719  MAE: 0.7779  Loss: 0.7773 
2026-09-03 09:35:23,142 - MMSA [INFO] - >> Epoch: 62 TRAIN -(DLF) [8/62/3] >> total_loss: 1.7552  acc_7: 0.7531  acc_5: 0.8217  acc_2: 0.9732  F1_score: 0.9732  Corr: 0.9730  MAE: 0.2616 
2026-09-03 09:35:25,819 - MMSA [INFO] - VAL-(DLF) >>  acc_7: 0.3843  acc_5: 0.5197  acc_2: 0.8333  F1_score: 0.8337  Corr: 0.7962  MAE: 0.7548  Loss: 0.7450 
2026-09-03 09:35:32,482 - MMSA [INFO] - TEST-(DLF) >>  acc_7: 0.4023  acc_5: 0.4854  acc_2: 0.8277  F1_score: 0.8277  Corr: 0.7718  MAE: 0.7826  Loss: 0.7820 
2026-09-03 09:36:05,827 - MMSA [INFO] - >> Epoch: 63 TRAIN -(DLF) [9/63/3] >> total_loss: 1.7285  acc_7: 0.7445  acc_5: 0.8131  acc_2: 0.9797  F1_score: 0.9797  Corr: 0.9745  MAE: 0.2523 
2026-09-03 09:36:08,444 - MMSA [INFO] - VAL-(DLF) >>  acc_7: 0.3886  acc_5: 0.5153  acc_2: 0.8519  F1_score: 0.8519  Corr: 0.7985  MAE: 0.7511  Loss: 0.7444 
2026-09-03 09:36:15,383 - MMSA [INFO] - TEST-(DLF) >>  acc_7: 0.4169  acc_5: 0.4956  acc_2: 0.8201  F1_score: 0.8207  Corr: 0.7712  MAE: 0.7909  Loss: 0.7904 
2026-09-03 09:36:47,084 - MMSA [INFO] - >> Epoch: 64 TRAIN -(DLF) [10/64/3] >> total_loss: 1.7446  acc_7: 0.7523  acc_5: 0.8193  acc_2: 0.9716  F1_score: 0.9715  Corr: 0.9735  MAE: 0.2579 
2026-09-03 09:36:49,426 - MMSA [INFO] - VAL-(DLF) >>  acc_7: 0.3930  acc_5: 0.5240  acc_2: 0.8380  F1_score: 0.8383  Corr: 0.7975  MAE: 0.7501  Loss: 0.7411 
2026-09-03 09:36:55,308 - MMSA [INFO] - TEST-(DLF) >>  acc_7: 0.4125  acc_5: 0.4898  acc_2: 0.8232  F1_score: 0.8233  Corr: 0.7716  MAE: 0.7817  Loss: 0.7811 
2026-09-03 09:37:28,085 - MMSA [INFO] - >> Epoch: 65 TRAIN -(DLF) [11/65/3] >> total_loss: 1.7435  acc_7: 0.7360  acc_5: 0.8076  acc_2: 0.9764  F1_score: 0.9764  Corr: 0.9726  MAE: 0.2630 
2026-09-03 09:37:30,129 - MMSA [INFO] - VAL-(DLF) >>  acc_7: 0.3930  acc_5: 0.5284  acc_2: 0.8426  F1_score: 0.8428  Corr: 0.7969  MAE: 0.7556  Loss: 0.7459 
2026-09-03 09:37:36,097 - MMSA [INFO] - TEST-(DLF) >>  acc_7: 0.4052  acc_5: 0.4913  acc_2: 0.8232  F1_score: 0.8234  Corr: 0.7719  MAE: 0.7866  Loss: 0.7861 
2026-09-04 00:41:40,648 - MMSA [INFO] - Using device: cuda:0
2026-09-04 00:41:40,649 - MMSA [INFO] - Architecture: serial_ccdr, use_ccdr=True
2026-09-04 00:41:41,296 - MMSA [INFO] - train samples: (1284,)
2026-09-04 00:41:41,578 - MMSA [INFO] - valid samples: (229,)
2026-09-04 00:41:41,851 - MMSA [INFO] - test samples: (686,)
2026-09-04 00:41:47,257 - MMSA [INFO] - Optimizer: AdamW, bert_lr=2e-05, other_lr=0.0001, weight_decay=0.005
2026-09-04 00:42:17,207 - MMSA [INFO] - >> Epoch: 1 TRAIN -(DLF) [1/1/1] >> total_loss: 4.9511  acc_7: 0.1939  acc_5: 0.1939  acc_2: 0.5532  F1_score: 0.4353  Corr: 0.2163  MAE: 1.2898 
2026-09-04 00:42:19,600 - MMSA [INFO] - VAL-(DLF) >>  acc_7: 0.2271  acc_5: 0.2271  acc_2: 0.6250  F1_score: 0.5822  Corr: 0.3973  MAE: 1.3144  Loss: 1.3451 
2026-09-04 00:42:25,432 - MMSA [INFO] - TEST-(DLF) >>  acc_7: 0.1706  acc_5: 0.1706  acc_2: 0.6006  F1_score: 0.5888  Corr: 0.3463  MAE: 1.3467  Loss: 1.3455 
2026-09-04 00:42:56,024 - MMSA [INFO] - >> Epoch: 2 TRAIN -(DLF) [1/2/1] >> total_loss: 4.6374  acc_7: 0.2220  acc_5: 0.2220  acc_2: 0.6791  F1_score: 0.6638  Corr: 0.4882  MAE: 1.1885 
2026-09-04 00:42:58,585 - MMSA [INFO] - VAL-(DLF) >>  acc_7: 0.2707  acc_5: 0.2707  acc_2: 0.6806  F1_score: 0.6593  Corr: 0.5076  MAE: 1.1837  Loss: 1.2145 
2026-09-04 00:43:04,709 - MMSA [INFO] - TEST-(DLF) >>  acc_7: 0.2347  acc_5: 0.2347  acc_2: 0.6524  F1_score: 0.6490  Corr: 0.4381  MAE: 1.2448  Loss: 1.2433 
2026-09-04 00:43:36,917 - MMSA [INFO] - >> Epoch: 3 TRAIN -(DLF) [1/3/1] >> total_loss: 4.2552  acc_7: 0.2648  acc_5: 0.2656  acc_2: 0.7409  F1_score: 0.7328  Corr: 0.6123  MAE: 1.0200 
2026-09-04 00:43:39,387 - MMSA [INFO] - VAL-(DLF) >>  acc_7: 0.2838  acc_5: 0.3362  acc_2: 0.7963  F1_score: 0.7970  Corr: 0.6649  MAE: 1.0212  Loss: 1.0318 
2026-09-04 00:43:46,028 - MMSA [INFO] - TEST-(DLF) >>  acc_7: 0.3265  acc_5: 0.3411  acc_2: 0.7973  F1_score: 0.7938  Corr: 0.6046  MAE: 1.0035  Loss: 1.0019 
2026-09-04 00:44:18,366 - MMSA [INFO] - >> Epoch: 4 TRAIN -(DLF) [1/4/1] >> total_loss: 3.791  acc_7: 0.3660  acc_5: 0.3847  acc_2: 0.8335  F1_score: 0.8338  Corr: 0.7242  MAE: 0.8202 
2026-09-04 00:44:20,589 - MMSA [INFO] - VAL-(DLF) >>  acc_7: 0.3100  acc_5: 0.3843  acc_2: 0.8056  F1_score: 0.8066  Corr: 0.6964  MAE: 0.9487  Loss: 0.9415 
2026-09-04 00:44:26,925 - MMSA [INFO] - TEST-(DLF) >>  acc_7: 0.3367  acc_5: 0.3557  acc_2: 0.8247  F1_score: 0.8204  Corr: 0.6850  MAE: 0.9275  Loss: 0.9265 
2026-09-04 00:44:58,956 - MMSA [INFO] - >> Epoch: 5 TRAIN -(DLF) [1/5/1] >> total_loss: 3.5403  acc_7: 0.4206  acc_5: 0.4502  acc_2: 0.8578  F1_score: 0.8581  Corr: 0.7734  MAE: 0.7304 
2026-09-04 00:45:01,303 - MMSA [INFO] - VAL-(DLF) >>  acc_7: 0.3406  acc_5: 0.4236  acc_2: 0.8148  F1_score: 0.8151  Corr: 0.7094  MAE: 0.9116  Loss: 0.9054 
2026-09-04 00:45:07,332 - MMSA [INFO] - TEST-(DLF) >>  acc_7: 0.3382  acc_5: 0.3601  acc_2: 0.8186  F1_score: 0.8184  Corr: 0.6987  MAE: 0.9373  Loss: 0.9367 
2026-09-04 00:45:39,254 - MMSA [INFO] - >> Epoch: 6 TRAIN -(DLF) [1/6/1] >> total_loss: 3.3082  acc_7: 0.4502  acc_5: 0.4798  acc_2: 0.8903  F1_score: 0.8906  Corr: 0.8256  MAE: 0.6593 
2026-09-04 00:45:41,834 - MMSA [INFO] - VAL-(DLF) >>  acc_7: 0.3231  acc_5: 0.4017  acc_2: 0.8102  F1_score: 0.8103  Corr: 0.7189  MAE: 0.8960  Loss: 0.8926 
2026-09-04 00:45:48,323 - MMSA [INFO] - TEST-(DLF) >>  acc_7: 0.3353  acc_5: 0.3571  acc_2: 0.8110  F1_score: 0.8114  Corr: 0.7085  MAE: 0.9223  Loss: 0.9214 
2026-09-04 00:46:22,090 - MMSA [INFO] - >> Epoch: 7 TRAIN -(DLF) [1/7/1] >> total_loss: 3.1494  acc_7: 0.4650  acc_5: 0.4977  acc_2: 0.9033  F1_score: 0.9036  Corr: 0.8486  MAE: 0.6136 
2026-09-04 00:46:24,426 - MMSA [INFO] - VAL-(DLF) >>  acc_7: 0.3362  acc_5: 0.4148  acc_2: 0.8148  F1_score: 0.8156  Corr: 0.7237  MAE: 0.8925  Loss: 0.8848 
2026-09-04 00:46:30,338 - MMSA [INFO] - TEST-(DLF) >>  acc_7: 0.3571  acc_5: 0.3790  acc_2: 0.8262  F1_score: 0.8251  Corr: 0.7217  MAE: 0.8941  Loss: 0.8933 
2026-09-04 00:47:03,263 - MMSA [INFO] - >> Epoch: 8 TRAIN -(DLF) [1/8/1] >> total_loss: 3.0339  acc_7: 0.4790  acc_5: 0.5140  acc_2: 0.9090  F1_score: 0.9093  Corr: 0.8582  MAE: 0.5967 
2026-09-04 00:47:05,795 - MMSA [INFO] - VAL-(DLF) >>  acc_7: 0.3450  acc_5: 0.4279  acc_2: 0.8102  F1_score: 0.8112  Corr: 0.7295  MAE: 0.8811  Loss: 0.8683 
2026-09-04 00:47:12,776 - MMSA [INFO] - TEST-(DLF) >>  acc_7: 0.3673  acc_5: 0.3921  acc_2: 0.8308  F1_score: 0.8282  Corr: 0.7293  MAE: 0.8626  Loss: 0.8617 
2026-09-04 00:47:46,006 - MMSA [INFO] - >> Epoch: 9 TRAIN -(DLF) [1/9/1] >> total_loss: 2.9192  acc_7: 0.4984  acc_5: 0.5366  acc_2: 0.9139  F1_score: 0.9141  Corr: 0.8722  MAE: 0.5602 
2026-09-04 00:47:48,543 - MMSA [INFO] - VAL-(DLF) >>  acc_7: 0.3799  acc_5: 0.4672  acc_2: 0.8287  F1_score: 0.8296  Corr: 0.7388  MAE: 0.8721  Loss: 0.8564 
2026-09-04 00:47:55,293 - MMSA [INFO] - TEST-(DLF) >>  acc_7: 0.4009  acc_5: 0.4519  acc_2: 0.8323  F1_score: 0.8308  Corr: 0.7372  MAE: 0.8371  Loss: 0.8363 
2026-09-04 00:48:28,632 - MMSA [INFO] - >> Epoch: 10 TRAIN -(DLF) [1/10/1] >> total_loss: 2.8754  acc_7: 0.5047  acc_5: 0.5428  acc_2: 0.9090  F1_score: 0.9092  Corr: 0.8745  MAE: 0.5582 
2026-09-04 00:48:31,336 - MMSA [INFO] - VAL-(DLF) >>  acc_7: 0.3886  acc_5: 0.4847  acc_2: 0.8287  F1_score: 0.8290  Corr: 0.7393  MAE: 0.8622  Loss: 0.8485 
2026-09-04 00:48:38,148 - MMSA [INFO] - TEST-(DLF) >>  acc_7: 0.3703  acc_5: 0.4300  acc_2: 0.8155  F1_score: 0.8160  Corr: 0.7334  MAE: 0.9010  Loss: 0.9005 
2026-09-04 00:49:11,372 - MMSA [INFO] - >> Epoch: 11 TRAIN -(DLF) [1/11/1] >> total_loss: 2.7473  acc_7: 0.5226  acc_5: 0.5631  acc_2: 0.9220  F1_score: 0.9222  Corr: 0.8924  MAE: 0.5194 
2026-09-04 00:49:13,865 - MMSA [INFO] - VAL-(DLF) >>  acc_7: 0.3930  acc_5: 0.5022  acc_2: 0.8380  F1_score: 0.8376  Corr: 0.7482  MAE: 0.8413  Loss: 0.8350 
2026-09-04 00:49:20,854 - MMSA [INFO] - TEST-(DLF) >>  acc_7: 0.3790  acc_5: 0.4388  acc_2: 0.8232  F1_score: 0.8236  Corr: 0.7550  MAE: 0.8550  Loss: 0.8552 
2026-09-04 00:49:55,014 - MMSA [INFO] - >> Epoch: 12 TRAIN -(DLF) [1/12/1] >> total_loss: 2.6724  acc_7: 0.5460  acc_5: 0.5911  acc_2: 0.9318  F1_score: 0.9319  Corr: 0.9029  MAE: 0.4943 
2026-09-04 00:49:57,595 - MMSA [INFO] - VAL-(DLF) >>  acc_7: 0.4105  acc_5: 0.5240  acc_2: 0.8519  F1_score: 0.8522  Corr: 0.7466  MAE: 0.8392  Loss: 0.8261 
2026-09-04 00:50:04,328 - MMSA [INFO] - TEST-(DLF) >>  acc_7: 0.4067  acc_5: 0.4840  acc_2: 0.8323  F1_score: 0.8322  Corr: 0.7588  MAE: 0.8309  Loss: 0.8310 
2026-09-04 00:50:38,766 - MMSA [INFO] - >> Epoch: 13 TRAIN -(DLF) [1/13/1] >> total_loss: 2.5956  acc_7: 0.5639  acc_5: 0.6059  acc_2: 0.9431  F1_score: 0.9432  Corr: 0.9081  MAE: 0.4770 
2026-09-04 00:50:41,433 - MMSA [INFO] - VAL-(DLF) >>  acc_7: 0.3974  acc_5: 0.5109  acc_2: 0.8287  F1_score: 0.8295  Corr: 0.7484  MAE: 0.8276  Loss: 0.8139 
2026-09-04 00:50:48,599 - MMSA [INFO] - TEST-(DLF) >>  acc_7: 0.4125  acc_5: 0.4840  acc_2: 0.8506  F1_score: 0.8488  Corr: 0.7646  MAE: 0.7863  Loss: 0.7859 
2026-09-04 00:51:24,248 - MMSA [INFO] - >> Epoch: 14 TRAIN -(DLF) [1/14/1] >> total_loss: 2.5106  acc_7: 0.5693  acc_5: 0.6083  acc_2: 0.9391  F1_score: 0.9391  Corr: 0.9188  MAE: 0.4535 
2026-09-04 00:51:26,925 - MMSA [INFO] - VAL-(DLF) >>  acc_7: 0.4061  acc_5: 0.5197  acc_2: 0.8380  F1_score: 0.8383  Corr: 0.7466  MAE: 0.8375  Loss: 0.8254 
2026-09-04 00:51:33,961 - MMSA [INFO] - TEST-(DLF) >>  acc_7: 0.3965  acc_5: 0.4650  acc_2: 0.8430  F1_score: 0.8419  Corr: 0.7576  MAE: 0.8127  Loss: 0.8123 
2026-09-04 00:52:06,527 - MMSA [INFO] - >> Epoch: 15 TRAIN -(DLF) [2/15/1] >> total_loss: 2.4585  acc_7: 0.5981  acc_5: 0.6441  acc_2: 0.9342  F1_score: 0.9343  Corr: 0.9186  MAE: 0.4462 
2026-09-04 00:52:09,077 - MMSA [INFO] - VAL-(DLF) >>  acc_7: 0.3712  acc_5: 0.4760  acc_2: 0.8287  F1_score: 0.8296  Corr: 0.7355  MAE: 0.8691  Loss: 0.8531 
2026-09-04 00:52:15,921 - MMSA [INFO] - TEST-(DLF) >>  acc_7: 0.4082  acc_5: 0.4738  acc_2: 0.8293  F1_score: 0.8271  Corr: 0.7523  MAE: 0.8024  Loss: 0.8019 
2026-09-04 00:52:48,143 - MMSA [INFO] - >> Epoch: 16 TRAIN -(DLF) [3/16/1] >> total_loss: 2.4376  acc_7: 0.5826  acc_5: 0.6316  acc_2: 0.9301  F1_score: 0.9303  Corr: 0.9164  MAE: 0.4525 
2026-09-04 00:52:50,768 - MMSA [INFO] - VAL-(DLF) >>  acc_7: 0.3843  acc_5: 0.5022  acc_2: 0.8102  F1_score: 0.8094  Corr: 0.7386  MAE: 0.8878  Loss: 0.8798 
2026-09-04 00:52:57,636 - MMSA [INFO] - TEST-(DLF) >>  acc_7: 0.4082  acc_5: 0.4752  acc_2: 0.7988  F1_score: 0.7999  Corr: 0.7462  MAE: 0.8829  Loss: 0.8831 
2026-09-04 00:53:30,415 - MMSA [INFO] - >> Epoch: 17 TRAIN -(DLF) [4/17/1] >> total_loss: 2.3964  acc_7: 0.5989  acc_5: 0.6464  acc_2: 0.9326  F1_score: 0.9326  Corr: 0.9242  MAE: 0.4317 
2026-09-04 00:53:32,869 - MMSA [INFO] - VAL-(DLF) >>  acc_7: 0.4148  acc_5: 0.5240  acc_2: 0.8333  F1_score: 0.8333  Corr: 0.7541  MAE: 0.8298  Loss: 0.8183 
2026-09-04 00:53:39,383 - MMSA [INFO] - TEST-(DLF) >>  acc_7: 0.4184  acc_5: 0.4913  acc_2: 0.8140  F1_score: 0.8149  Corr: 0.7545  MAE: 0.8410  Loss: 0.8410 
2026-09-04 00:54:11,472 - MMSA [INFO] - >> Epoch: 18 TRAIN -(DLF) [5/18/1] >> total_loss: 2.397  acc_7: 0.5802  acc_5: 0.6363  acc_2: 0.9301  F1_score: 0.9301  Corr: 0.9209  MAE: 0.4575 
2026-09-04 00:54:14,040 - MMSA [INFO] - VAL-(DLF) >>  acc_7: 0.4105  acc_5: 0.5197  acc_2: 0.8333  F1_score: 0.8321  Corr: 0.7701  MAE: 0.7924  Loss: 0.7857 
2026-09-04 00:54:20,456 - MMSA [INFO] - TEST-(DLF) >>  acc_7: 0.4111  acc_5: 0.4781  acc_2: 0.8186  F1_score: 0.8195  Corr: 0.7593  MAE: 0.8334  Loss: 0.8333 
2026-09-04 00:54:53,672 - MMSA [INFO] - >> Epoch: 19 TRAIN -(DLF) [1/19/1] >> total_loss: 2.4492  acc_7: 0.5545  acc_5: 0.6020  acc_2: 0.9115  F1_score: 0.9109  Corr: 0.9139  MAE: 0.4923 
2026-09-04 00:54:56,152 - MMSA [INFO] - VAL-(DLF) >>  acc_7: 0.3624  acc_5: 0.4716  acc_2: 0.8287  F1_score: 0.8296  Corr: 0.7637  MAE: 0.8503  Loss: 0.8233 
2026-09-04 00:55:02,998 - MMSA [INFO] - TEST-(DLF) >>  acc_7: 0.4096  acc_5: 0.4854  acc_2: 0.8277  F1_score: 0.8250  Corr: 0.7483  MAE: 0.8193  Loss: 0.8184 
2026-09-04 00:55:34,739 - MMSA [INFO] - >> Epoch: 20 TRAIN -(DLF) [2/20/1] >> total_loss: 2.3384  acc_7: 0.6106  acc_5: 0.6573  acc_2: 0.9391  F1_score: 0.9391  Corr: 0.9233  MAE: 0.4449 
2026-09-04 00:55:37,481 - MMSA [INFO] - VAL-(DLF) >>  acc_7: 0.3843  acc_5: 0.4978  acc_2: 0.8380  F1_score: 0.8387  Corr: 0.7681  MAE: 0.8105  Loss: 0.7894 
2026-09-04 00:55:44,360 - MMSA [INFO] - TEST-(DLF) >>  acc_7: 0.4023  acc_5: 0.4767  acc_2: 0.8323  F1_score: 0.8317  Corr: 0.7493  MAE: 0.8209  Loss: 0.8205 
2026-09-04 00:56:18,378 - MMSA [INFO] - >> Epoch: 21 TRAIN -(DLF) [3/21/1] >> total_loss: 2.2736  acc_7: 0.6160  acc_5: 0.6667  acc_2: 0.9350  F1_score: 0.9351  Corr: 0.9314  MAE: 0.4173 
2026-09-04 00:56:20,933 - MMSA [INFO] - VAL-(DLF) >>  acc_7: 0.4323  acc_5: 0.5415  acc_2: 0.8426  F1_score: 0.8426  Corr: 0.7702  MAE: 0.7897  Loss: 0.7798 
2026-09-04 00:56:28,113 - MMSA [INFO] - TEST-(DLF) >>  acc_7: 0.3980  acc_5: 0.4636  acc_2: 0.8232  F1_score: 0.8238  Corr: 0.7606  MAE: 0.8235  Loss: 0.8233 
2026-09-04 00:57:02,203 - MMSA [INFO] - >> Epoch: 22 TRAIN -(DLF) [1/22/1] >> total_loss: 2.1869  acc_7: 0.6441  acc_5: 0.6908  acc_2: 0.9439  F1_score: 0.9440  Corr: 0.9364  MAE: 0.3912 
2026-09-04 00:57:04,760 - MMSA [INFO] - VAL-(DLF) >>  acc_7: 0.4410  acc_5: 0.5502  acc_2: 0.8426  F1_score: 0.8424  Corr: 0.7720  MAE: 0.7841  Loss: 0.7781 
2026-09-04 00:57:11,345 - MMSA [INFO] - TEST-(DLF) >>  acc_7: 0.4082  acc_5: 0.4694  acc_2: 0.8171  F1_score: 0.8178  Corr: 0.7585  MAE: 0.8233  Loss: 0.8231 
2026-09-04 00:57:44,096 - MMSA [INFO] - >> Epoch: 23 TRAIN -(DLF) [1/23/1] >> total_loss: 2.1664  acc_7: 0.6464  acc_5: 0.6900  acc_2: 0.9496  F1_score: 0.9496  Corr: 0.9421  MAE: 0.3819 
2026-09-04 00:57:46,750 - MMSA [INFO] - VAL-(DLF) >>  acc_7: 0.4367  acc_5: 0.5459  acc_2: 0.8519  F1_score: 0.8519  Corr: 0.7700  MAE: 0.7846  Loss: 0.7735 
2026-09-04 00:57:53,106 - MMSA [INFO] - TEST-(DLF) >>  acc_7: 0.4169  acc_5: 0.4840  acc_2: 0.8247  F1_score: 0.8248  Corr: 0.7549  MAE: 0.8126  Loss: 0.8122 
2026-09-04 00:58:26,287 - MMSA [INFO] - >> Epoch: 24 TRAIN -(DLF) [1/24/1] >> total_loss: 2.0917  acc_7: 0.6916  acc_5: 0.7399  acc_2: 0.9578  F1_score: 0.9578  Corr: 0.9491  MAE: 0.3516 
2026-09-04 00:58:28,579 - MMSA [INFO] - VAL-(DLF) >>  acc_7: 0.3974  acc_5: 0.5109  acc_2: 0.8380  F1_score: 0.8388  Corr: 0.7684  MAE: 0.8227  Loss: 0.8021 
2026-09-04 00:58:35,016 - MMSA [INFO] - TEST-(DLF) >>  acc_7: 0.4184  acc_5: 0.4942  acc_2: 0.8369  F1_score: 0.8350  Corr: 0.7613  MAE: 0.7966  Loss: 0.7960 
2026-09-04 00:59:06,780 - MMSA [INFO] - >> Epoch: 25 TRAIN -(DLF) [2/25/1] >> total_loss: 2.143  acc_7: 0.6542  acc_5: 0.7212  acc_2: 0.9383  F1_score: 0.9384  Corr: 0.9414  MAE: 0.3962 
2026-09-04 00:59:09,011 - MMSA [INFO] - VAL-(DLF) >>  acc_7: 0.4105  acc_5: 0.5371  acc_2: 0.8426  F1_score: 0.8424  Corr: 0.7698  MAE: 0.7973  Loss: 0.7927 
2026-09-04 00:59:14,856 - MMSA [INFO] - TEST-(DLF) >>  acc_7: 0.3965  acc_5: 0.4708  acc_2: 0.8155  F1_score: 0.8164  Corr: 0.7581  MAE: 0.8387  Loss: 0.8382 
2026-09-04 00:59:45,705 - MMSA [INFO] - >> Epoch: 26 TRAIN -(DLF) [3/26/1] >> total_loss: 2.0914  acc_7: 0.6745  acc_5: 0.7298  acc_2: 0.9407  F1_score: 0.9408  Corr: 0.9488  MAE: 0.3610 
2026-09-04 00:59:48,141 - MMSA [INFO] - VAL-(DLF) >>  acc_7: 0.4236  acc_5: 0.5459  acc_2: 0.8380  F1_score: 0.8376  Corr: 0.7667  MAE: 0.8009  Loss: 0.7937 
2026-09-04 00:59:54,497 - MMSA [INFO] - TEST-(DLF) >>  acc_7: 0.4009  acc_5: 0.4781  acc_2: 0.8216  F1_score: 0.8223  Corr: 0.7619  MAE: 0.8378  Loss: 0.8376 
2026-09-04 01:00:27,446 - MMSA [INFO] - >> Epoch: 27 TRAIN -(DLF) [4/27/1] >> total_loss: 2.0405  acc_7: 0.6900  acc_5: 0.7414  acc_2: 0.9602  F1_score: 0.9602  Corr: 0.9519  MAE: 0.3424 
2026-09-04 01:00:30,004 - MMSA [INFO] - VAL-(DLF) >>  acc_7: 0.4367  acc_5: 0.5459  acc_2: 0.8380  F1_score: 0.8383  Corr: 0.7720  MAE: 0.7747  Loss: 0.7689 
2026-09-04 01:00:35,941 - MMSA [INFO] - TEST-(DLF) >>  acc_7: 0.4155  acc_5: 0.4810  acc_2: 0.8277  F1_score: 0.8278  Corr: 0.7630  MAE: 0.7988  Loss: 0.7982 
2026-09-04 01:01:11,136 - MMSA [INFO] - >> Epoch: 28 TRAIN -(DLF) [1/28/1] >> total_loss: 1.9994  acc_7: 0.6970  acc_5: 0.7523  acc_2: 0.9626  F1_score: 0.9627  Corr: 0.9552  MAE: 0.3236 
2026-09-04 01:01:13,680 - MMSA [INFO] - VAL-(DLF) >>  acc_7: 0.3930  acc_5: 0.5109  acc_2: 0.8519  F1_score: 0.8508  Corr: 0.7702  MAE: 0.7984  Loss: 0.7989 
2026-09-04 01:01:19,744 - MMSA [INFO] - TEST-(DLF) >>  acc_7: 0.3965  acc_5: 0.4708  acc_2: 0.8186  F1_score: 0.8196  Corr: 0.7554  MAE: 0.8595  Loss: 0.8591 
2026-09-04 01:01:51,559 - MMSA [INFO] - >> Epoch: 29 TRAIN -(DLF) [2/29/1] >> total_loss: 2.0539  acc_7: 0.6791  acc_5: 0.7368  acc_2: 0.9415  F1_score: 0.9414  Corr: 0.9497  MAE: 0.3565 
2026-09-04 01:01:53,890 - MMSA [INFO] - VAL-(DLF) >>  acc_7: 0.4279  acc_5: 0.5328  acc_2: 0.8472  F1_score: 0.8471  Corr: 0.7759  MAE: 0.7712  Loss: 0.7636 
2026-09-04 01:02:00,426 - MMSA [INFO] - TEST-(DLF) >>  acc_7: 0.4023  acc_5: 0.4665  acc_2: 0.8384  F1_score: 0.8384  Corr: 0.7625  MAE: 0.8057  Loss: 0.8053 
2026-09-04 01:02:35,197 - MMSA [INFO] - >> Epoch: 30 TRAIN -(DLF) [1/30/1] >> total_loss: 2.0046  acc_7: 0.6682  acc_5: 0.7282  acc_2: 0.9456  F1_score: 0.9454  Corr: 0.9516  MAE: 0.3495 
2026-09-04 01:02:38,977 - MMSA [INFO] - VAL-(DLF) >>  acc_7: 0.4192  acc_5: 0.5371  acc_2: 0.8519  F1_score: 0.8516  Corr: 0.7784  MAE: 0.7838  Loss: 0.7737 
2026-09-04 01:02:48,368 - MMSA [INFO] - TEST-(DLF) >>  acc_7: 0.4009  acc_5: 0.4767  acc_2: 0.8293  F1_score: 0.8296  Corr: 0.7647  MAE: 0.8220  Loss: 0.8218 
2026-09-04 01:03:22,588 - MMSA [INFO] - >> Epoch: 31 TRAIN -(DLF) [2/31/1] >> total_loss: 2.0544  acc_7: 0.6745  acc_5: 0.7368  acc_2: 0.9569  F1_score: 0.9569  Corr: 0.9513  MAE: 0.3563 
2026-09-04 01:03:25,073 - MMSA [INFO] - VAL-(DLF) >>  acc_7: 0.3843  acc_5: 0.4978  acc_2: 0.8287  F1_score: 0.8295  Corr: 0.7827  MAE: 0.7748  Loss: 0.7628 
2026-09-04 01:03:31,497 - MMSA [INFO] - TEST-(DLF) >>  acc_7: 0.4300  acc_5: 0.4927  acc_2: 0.8399  F1_score: 0.8381  Corr: 0.7751  MAE: 0.7597  Loss: 0.7591 
2026-09-04 01:04:05,013 - MMSA [INFO] - >> Epoch: 32 TRAIN -(DLF) [1/32/1] >> total_loss: 2.0046  acc_7: 0.6838  acc_5: 0.7375  acc_2: 0.9643  F1_score: 0.9643  Corr: 0.9528  MAE: 0.3431 
2026-09-04 01:04:07,677 - MMSA [INFO] - VAL-(DLF) >>  acc_7: 0.3974  acc_5: 0.5240  acc_2: 0.8565  F1_score: 0.8564  Corr: 0.7844  MAE: 0.7900  Loss: 0.7772 
2026-09-04 01:04:13,990 - MMSA [INFO] - TEST-(DLF) >>  acc_7: 0.4198  acc_5: 0.5102  acc_2: 0.8338  F1_score: 0.8335  Corr: 0.7758  MAE: 0.7962  Loss: 0.7960 
2026-09-04 01:04:49,921 - MMSA [INFO] - >> Epoch: 33 TRAIN -(DLF) [2/33/1] >> total_loss: 1.9753  acc_7: 0.7072  acc_5: 0.7718  acc_2: 0.9545  F1_score: 0.9545  Corr: 0.9570  MAE: 0.3232 
2026-09-04 01:04:53,366 - MMSA [INFO] - VAL-(DLF) >>  acc_7: 0.4279  acc_5: 0.5284  acc_2: 0.8472  F1_score: 0.8463  Corr: 0.7832  MAE: 0.7725  Loss: 0.7736 
2026-09-04 01:05:01,958 - MMSA [INFO] - TEST-(DLF) >>  acc_7: 0.4067  acc_5: 0.4781  acc_2: 0.8216  F1_score: 0.8226  Corr: 0.7643  MAE: 0.8292  Loss: 0.8289 
2026-09-04 01:05:40,389 - MMSA [INFO] - >> Epoch: 34 TRAIN -(DLF) [3/34/1] >> total_loss: 1.9406  acc_7: 0.7048  acc_5: 0.7609  acc_2: 0.9594  F1_score: 0.9594  Corr: 0.9595  MAE: 0.3179 
2026-09-04 01:05:43,664 - MMSA [INFO] - VAL-(DLF) >>  acc_7: 0.4148  acc_5: 0.5197  acc_2: 0.8519  F1_score: 0.8520  Corr: 0.7786  MAE: 0.7969  Loss: 0.7862 
2026-09-04 01:05:50,810 - MMSA [INFO] - TEST-(DLF) >>  acc_7: 0.4052  acc_5: 0.4883  acc_2: 0.8338  F1_score: 0.8339  Corr: 0.7624  MAE: 0.8236  Loss: 0.8234 
2026-09-04 01:06:28,517 - MMSA [INFO] - >> Epoch: 35 TRAIN -(DLF) [4/35/1] >> total_loss: 1.9609  acc_7: 0.6869  acc_5: 0.7570  acc_2: 0.9586  F1_score: 0.9586  Corr: 0.9568  MAE: 0.3350 
2026-09-04 01:06:32,014 - MMSA [INFO] - VAL-(DLF) >>  acc_7: 0.4061  acc_5: 0.5240  acc_2: 0.8426  F1_score: 0.8424  Corr: 0.7706  MAE: 0.7822  Loss: 0.7793 
2026-09-04 01:06:41,321 - MMSA [INFO] - TEST-(DLF) >>  acc_7: 0.4082  acc_5: 0.4810  acc_2: 0.8034  F1_score: 0.8043  Corr: 0.7332  MAE: 0.8544  Loss: 0.8542 
2026-09-04 01:07:16,825 - MMSA [INFO] - >> Epoch: 36 TRAIN -(DLF) [5/36/1] >> total_loss: 1.9472  acc_7: 0.6963  acc_5: 0.7617  acc_2: 0.9586  F1_score: 0.9586  Corr: 0.9578  MAE: 0.3224 
2026-09-04 01:07:19,343 - MMSA [INFO] - VAL-(DLF) >>  acc_7: 0.4017  acc_5: 0.5109  acc_2: 0.8472  F1_score: 0.8475  Corr: 0.7751  MAE: 0.7737  Loss: 0.7675 
2026-09-04 01:07:26,649 - MMSA [INFO] - TEST-(DLF) >>  acc_7: 0.4213  acc_5: 0.4956  acc_2: 0.8354  F1_score: 0.8351  Corr: 0.7563  MAE: 0.7934  Loss: 0.7928 
2026-09-04 01:08:00,352 - MMSA [INFO] - >> Epoch: 37 TRAIN -(DLF) [6/37/1] >> total_loss: 1.9086  acc_7: 0.6978  acc_5: 0.7484  acc_2: 0.9578  F1_score: 0.9577  Corr: 0.9622  MAE: 0.3140 
2026-09-04 01:08:02,713 - MMSA [INFO] - VAL-(DLF) >>  acc_7: 0.4148  acc_5: 0.5459  acc_2: 0.8426  F1_score: 0.8426  Corr: 0.7801  MAE: 0.7820  Loss: 0.7711 
2026-09-04 01:08:09,526 - MMSA [INFO] - TEST-(DLF) >>  acc_7: 0.4271  acc_5: 0.5058  acc_2: 0.8308  F1_score: 0.8309  Corr: 0.7708  MAE: 0.7932  Loss: 0.7929 
2026-09-04 01:08:42,213 - MMSA [INFO] - >> Epoch: 38 TRAIN -(DLF) [7/38/1] >> total_loss: 1.9081  acc_7: 0.6861  acc_5: 0.7484  acc_2: 0.9659  F1_score: 0.9658  Corr: 0.9608  MAE: 0.3195 
2026-09-04 01:08:44,920 - MMSA [INFO] - VAL-(DLF) >>  acc_7: 0.4279  acc_5: 0.5415  acc_2: 0.8565  F1_score: 0.8559  Corr: 0.7828  MAE: 0.7597  Loss: 0.7558 
2026-09-04 01:08:52,119 - MMSA [INFO] - TEST-(DLF) >>  acc_7: 0.4227  acc_5: 0.4985  acc_2: 0.8247  F1_score: 0.8254  Corr: 0.7731  MAE: 0.7883  Loss: 0.7880 
2026-09-04 01:09:26,839 - MMSA [INFO] - >> Epoch: 39 TRAIN -(DLF) [1/39/1] >> total_loss: 1.8495  acc_7: 0.7095  acc_5: 0.7632  acc_2: 0.9724  F1_score: 0.9723  Corr: 0.9639  MAE: 0.2940 
2026-09-04 01:09:29,368 - MMSA [INFO] - VAL-(DLF) >>  acc_7: 0.4148  acc_5: 0.5240  acc_2: 0.8333  F1_score: 0.8333  Corr: 0.7831  MAE: 0.7612  Loss: 0.7550 
2026-09-04 01:09:36,401 - MMSA [INFO] - TEST-(DLF) >>  acc_7: 0.4242  acc_5: 0.4971  acc_2: 0.8293  F1_score: 0.8296  Corr: 0.7741  MAE: 0.7768  Loss: 0.7764 
2026-09-04 01:10:10,877 - MMSA [INFO] - >> Epoch: 40 TRAIN -(DLF) [1/40/1] >> total_loss: 1.8409  acc_7: 0.7220  acc_5: 0.7757  acc_2: 0.9708  F1_score: 0.9707  Corr: 0.9672  MAE: 0.2835 
2026-09-04 01:10:13,130 - MMSA [INFO] - VAL-(DLF) >>  acc_7: 0.4105  acc_5: 0.5153  acc_2: 0.8333  F1_score: 0.8333  Corr: 0.7817  MAE: 0.7618  Loss: 0.7573 
2026-09-04 01:10:19,791 - MMSA [INFO] - TEST-(DLF) >>  acc_7: 0.4125  acc_5: 0.4854  acc_2: 0.8247  F1_score: 0.8253  Corr: 0.7692  MAE: 0.7910  Loss: 0.7906 
2026-09-04 01:10:51,971 - MMSA [INFO] - >> Epoch: 41 TRAIN -(DLF) [2/41/1] >> total_loss: 1.8344  acc_7: 0.7360  acc_5: 0.7936  acc_2: 0.9659  F1_score: 0.9659  Corr: 0.9659  MAE: 0.2873 
2026-09-04 01:10:54,676 - MMSA [INFO] - VAL-(DLF) >>  acc_7: 0.4148  acc_5: 0.5284  acc_2: 0.8380  F1_score: 0.8381  Corr: 0.7805  MAE: 0.7740  Loss: 0.7652 
2026-09-04 01:11:02,201 - MMSA [INFO] - TEST-(DLF) >>  acc_7: 0.4125  acc_5: 0.4898  acc_2: 0.8354  F1_score: 0.8353  Corr: 0.7689  MAE: 0.7915  Loss: 0.7911 
2026-09-04 01:11:34,854 - MMSA [INFO] - >> Epoch: 42 TRAIN -(DLF) [3/42/1] >> total_loss: 1.8359  acc_7: 0.7212  acc_5: 0.7866  acc_2: 0.9683  F1_score: 0.9683  Corr: 0.9648  MAE: 0.2935 
2026-09-04 01:11:37,692 - MMSA [INFO] - VAL-(DLF) >>  acc_7: 0.3930  acc_5: 0.5022  acc_2: 0.8333  F1_score: 0.8336  Corr: 0.7824  MAE: 0.7622  Loss: 0.7560 
2026-09-04 01:11:44,422 - MMSA [INFO] - TEST-(DLF) >>  acc_7: 0.4329  acc_5: 0.5029  acc_2: 0.8369  F1_score: 0.8368  Corr: 0.7662  MAE: 0.7846  Loss: 0.7841 
2026-09-04 01:12:17,822 - MMSA [INFO] - >> Epoch: 43 TRAIN -(DLF) [4/43/1] >> total_loss: 1.8244  acc_7: 0.7422  acc_5: 0.7936  acc_2: 0.9683  F1_score: 0.9683  Corr: 0.9664  MAE: 0.2880 
2026-09-04 01:12:20,669 - MMSA [INFO] - VAL-(DLF) >>  acc_7: 0.4279  acc_5: 0.5371  acc_2: 0.8380  F1_score: 0.8378  Corr: 0.7850  MAE: 0.7626  Loss: 0.7546 
2026-09-04 01:12:28,536 - MMSA [INFO] - TEST-(DLF) >>  acc_7: 0.4242  acc_5: 0.4985  acc_2: 0.8308  F1_score: 0.8310  Corr: 0.7652  MAE: 0.7939  Loss: 0.7935 
2026-09-04 01:13:02,928 - MMSA [INFO] - >> Epoch: 44 TRAIN -(DLF) [1/44/1] >> total_loss: 1.8189  acc_7: 0.7126  acc_5: 0.7757  acc_2: 0.9716  F1_score: 0.9716  Corr: 0.9665  MAE: 0.2836 
2026-09-04 01:13:05,744 - MMSA [INFO] - VAL-(DLF) >>  acc_7: 0.4105  acc_5: 0.5153  acc_2: 0.8426  F1_score: 0.8426  Corr: 0.7891  MAE: 0.7541  Loss: 0.7453 
2026-09-04 01:13:12,353 - MMSA [INFO] - TEST-(DLF) >>  acc_7: 0.4184  acc_5: 0.4927  acc_2: 0.8338  F1_score: 0.8340  Corr: 0.7643  MAE: 0.7894  Loss: 0.7890 
2026-09-04 01:13:46,556 - MMSA [INFO] - >> Epoch: 45 TRAIN -(DLF) [1/45/1] >> total_loss: 1.7967  acc_7: 0.7368  acc_5: 0.8006  acc_2: 0.9724  F1_score: 0.9723  Corr: 0.9681  MAE: 0.2782 
2026-09-04 01:13:49,323 - MMSA [INFO] - VAL-(DLF) >>  acc_7: 0.4148  acc_5: 0.5240  acc_2: 0.8380  F1_score: 0.8378  Corr: 0.7916  MAE: 0.7513  Loss: 0.7431 
2026-09-04 01:13:56,114 - MMSA [INFO] - TEST-(DLF) >>  acc_7: 0.4271  acc_5: 0.4985  acc_2: 0.8308  F1_score: 0.8311  Corr: 0.7651  MAE: 0.7882  Loss: 0.7877 
2026-09-04 01:14:29,364 - MMSA [INFO] - >> Epoch: 46 TRAIN -(DLF) [1/46/1] >> total_loss: 1.7867  acc_7: 0.7305  acc_5: 0.7952  acc_2: 0.9716  F1_score: 0.9716  Corr: 0.9698  MAE: 0.2693 
2026-09-04 01:14:32,115 - MMSA [INFO] - VAL-(DLF) >>  acc_7: 0.4017  acc_5: 0.5284  acc_2: 0.8380  F1_score: 0.8378  Corr: 0.7912  MAE: 0.7651  Loss: 0.7570 
2026-09-04 01:14:38,843 - MMSA [INFO] - TEST-(DLF) >>  acc_7: 0.4242  acc_5: 0.5015  acc_2: 0.8308  F1_score: 0.8312  Corr: 0.7651  MAE: 0.8056  Loss: 0.8052 
2026-09-04 01:15:11,546 - MMSA [INFO] - >> Epoch: 47 TRAIN -(DLF) [2/47/1] >> total_loss: 1.7936  acc_7: 0.7251  acc_5: 0.7967  acc_2: 0.9716  F1_score: 0.9716  Corr: 0.9701  MAE: 0.2740 
2026-09-04 01:15:14,082 - MMSA [INFO] - VAL-(DLF) >>  acc_7: 0.4192  acc_5: 0.5284  acc_2: 0.8380  F1_score: 0.8378  Corr: 0.7907  MAE: 0.7464  Loss: 0.7401 
2026-09-04 01:15:21,277 - MMSA [INFO] - TEST-(DLF) >>  acc_7: 0.4417  acc_5: 0.5087  acc_2: 0.8247  F1_score: 0.8254  Corr: 0.7599  MAE: 0.7976  Loss: 0.7970 
2026-09-04 01:15:56,144 - MMSA [INFO] - >> Epoch: 48 TRAIN -(DLF) [1/48/1] >> total_loss: 1.7916  acc_7: 0.7414  acc_5: 0.8022  acc_2: 0.9667  F1_score: 0.9666  Corr: 0.9697  MAE: 0.2774 
2026-09-04 01:15:58,969 - MMSA [INFO] - VAL-(DLF) >>  acc_7: 0.4105  acc_5: 0.5197  acc_2: 0.8380  F1_score: 0.8381  Corr: 0.7889  MAE: 0.7511  Loss: 0.7417 
2026-09-04 01:16:09,642 - MMSA [INFO] - TEST-(DLF) >>  acc_7: 0.4257  acc_5: 0.4942  acc_2: 0.8232  F1_score: 0.8237  Corr: 0.7594  MAE: 0.7970  Loss: 0.7965 
2026-09-04 01:16:48,263 - MMSA [INFO] - >> Epoch: 49 TRAIN -(DLF) [2/49/1] >> total_loss: 1.8053  acc_7: 0.7111  acc_5: 0.7804  acc_2: 0.9716  F1_score: 0.9715  Corr: 0.9682  MAE: 0.2887 
2026-09-04 01:16:51,916 - MMSA [INFO] - VAL-(DLF) >>  acc_7: 0.4061  acc_5: 0.5109  acc_2: 0.8426  F1_score: 0.8426  Corr: 0.7910  MAE: 0.7384  Loss: 0.7320 
2026-09-04 01:17:00,558 - MMSA [INFO] - TEST-(DLF) >>  acc_7: 0.4373  acc_5: 0.5044  acc_2: 0.8293  F1_score: 0.8298  Corr: 0.7607  MAE: 0.7866  Loss: 0.7860 
2026-09-04 01:17:34,657 - MMSA [INFO] - >> Epoch: 50 TRAIN -(DLF) [1/50/1] >> total_loss: 1.7874  acc_7: 0.7422  acc_5: 0.7936  acc_2: 0.9675  F1_score: 0.9675  Corr: 0.9716  MAE: 0.2690 
2026-09-04 01:17:37,729 - MMSA [INFO] - VAL-(DLF) >>  acc_7: 0.4236  acc_5: 0.5328  acc_2: 0.8519  F1_score: 0.8514  Corr: 0.7910  MAE: 0.7470  Loss: 0.7440 
2026-09-04 01:17:45,973 - MMSA [INFO] - TEST-(DLF) >>  acc_7: 0.4257  acc_5: 0.4927  acc_2: 0.8186  F1_score: 0.8194  Corr: 0.7612  MAE: 0.7990  Loss: 0.7985 
2026-09-04 01:18:20,697 - MMSA [INFO] - >> Epoch: 51 TRAIN -(DLF) [2/51/1] >> total_loss: 1.7901  acc_7: 0.7399  acc_5: 0.8045  acc_2: 0.9626  F1_score: 0.9626  Corr: 0.9709  MAE: 0.2742 
2026-09-04 01:18:23,113 - MMSA [INFO] - VAL-(DLF) >>  acc_7: 0.4367  acc_5: 0.5502  acc_2: 0.8472  F1_score: 0.8471  Corr: 0.7891  MAE: 0.7545  Loss: 0.7455 
2026-09-04 01:18:30,308 - MMSA [INFO] - TEST-(DLF) >>  acc_7: 0.4315  acc_5: 0.5015  acc_2: 0.8369  F1_score: 0.8368  Corr: 0.7691  MAE: 0.7727  Loss: 0.7720 
2026-09-04 01:19:06,308 - MMSA [INFO] - >> Epoch: 52 TRAIN -(DLF) [3/52/1] >> total_loss: 1.8026  acc_7: 0.7196  acc_5: 0.7765  acc_2: 0.9626  F1_score: 0.9627  Corr: 0.9689  MAE: 0.2804 
2026-09-04 01:19:09,215 - MMSA [INFO] - VAL-(DLF) >>  acc_7: 0.4367  acc_5: 0.5371  acc_2: 0.8519  F1_score: 0.8508  Corr: 0.7914  MAE: 0.7553  Loss: 0.7569 
2026-09-04 01:19:16,454 - MMSA [INFO] - TEST-(DLF) >>  acc_7: 0.4271  acc_5: 0.4971  acc_2: 0.8125  F1_score: 0.8136  Corr: 0.7646  MAE: 0.8151  Loss: 0.8147 
2026-09-04 01:19:49,332 - MMSA [INFO] - >> Epoch: 53 TRAIN -(DLF) [4/53/1] >> total_loss: 1.782  acc_7: 0.7212  acc_5: 0.7773  acc_2: 0.9659  F1_score: 0.9658  Corr: 0.9692  MAE: 0.2808 
2026-09-04 01:19:51,777 - MMSA [INFO] - VAL-(DLF) >>  acc_7: 0.4148  acc_5: 0.5197  acc_2: 0.8472  F1_score: 0.8471  Corr: 0.7888  MAE: 0.7650  Loss: 0.7529 
2026-09-04 01:19:58,844 - MMSA [INFO] - TEST-(DLF) >>  acc_7: 0.4329  acc_5: 0.4985  acc_2: 0.8384  F1_score: 0.8379  Corr: 0.7717  MAE: 0.7767  Loss: 0.7763 
